profile_id,location,current_title,current_company,mba_school,mba_year,mba_start_year,ms_school,ms_year,ms_start_year,phd_school,phd_year,phd_start_year,jd_school,jd_year,jd_start_year,undergrad_school,undergrad_year,undergrad_start_year,has_mbb,mbb_firms,mbb_company,mbb_firm,mbb_title,mbb_start,mbb_end,post_mbb_company,post_mbb_title,exp_1_company,exp_1_title,exp_1_all_titles,exp_1_start,exp_1_end,exp_1_is_mbb,exp_1_mbb_firm,exp_2_company,exp_2_title,exp_2_all_titles,exp_2_start,exp_2_end,exp_2_is_mbb,exp_2_mbb_firm,exp_3_company,exp_3_title,exp_3_all_titles,exp_3_start,exp_3_end,exp_3_is_mbb,exp_3_mbb_firm,exp_4_company,exp_4_title,exp_4_all_titles,exp_4_start,exp_4_end,exp_4_is_mbb,exp_4_mbb_firm,exp_5_company,exp_5_title,exp_5_all_titles,exp_5_start,exp_5_end,exp_5_is_mbb,exp_5_mbb_firm,exp_6_company,exp_6_title,exp_6_all_titles,exp_6_start,exp_6_end,exp_6_is_mbb,exp_6_mbb_firm,exp_7_company,exp_7_title,exp_7_all_titles,exp_7_start,exp_7_end,exp_7_is_mbb,exp_7_mbb_firm,exp_8_company,exp_8_title,exp_8_all_titles,exp_8_start,exp_8_end,exp_8_is_mbb,exp_8_mbb_firm,exp_9_company,exp_9_title,exp_9_all_titles,exp_9_start,exp_9_end,exp_9_is_mbb,exp_9_mbb_firm,exp_10_company,exp_10_title,exp_10_all_titles,exp_10_start,exp_10_end,exp_10_is_mbb,exp_10_mbb_firm,exp_11_company,exp_11_title,exp_11_all_titles,exp_11_start,exp_11_end,exp_11_is_mbb,exp_11_mbb_firm,exp_12_company,exp_12_title,exp_12_all_titles,exp_12_start,exp_12_end,exp_12_is_mbb,exp_12_mbb_firm,exp_13_company,exp_13_title,exp_13_all_titles,exp_13_start,exp_13_end,exp_13_is_mbb,exp_13_mbb_firm,exp_14_company,exp_14_title,exp_14_all_titles,exp_14_start,exp_14_end,exp_14_is_mbb,exp_14_mbb_firm,exp_15_company,exp_15_title,exp_15_all_titles,exp_15_start,exp_15_end,exp_15_is_mbb,exp_15_mbb_firm,exp_16_company,exp_16_title,exp_16_all_titles,exp_16_start,exp_16_end,exp_16_is_mbb,exp_16_mbb_firm,exp_17_company,exp_17_title,exp_17_all_titles,exp_17_start,exp_17_end,exp_17_is_mbb,exp_17_mbb_firm,exp_18_company,exp_18_title,exp_18_all_titles,exp_18_start,exp_18_end,exp_18_is_mbb,exp_18_mbb_firm,exp_19_company,exp_19_title,exp_19_all_titles,exp_19_start,exp_19_end,exp_19_is_mbb,exp_19_mbb_firm,exp_20_company,exp_20_title,exp_20_all_titles,exp_20_start,exp_20_end,exp_20_is_mbb,exp_20_mbb_firm,exp_21_company,exp_21_title,exp_21_all_titles,exp_21_start,exp_21_end,exp_21_is_mbb,exp_21_mbb_firm,exp_22_company,exp_22_title,exp_22_all_titles,exp_22_start,exp_22_end,exp_22_is_mbb,exp_22_mbb_firm,exp_23_company,exp_23_title,exp_23_all_titles,exp_23_start,exp_23_end,exp_23_is_mbb,exp_23_mbb_firm,exp_24_company,exp_24_title,exp_24_all_titles,exp_24_start,exp_24_end,exp_24_is_mbb,exp_24_mbb_firm,exp_25_company,exp_25_title,exp_25_all_titles,exp_25_start,exp_25_end,exp_25_is_mbb,exp_25_mbb_firm,exp_26_company,exp_26_title,exp_26_all_titles,exp_26_start,exp_26_end,exp_26_is_mbb,exp_26_mbb_firm,exp_27_company,exp_27_title,exp_27_all_titles,exp_27_start,exp_27_end,exp_27_is_mbb,exp_27_mbb_firm,exp_28_company,exp_28_title,exp_28_all_titles,exp_28_start,exp_28_end,exp_28_is_mbb,exp_28_mbb_firm,exp_29_company,exp_29_title,exp_29_all_titles,exp_29_start,exp_29_end,exp_29_is_mbb,exp_29_mbb_firm,exp_30_company,exp_30_title,exp_30_all_titles,exp_30_start,exp_30_end,exp_30_is_mbb,exp_30_mbb_firm,exp_31_company,exp_31_title,exp_31_all_titles,exp_31_start,exp_31_end,exp_31_is_mbb,exp_31_mbb_firm,exp_32_company,exp_32_title,exp_32_all_titles,exp_32_start,exp_32_end,exp_32_is_mbb,exp_32_mbb_firm
person-0001,Oakland,Financial Analyst | UC Berkeley Alumnus,Laconia,,,,,,,,,,,,,,2025.0,2025.0,1,"Bain, McKinsey",Bain & Company,Bain,Freshman Leadership Accelerator,Apr 2022,Jul 2022,J.P. Morgan,Freshman Focus,Laconia,Venture Fellow,Venture Fellow,Feb 2025,Present,0,,Berkeley Business Society,Berkeley Business Society,"Project Manager; Diversity, Equity and Inclusion Chair; Consultant; Consultant",Jan 2022,Present,0.0,,SEO (Sponsors for Educational Opportunity),SEO Edge Participant,SEO Edge Participant,Nov 2022,Present,0.0,,Connex,"Co-Founder, CFO, Product Manager","Co-Founder, CFO, Product Manager",Jun 2022,Present,0.0,,Haas Undergraduate Black Business Association (HUBBA),Senior Member,Senior Member,Aug 2021,Present,0.0,,J.P. Morgan,Corporate & Investment Bank Summer Analyst,Corporate & Investment Bank Summer Analyst,Apr 2023,Present,0.0,,UNIQLO,Project Manager,Project Manager,Sep 2023,Jun 2024,0.0,,Bain & Company,BEL Program,BEL Program,May 2023,Jun 2023,1.0,Bain,McKinsey & Company,LAUNCH Program,LAUNCH Program,May 2023,Jun 2023,1.0,McKinsey,Lamborghini Bologna,Strategy Consultant,Strategy Consultant,Jun 2022,Jan 2023,0.0,,Goldman Sachs,Goldman Sachs,Emerging Leaders Series; Virtual Insight Series,Apr 2022,Jan 2023,0.0,,J.P. Morgan,Sophomore Spotlight,Sophomore Spotlight,Oct 2022,Nov 2022,0.0,,J.P. Morgan,Freshman Focus,Freshman Focus,Jan 2022,Aug 2022,0.0,,Bain & Company,Freshman Leadership Accelerator,Freshman Leadership Accelerator,Apr 2022,Jul 2022,1.0,Bain,Arc'teryx Equipment,Strategy Consultant,Strategy Consultant,Jan 2022,Jun 2022,0.0,,ASUC Student Union,ASUC,ASUC,Jan 2022,Apr 2022,0.0,,Pebble,Marketing Intern,Marketing Intern,Aug 2021,Nov 2021,0.0,,Jewish Community Center,Teaching Intern,Teaching Intern,Jun 2017,May 2020,0.0,,,,,,,,,,,,,,,,,,,,,,,,,,,,,,,,,,,,,,,,,,,,,,,,,,,,,,,,,,,,,,,,,,,,,,,,,,,,,,,,,,,,,,,,,,,,,,,,,,,
person-0002,Dallas,Managing Director at Riveron,Riveron,The University of Texas at Austin - Red McCombs School of Business,2010.0,2008.0,,,,,,,,,,,2003.0,1999.0,1,BCG,The Boston Consulting Group,BCG,"Plus Project Team Member, Luxury Department Store Global Expansion",Aug 2008,Dec 2008,American Airlines,"Analyst, IT Finance",Riveron,Riveron,Managing Director; Director; Senior Manager; Manager,Apr 2014,Present,0,,American Airlines,American Airlines,"Manager, Strategic Alliances; Sr. Analyst, Corporate Planning; Analyst, IT Finance",Jun 2010,Apr 2014,0.0,,Waste Management,Pricing Intern,Pricing Intern,Apr 2009,Aug 2009,0.0,,The Boston Consulting Group,"Plus Project Team Member, Luxury Department Store Global Expansion","Plus Project Team Member, Luxury Department Store Global Expansion",Aug 2008,Dec 2008,1.0,BCG,Mary Kay Inc.,E-Commerce Developer,E-Commerce Developer,Jun 2003,Aug 2008,0.0,,,,,,,,,,,,,,,,,,,,,,,,,,,,,,,,,,,,,,,,,,,,,,,,,,,,,,,,,,,,,,,,,,,,,,,,,,,,,,,,,,,,,,,,,,,,,,,,,,,,,,,,,,,,,,,,,,,,,,,,,,,,,,,,,,,,,,,,,,,,,,,,,,,,,,,,,,,,,,,,,,,,,,,,,,,,,,,,,,,,,,,,,,,,,,
person-0003,,"Partner, Digital Strategy at McKinsey & Company",KOAA-TV,,,,Cornell University,,,,,,,,,,,,1,McKinsey,McKinsey & Company,McKinsey,McKinsey & Company,Mar 2012,Present,KOAA-TV,Digital Transformation Senior Consultant,KOAA-TV,Digital Transformation Senior Consultant,Digital Transformation Senior Consultant,Apr 2018,Present,0,,McKinsey & Company,McKinsey & Company,"Partner, Digital Strategy; Senior Project Manager; Engagement Manager; Associate",Mar 2012,Present,1.0,McKinsey,Accenture,Senior Business Analyst,Senior Business Analyst,Mar 2007,May 2012,0.0,,,,,,,,,,,,,,,,,,,,,,,,,,,,,,,,,,,,,,,,,,,,,,,,,,,,,,,,,,,,,,,,,,,,,,,,,,,,,,,,,,,,,,,,,,,,,,,,,,,,,,,,,,,,,,,,,,,,,,,,,,,,,,,,,,,,,,,,,,,,,,,,,,,,,,,,,,,,,,,,,,,,,,,,,,,,,,,,,,,,,,,,,,,,,,,,,,,,,,,,,,,,
person-0004,,"Vice President, Lead Systems Analyst Wellington Management",Wellington Management,,,,,,,,,,,,,Yale University,1988.0,1984.0,1,McKinsey,McKinsey & Company,McKinsey,Business Analyst,1988,1989,American National Bank & Trust,Vice President,Wellington Management,Wellington Management,"Vice President, Lead Systems Analyst; Vice President, Fund Business Management",Jul 2013,Present,0,,Wellington Management,"Vice President, Relationship Manager","Vice President, Relationship Manager",May 1994,May 2000,0.0,,American National Bank & Trust,Vice President,Vice President,1989,1993,0.0,,McKinsey & Company,Business Analyst,Business Analyst,1988,1989,1.0,McKinsey,,,,,,,,,,,,,,,,,,,,,,,,,,,,,,,,,,,,,,,,,,,,,,,,,,,,,,,,,,,,,,,,,,,,,,,,,,,,,,,,,,,,,,,,,,,,,,,,,,,,,,,,,,,,,,,,,,,,,,,,,,,,,,,,,,,,,,,,,,,,,,,,,,,,,,,,,,,,,,,,,,,,,,,,,,,,,,,,,,,,,,,,,,,,,,,,,,,,
person-0005,Atlanta,CEO at Blueprint Income,Blueprint Income,Harvard Business School,2015.0,2013.0,,,,,,,,,,,2009.0,2004.0,1,McKinsey,McKinsey & Company,McKinsey,Business Analyst,Mar 2010,Jun 2012,AVLA,Corporate Development Manager,Blueprint Income,CEO at Blueprint Income,CEO at Blueprint Income,Jan 2021,Present,0,,MassMutual,Corporate Strategy Lead,Corporate Strategy Lead,Jul 2018,Jan 2021,0.0,,McKinsey & Company,McKinsey & Company,Engagement Manager; Associate,Aug 2015,Jul 2018,1.0,McKinsey,Henkel,MBA Summer Intern - Global Strategy Group,MBA Summer Intern - Global Strategy Group,Jun 2014,Aug 2014,0.0,,AVLA,Corporate Development Manager,Corporate Development Manager,May 2012,Jun 2013,0.0,,McKinsey & Company,Business Analyst,Business Analyst,Mar 2010,Jun 2012,1.0,McKinsey,,,,,,,,,,,,,,,,,,,,,,,,,,,,,,,,,,,,,,,,,,,,,,,,,,,,,,,,,,,,,,,,,,,,,,,,,,,,,,,,,,,,,,,,,,,,,,,,,,,,,,,,,,,,,,,,,,,,,,,,,,,,,,,,,,,,,,,,,,,,,,,,,,,,,,,,,,,,,,,,,,,,,,,,,,,,,,,,,,,,,,
person-0006,Brooklyn,"Senior Manager, New Verticals at DoorDash",DoorDash,,,,,,,,,,,,,University of Notre Dame,2017.0,2013.0,1,McKinsey,McKinsey & Company,McKinsey,McKinsey & Company,Aug 2017,Aug 2020,DoorDash,"Associate, New Verticals",DoorDash,"Senior Manager, New Verticals","Senior Manager, New Verticals",Jan 2025,Present,0,,Wolt,Wolt,"Country Lead, Selection Strategy & Expansion, Germany; Selection Strategy Lead, Germany",Oct 2022,Jan 2025,0.0,,DoorDash,DoorDash,"Manager, New Verticals; Senior Associate, New Verticals; Associate, New Verticals",Aug 2020,Oct 2022,0.0,,McKinsey & Company,McKinsey & Company,Senior Business Analyst; Business Analyst,Aug 2017,Aug 2020,1.0,McKinsey,University of Notre Dame,Student,Student,Aug 2013,May 2017,0.0,,Goldman Sachs,Investment Banking Summer Analyst,Investment Banking Summer Analyst,Jun 2016,Aug 2016,0.0,,US Trade Representative,"Intern in the Executive Office of the President, United States Trade Representative","Intern in the Executive Office of the President, United States Trade Representative",May 2015,Jul 2015,0.0,,Chairman's Office of the Export-Import Bank of the United States,Intern,Intern,Jan 2015,Apr 2015,0.0,,United States Senator Robert Menendez,Intern,Intern,May 2014,Aug 2014,0.0,,,,,,,,,,,,,,,,,,,,,,,,,,,,,,,,,,,,,,,,,,,,,,,,,,,,,,,,,,,,,,,,,,,,,,,,,,,,,,,,,,,,,,,,,,,,,,,,,,,,,,,,,,,,,,,,,,,,,,,,,,,,,,,,,,,,,,,,,,,,,,,,,,,,,,,,,,,,,,,,,,
person-0007,Gwynn,Strategic Advisor and Private Investor,Self-employed,Yale University - Yale School of Management,1979.0,1977.0,,,,,,,,,,,1971.0,1967.0,1,McKinsey,McKinsey & Company,McKinsey,Senior Engagement Manager,1979,1985,Marriott Corporation,"Vice President, Corporate Planning & Business Development",Self-employed,Strategic Advisor and Private Investor,Strategic Advisor and Private Investor,Dec 2016,Present,0,,Fight For Children,President & CEO,President & CEO,2006,Dec 2016,0.0,,Discovery Communications,Discovery Communications,"Senior Executive; President, Discovery Consumer Products; President & COO, Discovery.com; President, Discovery Enterprises Worldwide",Apr 1996,Mar 2004,0.0,,National Geographic Society,National Geographic Society,"Senior Vice President; Vice President, Marketing",1990,1996,0.0,,Marriott Corporation,"Vice President, Corporate Planning & Business Development","Vice President, Corporate Planning & Business Development",1986,1988,0.0,,McKinsey & Company,Senior Engagement Manager,Senior Engagement Manager,1979,1985,1.0,McKinsey,Federal Energy Administration,"Program Analyst, Strategic Petroleum Reserve Office & Research Analyst, Office of Oil & Gas","Program Analyst, Strategic Petroleum Reserve Office & Research Analyst, Office of Oil & Gas",1974,1977,0.0,,Department of Social Services,Child Welfare Worker,Child Welfare Worker,1971,1973,0.0,,,,,,,,,,,,,,,,,,,,,,,,,,,,,,,,,,,,,,,,,,,,,,,,,,,,,,,,,,,,,,,,,,,,,,,,,,,,,,,,,,,,,,,,,,,,,,,,,,,,,,,,,,,,,,,,,,,,,,,,,,,,,,,,,,,,,,,,,,,,,,,,,,,,,,,,,,,,,,,,,,,,,,,,,
person-0008,,Export Consultant at Google,Google,,,,,,,,,,,,,CLL Centres de Langues,2009.0,2008.0,1,Bain,Bain & Company,Bain,Associate Consultant,Apr 2009,Jun 2010,Google,Account Manager,Google,Google,Export Consultant; Export Consultant; Training lead at Global Expansion Team; Account Manager,Jul 2010,Present,0,,Bain & Company,Associate Consultant,Associate Consultant,Apr 2009,Jun 2010,1.0,Bain,,,,,,,,,,,,,,,,,,,,,,,,,,,,,,,,,,,,,,,,,,,,,,,,,,,,,,,,,,,,,,,,,,,,,,,,,,,,,,,,,,,,,,,,,,,,,,,,,,,,,,,,,,,,,,,,,,,,,,,,,,,,,,,,,,,,,,,,,,,,,,,,,,,,,,,,,,,,,,,,,,,,,,,,,,,,,,,,,,,,,,,,,,,,,,,,,,,,,,,,,,,,,,,,,,
person-0009,New York,Project Leader @ BCG | Digital Growth | Strategy & Operations | Value Creation,RVGT,,,,,,,,,,,,,Wake Forest University,,,1,BCG,BCG X,BCG,Lead Growth Architect,Nov 2021,Present,Boston Consulting Group (BCG),"Consultant, Digital Growth",Boston Consulting Group (BCG),Boston Consulting Group (BCG),"Project Leader, Digital Growth; Consultant, Digital Growth",Nov 2021,Present,1,BCG,BCG X,Lead Growth Architect,Lead Growth Architect,Nov 2021,Present,1.0,BCG,Kepler,"Associate Director, Optimization & Innovation","Associate Director, Optimization & Innovation",Mar 2018,Nov 2021,0.0,,KeyBanc Capital Markets,Equity Research Associate,Equity Research Associate,Aug 2016,Feb 2018,0.0,,KeyBanc Capital Markets,Equity Research Intern,Equity Research Intern,May 2015,Aug 2015,0.0,,Gladstone Capital Management LLP,Summer Analyst,Summer Analyst,Jun 2014,Jul 2014,0.0,,"Paragon Advisors, LLC",Summer Intern,Summer Intern,May 2012,Aug 2013,0.0,,,,,,,,,,,,,,,,,,,,,,,,,,,,,,,,,,,,,,,,,,,,,,,,,,,,,,,,,,,,,,,,,,,,,,,,,,,,,,,,,,,,,,,,,,,,,,,,,,,,,,,,,,,,,,,,,,,,,,,,,,,,,,,,,,,,,,,,,,,,,,,,,,,,,,,,,,,,,,,,,,,,,,,,,,,,,,,,
person-0010,,Professional Development at ghSMART,ghSMART,,,,,,,,,,,,,The George Washington University,2007.0,2005.0,1,McKinsey,McKinsey & Company,McKinsey,Professional Development: NA Experience Manager,Jan 2022,Oct 2025,ghSMART,"Director, Professional Development",ghSMART,"Director, Professional Development","Director, Professional Development",Oct 2025,Present,0,,McKinsey & Company,Professional Development: NA Experience Manager,Professional Development: NA Experience Manager,Jan 2022,Oct 2025,1.0,McKinsey,ghSMART,ghSMART,EA Professional Development Manager; Staff Support Specialist,Jan 2019,Jan 2022,0.0,,Fairfax County Public Schools,School Counselor,School Counselor,Aug 2007,Jan 2019,0.0,,Curry College,Admissions Counselor,Admissions Counselor,Sep 2003,Jul 2005,0.0,,,,,,,,,,,,,,,,,,,,,,,,,,,,,,,,,,,,,,,,,,,,,,,,,,,,,,,,,,,,,,,,,,,,,,,,,,,,,,,,,,,,,,,,,,,,,,,,,,,,,,,,,,,,,,,,,,,,,,,,,,,,,,,,,,,,,,,,,,,,,,,,,,,,,,,,,,,,,,,,,,,,,,,,,,,,,,,,,,,,,,,,,,,,,,
person-0011,,Global Strategic Initiatives | LinkedIn,LinkedIn,,,,,,,,,,,,,Universidad Metropolitana (VE),2018.0,2012.0,1,McKinsey,McKinsey & Company,McKinsey,McKinsey & Company,Feb 2022,Feb 2025,LinkedIn,Senior Associate | Global Strategic Initiatives,LinkedIn,Senior Associate | Global Strategic Initiatives,Senior Associate | Global Strategic Initiatives,Feb 2025,Present,0,,McKinsey & Company,McKinsey & Company,Sr. Business Management Consultant; Business Management Consultant,Feb 2022,Feb 2025,1.0,McKinsey,PedidosYa,PedidosYa,Partnerships Executive; Account Executive,Feb 2021,Jan 2022,0.0,,Nestlé,Jr. Consumer Marketing Manager,Jr. Consumer Marketing Manager,Oct 2018,Feb 2021,0.0,,Un Mundo Sin Mordaza,International Project Lead,International Project Lead,Jan 2018,Oct 2018,0.0,,,,,,,,,,,,,,,,,,,,,,,,,,,,,,,,,,,,,,,,,,,,,,,,,,,,,,,,,,,,,,,,,,,,,,,,,,,,,,,,,,,,,,,,,,,,,,,,,,,,,,,,,,,,,,,,,,,,,,,,,,,,,,,,,,,,,,,,,,,,,,,,,,,,,,,,,,,,,,,,,,,,,,,,,,,,,,,,,,,,,,,,,,,,,,
person-0012,,Founding Partner at Lemont Partners | Former McKinsey EM,Lemont Partners,Northwestern University - Kellogg School of Management,,,,,,,,,,,,University of Michigan - Stephen M. Ross School of Business,,,1,McKinsey,McKinsey & Company,McKinsey,McKinsey & Company,2017,2024,Lemont Partners,Founding Partner,Lemont Partners,Founding Partner,Founding Partner,2025,Present,0,,McKinsey & Company,McKinsey & Company,Engagement Manager; Senior Associate; Senior Business Analyst,2017,2024,1.0,McKinsey,Lincoln International,Investment Banking Summer Analyst,Investment Banking Summer Analyst,2016,2016,0.0,,NAI Farbman,Investment Brokerage Intern,Investment Brokerage Intern,2015,2015,0.0,,,,,,,,,,,,,,,,,,,,,,,,,,,,,,,,,,,,,,,,,,,,,,,,,,,,,,,,,,,,,,,,,,,,,,,,,,,,,,,,,,,,,,,,,,,,,,,,,,,,,,,,,,,,,,,,,,,,,,,,,,,,,,,,,,,,,,,,,,,,,,,,,,,,,,,,,,,,,,,,,,,,,,,,,,,,,,,,,,,,,,,,,,,,,,,,,,,,,
person-0013,New York,Columbia University 26' | Head of Alumni Division at London Strategic Consulting | Business Analytics and Cross-Cultural Leadership,Memori,,,,,,,,,,,,,Columbia University,2026.0,2024.0,1,McKinsey,McKinsey & Company,McKinsey,Project Assistant,Sep 2023,Oct 2023,London Strategic Consulting (LSC),Engagement Manager,Memori,Data Analyst,Data Analyst,May 2025,Present,0,,Deloitte,Business Analyst Intern,Business Analyst Intern,Jun 2025,Sep 2025,0.0,,Memori,Marketing Consultant,Marketing Consultant,Sep 2024,Dec 2024,0.0,,London Strategic Consulting (LSC),London Strategic Consulting (LSC),Head of Alumni; Engagement Manager,Jun 2022,Jan 2024,0.0,,"China Securities Co., Ltd.",Project Intern,Project Intern,Oct 2023,Nov 2023,0.0,,McKinsey & Company,Project Assistant,Project Assistant,Sep 2023,Oct 2023,1.0,McKinsey,Dreamworks Investment Management,Summer Intern Lead,Summer Intern Lead,Jun 2023,Sep 2023,0.0,,Jianhui Charity Foundation,CEO Assistant,CEO Assistant,Jun 2022,Aug 2022,0.0,,,,,,,,,,,,,,,,,,,,,,,,,,,,,,,,,,,,,,,,,,,,,,,,,,,,,,,,,,,,,,,,,,,,,,,,,,,,,,,,,,,,,,,,,,,,,,,,,,,,,,,,,,,,,,,,,,,,,,,,,,,,,,,,,,,,,,,,,,,,,,,,,,,,,,,,,,,,,,,,,,,,,,,,,
person-0014,,Independent Investor,Independent,,,,,,,,,,,,,Yale University,2009.0,2005.0,1,Bain,Bain & Company,Bain,Bain & Company,Jan 2010,Aug 2012,"Flexpoint Ford, LLC",Associate,Independent,Analyst,Analyst,Feb 2018,Present,0,,"Matrix Capital Management Company, L.P.",Associate,Associate,Aug 2015,Jan 2018,0.0,,"Flexpoint Ford, LLC",Associate,Associate,Aug 2012,May 2015,0.0,,Bain & Company,Bain & Company,Sr Associate Consultant; Associate Consultant,Jan 2010,Aug 2012,1.0,Bain,,,,,,,,,,,,,,,,,,,,,,,,,,,,,,,,,,,,,,,,,,,,,,,,,,,,,,,,,,,,,,,,,,,,,,,,,,,,,,,,,,,,,,,,,,,,,,,,,,,,,,,,,,,,,,,,,,,,,,,,,,,,,,,,,,,,,,,,,,,,,,,,,,,,,,,,,,,,,,,,,,,,,,,,,,,,,,,,,,,,,,,,,,,,,,,,,,,,
person-0015,Greenville,Executive Advisory | Strategic Operations | Relationship Management,Heidrick & Struggles,,,,,,,,,,,,,St. Petersburg College,2027.0,2027.0,1,McKinsey,McKinsey & Company,McKinsey,Operations Associate,2021,Jan 2024,Heidrick & Struggles,"Project Administrator, Legal, Risk, Compliance, & Governance,",Heidrick & Struggles,Heidrick & Struggles,"Project Manager, Global; Project Manager, Regional; Project Administrator, Legal, Risk, Compliance, & Governance,",Jan 2024,Present,0,,McKinsey & Company,Operations Associate,Operations Associate,2021,Jan 2024,1.0,McKinsey,EMPOWERED TO CHANGE INC,"Chief of Staff to VP, Program Manager","Chief of Staff to VP, Program Manager",2020,2021,0.0,,Young Living Essential Oils,Business Development Manager,Business Development Manager,2014,2019,0.0,,"Rustic Steel Creations, Inc.",Operations Manager,Operations Manager,2016,2017,0.0,,ALL VALLEY ANIMAL CARE CENTER,Administrative Assistant,Administrative Assistant,2015,2016,0.0,,"Rachel Allen, LLC",Owner / Photographer,Owner / Photographer,2011,2015,0.0,,,,,,,,,,,,,,,,,,,,,,,,,,,,,,,,,,,,,,,,,,,,,,,,,,,,,,,,,,,,,,,,,,,,,,,,,,,,,,,,,,,,,,,,,,,,,,,,,,,,,,,,,,,,,,,,,,,,,,,,,,,,,,,,,,,,,,,,,,,,,,,,,,,,,,,,,,,,,,,,,,,,,,,,,,,,,,,,
person-0016,New York,Retired Partner at Debevoise & Plimpton,Debevoise & Plimpton,,,,,,,,,,,,,Harvard Law School,1976.0,1972.0,1,BCG,The Boston Consulting Group,BCG,Consultant,Sep 1976,Aug 1978,Debevoise & Plimpton,Associate,Debevoise & Plimpton,Debevoise & Plimpton,Retired Partner; Partner; Associate,Aug 1978,Present,0,,The Boston Consulting Group,Consultant,Consultant,Sep 1976,Aug 1978,1.0,BCG,Deloitte & Touche,Audit Intern,Audit Intern,Jun 1974,Aug 1974,0.0,,,,,,,,,,,,,,,,,,,,,,,,,,,,,,,,,,,,,,,,,,,,,,,,,,,,,,,,,,,,,,,,,,,,,,,,,,,,,,,,,,,,,,,,,,,,,,,,,,,,,,,,,,,,,,,,,,,,,,,,,,,,,,,,,,,,,,,,,,,,,,,,,,,,,,,,,,,,,,,,,,,,,,,,,,,,,,,,,,,,,,,,,,,,,,,,,,,,,,,,,,,,
person-0017,Chicago,Consultant at Bain & Co.,Pattern Energy Group,The University of Chicago Booth School of Business,2025.0,2023.0,,,,,,,,,,,2017.0,2017.0,1,Bain,Bain & Company,Bain,Bain & Company,Sep 2018,Aug 2021,Ruggable,"Special Projects Manager, Supply Chain",Pattern Energy Group,Green Fuels Intern,Green Fuels Intern,Jun 2024,Aug 2024,0,,Evergreen Climate Innovations,MBA Intern,MBA Intern,Mar 2024,Jun 2024,0.0,,Ruggable,Ruggable,"Senior Manager, Operations; Special Projects Manager, Supply Chain",Aug 2021,Sep 2023,0.0,,Bain & Company,Bain & Company,Senior Associate Consultant; Associate Consultant,Sep 2018,Aug 2021,1.0,Bain,Civic Consulting Alliance,Consulting Fellow,Consulting Fellow,Jun 2020,Jan 2021,0.0,,Bain & Company,Associate Consultant Intern,Associate Consultant Intern,Jun 2017,Aug 2017,1.0,Bain,,,,,,,,,,,,,,,,,,,,,,,,,,,,,,,,,,,,,,,,,,,,,,,,,,,,,,,,,,,,,,,,,,,,,,,,,,,,,,,,,,,,,,,,,,,,,,,,,,,,,,,,,,,,,,,,,,,,,,,,,,,,,,,,,,,,,,,,,,,,,,,,,,,,,,,,,,,,,,,,,,,,,,,,,,,,,,,,,,,,,,
person-0018,Seattle,Staff Scientist at Fred Hutch,Fred Hutch,,,,,,,,,,,,,University of Washington,2020.0,2015.0,1,Bain,Bain & Company,Bain,Market Research Assistant,Jul 2012,Aug 2012,"comScore, Inc.",Statistical Analyst,Fred Hutch,Fred Hutch,Associate Director; Staff Scientist; Research Assistant/Postdoctoral Research Fellow; Research Assistant,Sep 2017,Present,0,,"Institute for Disease Modeling, Intellectual Ventures",Vaccine Delivery Analyst Intern,Vaccine Delivery Analyst Intern,Jun 2018,Sep 2018,0.0,,University of Washington,University of Washington,Statistical Consultant; Research Assistant,Sep 2015,Dec 2017,0.0,,"comScore, Inc.",Statistical Analyst,Statistical Analyst,Jul 2014,Jun 2015,0.0,,Washington Environmental Council,People for Puget Sound Intern,People for Puget Sound Intern,Jun 2013,Aug 2013,0.0,,Duke University,Duke University,Research Fellow; Research Assistant,Jan 2013,Jun 2013,0.0,,Bain & Company,Market Research Assistant,Market Research Assistant,Jul 2012,Aug 2012,1.0,Bain,,,,,,,,,,,,,,,,,,,,,,,,,,,,,,,,,,,,,,,,,,,,,,,,,,,,,,,,,,,,,,,,,,,,,,,,,,,,,,,,,,,,,,,,,,,,,,,,,,,,,,,,,,,,,,,,,,,,,,,,,,,,,,,,,,,,,,,,,,,,,,,,,,,,,,,,,,,,,,,,,,,,,,,,,,,,,,,
person-0019,,Consultant at Advancy Shanghai,Advancy,,,,,,,,,,,,,Tufts University,2019.0,2017.0,1,McKinsey,McKinsey & Company,McKinsey,Part Time Assistant,Sep 2018,Dec 2018,Advancy,Junior Consultant,Advancy,Advancy,Senior Consultant; Consultant; Junior Consultant,Feb 2020,Present,0,,EY-Parthenon,Part Time Intern,Part Time Intern,Mar 2019,Oct 2019,0.0,,McKinsey & Company,Part Time Assistant,Part Time Assistant,Sep 2018,Dec 2018,1.0,McKinsey,Accenture,Summer Business Analyst,Summer Business Analyst,Jun 2018,Aug 2018,0.0,,,,,,,,,,,,,,,,,,,,,,,,,,,,,,,,,,,,,,,,,,,,,,,,,,,,,,,,,,,,,,,,,,,,,,,,,,,,,,,,,,,,,,,,,,,,,,,,,,,,,,,,,,,,,,,,,,,,,,,,,,,,,,,,,,,,,,,,,,,,,,,,,,,,,,,,,,,,,,,,,,,,,,,,,,,,,,,,,,,,,,,,,,,,,,,,,,,,,
person-0020,Columbus,CAP Associate @ JPMorganChase | Ohio State MBA ’24,JPMorganChase,The Ohio State University Fisher College of Business,2024.0,2022.0,,,,,,,,,,,2024.0,2023.0,1,McKinsey,McKinsey & Company,McKinsey,Bilingual Receptionist,Mar 2004,Dec 2005,Associação Alumni,Teacher of English as a Foreign Language,JPMorganChase,"Senior Associate, Chase Associate Program (CAP)","Senior Associate, Chase Associate Program (CAP)",Jul 2024,Present,0,,The Ohio State University Fisher College of Business,MBA Candidate,MBA Candidate,Aug 2022,May 2024,0.0,,JPMorgan Chase & Co.,"Summer Associate, Chase Associate Program (CAP)","Summer Associate, Chase Associate Program (CAP)",Jun 2023,Aug 2023,0.0,,Princeton University,Princeton University,Senior HR Communications and Multimedia Specialist; Social and Multimedia Specialist,Oct 2016,Mar 2021,0.0,,Eastern Michigan University,Senior Multimedia Designer,Senior Multimedia Designer,Feb 2015,Nov 2015,0.0,,The University of Michigan Institute for Social Research (ISR),The University of Michigan Institute for Social Research (ISR),"Multimedia Designer; Communications Lead, University of Michigan Visit to Brazil",Sep 2012,Jan 2015,0.0,,The University of Texas at Austin's School of Journalism,Multimedia Journalism Teaching Assistant,Multimedia Journalism Teaching Assistant,Sep 2009,May 2010,0.0,,Austin Monthly Magazine,Editorial Intern,Editorial Intern,May 2009,Sep 2009,0.0,,Knight Center for Journalism in the Americas,"Portuguese Editor, Blogger, and Translator","Portuguese Editor, Blogger, and Translator",Jul 2008,Sep 2009,0.0,,Associação Alumni,Teacher of English as a Foreign Language,Teacher of English as a Foreign Language,Jan 2008,Jul 2008,0.0,,The University of Texas Libraries,Student Assistant,Student Assistant,Feb 2006,Dec 2006,0.0,,McKinsey & Company,Bilingual Receptionist,Bilingual Receptionist,Mar 2004,Dec 2005,1.0,McKinsey,,,,,,,,,,,,,,,,,,,,,,,,,,,,,,,,,,,,,,,,,,,,,,,,,,,,,,,,,,,,,,,,,,,,,,,,,,,,,,,,,,,,,,,,,,,,,,,,,,,,,,,,,,,,,,,,,,,,,,,,,,,,,,,,,,,,,,,,,,,,
person-0021,,Lab Application Scientist,Complete Genomics,,,,,,,,,,,,,University of Minnesota,2019.0,2016.0,1,BCG,Boston Consulting Group (BCG),BCG,Project Support,Aug 2019,Dec 2019,Wonder (AskWonder.com),Research Analyst,Complete Genomics,Lab Application Scientist,Lab Application Scientist,May 2024,Present,0,,Pillar Biosciences Incorporated,Pillar Biosciences Incorporated,Senior Research Associate; Research Associate,Aug 2020,Mar 2024,0.0,,Wonder (AskWonder.com),Research Analyst,Research Analyst,Feb 2020,Aug 2021,0.0,,Boston Consulting Group (BCG),Project Support,Project Support,Aug 2019,Dec 2019,1.0,BCG,University of Minnesota College of Biological Sciences,Undergraduate Researcher,Undergraduate Researcher,Oct 2016,Aug 2019,0.0,,College of Liberal Arts at the University of Minnesota (Twin Cities),Writing Consultant,Writing Consultant,Sep 2017,May 2019,0.0,,,,,,,,,,,,,,,,,,,,,,,,,,,,,,,,,,,,,,,,,,,,,,,,,,,,,,,,,,,,,,,,,,,,,,,,,,,,,,,,,,,,,,,,,,,,,,,,,,,,,,,,,,,,,,,,,,,,,,,,,,,,,,,,,,,,,,,,,,,,,,,,,,,,,,,,,,,,,,,,,,,,,,,,,,,,,,,,,,,,,,,
person-0022,,Lead Business Analyst at Amtrak,Amtrak,,,,,,,,,,,,,,,,1,BCG,Boston Consulting Group,BCG,Knowledge Analyst,May 2021,Aug 2022,Amtrak,Senior Business Analyst,Amtrak,Amtrak,Lead Business Analyst; Senior Business Analyst,Aug 2022,Present,0,,Boston Consulting Group,Knowledge Analyst,Knowledge Analyst,May 2021,Aug 2022,1.0,BCG,"NBCUniversal Media, LLC",East Coast Page,East Coast Page,Feb 2020,Apr 2021,0.0,,,,,,,,,,,,,,,,,,,,,,,,,,,,,,,,,,,,,,,,,,,,,,,,,,,,,,,,,,,,,,,,,,,,,,,,,,,,,,,,,,,,,,,,,,,,,,,,,,,,,,,,,,,,,,,,,,,,,,,,,,,,,,,,,,,,,,,,,,,,,,,,,,,,,,,,,,,,,,,,,,,,,,,,,,,,,,,,,,,,,,,,,,,,,,,,,,,,,,,,,,,,
person-0023,Boulder,Chief Operating Partner at Graham Partners,Graham Partners,Harvard Business School,2010.0,2008.0,,,,,,,,,,,2005.0,2001.0,1,BCG,Boston Consulting Group (BCG),BCG,Boston Consulting Group (BCG),Aug 2010,Oct 2025,Graham Partners,Chief Operating Partner,Graham Partners,Chief Operating Partner,Chief Operating Partner,Oct 2025,Present,0,,Boston Consulting Group (BCG),Boston Consulting Group (BCG),Managing Director and Senior Partner; Managing Director & Partner; Principal; Project Leader; Consultant,Aug 2010,Oct 2025,1.0,BCG,Boston Consulting Group (BCG),Summer Consultant,Summer Consultant,Jun 2009,Aug 2009,1.0,BCG,Celanese,Engineer,Engineer,Jun 2005,Jun 2008,0.0,,,,,,,,,,,,,,,,,,,,,,,,,,,,,,,,,,,,,,,,,,,,,,,,,,,,,,,,,,,,,,,,,,,,,,,,,,,,,,,,,,,,,,,,,,,,,,,,,,,,,,,,,,,,,,,,,,,,,,,,,,,,,,,,,,,,,,,,,,,,,,,,,,,,,,,,,,,,,,,,,,,,,,,,,,,,,,,,,,,,,,,,,,,,,,,,,,,,,
person-0024,Los Angeles,Chair of Korea Practice at O’Melveny,O'Melveny & Myers LLP,Harvard Business School,1986.0,1983.0,,,,,,,,,,,1981.0,1977.0,1,McKinsey,McKinsey & Company,McKinsey,Analyst,1982,1983,O'Melveny & Myers LLP,Associate,O'Melveny & Myers LLP,O'Melveny & Myers LLP,Chair of Korea Practice and Partner; Corporate Finance Partner; Counsel; Associate,1986,Present,0,,McKinsey & Company,Analyst,Analyst,1982,1983,1.0,McKinsey,,,,,,,,,,,,,,,,,,,,,,,,,,,,,,,,,,,,,,,,,,,,,,,,,,,,,,,,,,,,,,,,,,,,,,,,,,,,,,,,,,,,,,,,,,,,,,,,,,,,,,,,,,,,,,,,,,,,,,,,,,,,,,,,,,,,,,,,,,,,,,,,,,,,,,,,,,,,,,,,,,,,,,,,,,,,,,,,,,,,,,,,,,,,,,,,,,,,,,,,,,,,,,,,,,
person-0025,Los Angeles,"Head of US Commercial Insights, Analytics & Operations @ Kite",Kite Pharma,Columbia University - Columbia Business School,2015.0,2013.0,,,,,,,,,,,2010.0,2006.0,1,McKinsey,McKinsey & Company,McKinsey,Business Analyst,Sep 2010,Jun 2013,McKinsey & Company,Associate,Kite Pharma,Kite Pharma,"Head of US Commercial Insights, Analytics & Operations; Executive Director, Head of Global Insights & Analytics; Sr Director, Corporate Strategy; Director, Transformation Management",Jul 2020,Present,0,,McKinsey & Company,McKinsey & Company,Engagement Manager; Associate,Jul 2015,May 2020,1.0,McKinsey,Amazon,Sr. Product Manager Intern,Sr. Product Manager Intern,May 2014,Aug 2014,0.0,,McKinsey & Company,Business Analyst,Business Analyst,Sep 2010,Jun 2013,1.0,McKinsey,Ekol Logistics,Project Team Member,Project Team Member,Sep 2009,May 2010,0.0,,Akdan Consultancy,Analyst Intern,Analyst Intern,Jun 2009,Aug 2009,0.0,,Renault,Intern,Intern,Jun 2008,Jul 2008,0.0,,,,,,,,,,,,,,,,,,,,,,,,,,,,,,,,,,,,,,,,,,,,,,,,,,,,,,,,,,,,,,,,,,,,,,,,,,,,,,,,,,,,,,,,,,,,,,,,,,,,,,,,,,,,,,,,,,,,,,,,,,,,,,,,,,,,,,,,,,,,,,,,,,,,,,,,,,,,,,,,,,,,,,,,,,,,,,,,
person-0026,,Driving Business Growth & Operational Excellence | Senior Manager at Accenture,Accenture,Emory University - Goizueta Business School,2013.0,2011.0,,,,,,,,,,Santa Clara University,2009.0,2005.0,1,McKinsey,McKinsey & Company,McKinsey,Business Analyst,Mar 2014,Aug 2015,Accenture,Analyst,Accenture,Accenture,Senior Manager; Manager; Senior Associate; Associate; Analyst,Aug 2015,Present,0,,McKinsey & Company,Business Analyst,Business Analyst,Mar 2014,Aug 2015,1.0,McKinsey,McKinsey & Company,Business Analysis Intern,Business Analysis Intern,2009,2010,1.0,McKinsey,,,,,,,,,,,,,,,,,,,,,,,,,,,,,,,,,,,,,,,,,,,,,,,,,,,,,,,,,,,,,,,,,,,,,,,,,,,,,,,,,,,,,,,,,,,,,,,,,,,,,,,,,,,,,,,,,,,,,,,,,,,,,,,,,,,,,,,,,,,,,,,,,,,,,,,,,,,,,,,,,,,,,,,,,,,,,,,,,,,,,,,,,,,,,,,,,,,,,,,,,,,
person-0027,New York,"Technology, AI, and Growth Strategy at JPMorganChase | Ex-McKinsey",JPMorgan Chase & Co.,,,,,,,,,,,,,The London School of Economics and Political Science (LSE),2017.0,2016.0,1,McKinsey,McKinsey & Company,McKinsey,Engagement Manager,May 2022,Jun 2024,JPMorgan Chase & Co.,"Vice President, Consumer Banking Strategy (CCB)",JPMorgan Chase & Co.,"Vice President, Consumer Banking Strategy (CCB)","Vice President, Consumer Banking Strategy (CCB)",Jun 2024,Present,0,,McKinsey & Company,Engagement Manager,Engagement Manager,May 2022,Jun 2024,1.0,McKinsey,Innosight,Innosight,Engagement Manager; Senior Associate,Sep 2017,May 2022,0.0,,Simon-Kucher & Partners,Internship,Internship,Feb 2016,Apr 2016,0.0,,"Strategy&, part of the PwC network (formerly Booz & Company)",Internship,Internship,Jan 2015,Mar 2015,0.0,,KPMG,Intern - Group Audit,Intern - Group Audit,Jan 2013,Mar 2013,0.0,,,,,,,,,,,,,,,,,,,,,,,,,,,,,,,,,,,,,,,,,,,,,,,,,,,,,,,,,,,,,,,,,,,,,,,,,,,,,,,,,,,,,,,,,,,,,,,,,,,,,,,,,,,,,,,,,,,,,,,,,,,,,,,,,,,,,,,,,,,,,,,,,,,,,,,,,,,,,,,,,,,,,,,,,,,,,,,,,,,,,,,
person-0028,Jersey City,Senior Manager at US Consulting Novo Nordisk,Novo Nordisk,Columbia Business School,2024.0,2022.0,,,,,,,,,,,2011.0,1996.0,1,Bain,Bain & Company,Bain,Bain & Company,Sep 2018,Aug 2022,Novo Nordisk,Internal Consultant @ US Operations Consulting,Novo Nordisk,Novo Nordisk,Senior Manager @ US Operations Consulting; Manager @ US Operations Consulting; Internal Consultant @ US Operations Consulting,Oct 2023,Present,0,,Bayer,Strategy and Business Consulting MBA Summer Associate,Strategy and Business Consulting MBA Summer Associate,Jun 2023,Aug 2023,0.0,,Bain & Company,Bain & Company,Consultant; Senior Associate Consultant; Associate Consultant,Sep 2018,Aug 2022,1.0,Bain,Oval Consultoría,Oval Consultoría,Consultor de Negocio; Estudiante en prácticas,Jul 2016,Aug 2018,0.0,,Universidad de los Andes,Asistente de profesor,Asistente de profesor,Jan 2014,Jun 2016,0.0,,Stiftung Louisenlund,Asistente de profesor,Asistente de profesor,Jun 2011,Dec 2011,0.0,,,,,,,,,,,,,,,,,,,,,,,,,,,,,,,,,,,,,,,,,,,,,,,,,,,,,,,,,,,,,,,,,,,,,,,,,,,,,,,,,,,,,,,,,,,,,,,,,,,,,,,,,,,,,,,,,,,,,,,,,,,,,,,,,,,,,,,,,,,,,,,,,,,,,,,,,,,,,,,,,,,,,,,,,,,,,,,,,,,,,,,
person-0029,,Sr. Credit Analyst,TriNet,,,,,,,,,,,,,Georgia Southern University,2013.0,2009.0,1,McKinsey,McKinsey & Company,McKinsey,Accountant,Mar 2021,Jul 2021,TriNet,Credit Analyst,TriNet,TriNet,Senior Credit Analyst; Credit Analyst,Aug 2021,Present,0,,McKinsey & Company,Accountant,Accountant,Mar 2021,Jul 2021,1.0,McKinsey,Gerdau North America,Credit Analyst,Credit Analyst,Apr 2018,Nov 2020,0.0,,PwC,Audit Specialist,Audit Specialist,Nov 2017,Feb 2018,0.0,,Southwest Georgia Farm Credit,Credit Analyst,Credit Analyst,Mar 2016,Oct 2017,0.0,,Savannah Technical College,Financial Aid Specialist,Financial Aid Specialist,Aug 2015,Mar 2016,0.0,,Andrew College,Financial Aid Specialist,Financial Aid Specialist,Jul 2014,Aug 2015,0.0,,,,,,,,,,,,,,,,,,,,,,,,,,,,,,,,,,,,,,,,,,,,,,,,,,,,,,,,,,,,,,,,,,,,,,,,,,,,,,,,,,,,,,,,,,,,,,,,,,,,,,,,,,,,,,,,,,,,,,,,,,,,,,,,,,,,,,,,,,,,,,,,,,,,,,,,,,,,,,,,,,,,,,,,,,,,,,,,
person-0030,Washington,China Policy at U.S. State Department | Presidential Management Fellow,U.S. Department of State,,,,,,,,,,,,,Harvard Kennedy School,2021.0,2019.0,1,BCG,The Boston Consulting Group (BCG),BCG,The Boston Consulting Group (BCG),Aug 2016,Jun 2019,BCG Center for Digital Government,Consultant,U.S. Department of State,Presidential Management Fellow / Partnerships Officer,Presidential Management Fellow / Partnerships Officer,Oct 2024,Apr 2025,0,,Boston Consulting Group (BCG),Boston Consulting Group (BCG),Project Leader; Consultant,Sep 2022,Oct 2024,1.0,BCG,Office of Management and Budget,Summer Intern,Summer Intern,Jun 2021,Aug 2021,0.0,,U.S. Department of State,Political-Military Affairs Intern,Political-Military Affairs Intern,Jan 2021,Apr 2021,0.0,,State of Connecticut - Office of the Governor,Policy Associate & Senior Advisor,Policy Associate & Senior Advisor,May 2020,Apr 2021,0.0,,United States House Committee on Foreign Affairs,Foreign Affairs Policy Intern,Foreign Affairs Policy Intern,Sep 2020,Dec 2020,0.0,,City of Tucson,Transition Term Fellow,Transition Term Fellow,Jan 2020,Jan 2020,0.0,,BCG Center for Digital Government,Consultant,Consultant,Mar 2019,Jun 2019,1.0,BCG,The Boston Consulting Group (BCG),The Boston Consulting Group (BCG),Consultant; Associate,Aug 2016,Jun 2019,1.0,BCG,SmartAsset,PR/Marketing Intern,PR/Marketing Intern,May 2015,Aug 2015,0.0,,Care.com,Business Development Intern,Business Development Intern,May 2014,Aug 2014,0.0,,Amazon,Brand Ambassador,Brand Ambassador,Aug 2013,Oct 2013,0.0,,Abrams Capital,Research Analyst,Research Analyst,May 2013,Aug 2013,0.0,,Bat Yam Sailing Camp,Camp Counselor,Camp Counselor,Jun 2012,Aug 2012,0.0,,Chill Corp.,Cashier/Server,Cashier/Server,Mar 2011,Aug 2012,0.0,,Beth Israel Deaconess Medical Center,Intern/Volunteer,Intern/Volunteer,Mar 2012,Jun 2012,0.0,,Beaver Summer Programs,Camp Counselor,Camp Counselor,Jun 2011,Aug 2011,0.0,,,,,,,,,,,,,,,,,,,,,,,,,,,,,,,,,,,,,,,,,,,,,,,,,,,,,,,,,,,,,,,,,,,,,,,,,,,,,,,,,,,,,,,,,,,,,,,,,,,,,,,,,,
person-0031,Alpharetta,Strategic Talent Acquisition Leadership | Former Deloitte and BCG,Gallagher Bassett,,,,,,,,,,,,,Georgia State University,,,1,BCG,Boston Consulting Group (BCG),BCG,"Senior Manager, Talent Management",Sep 2023,Jan 2025,Gallagher Bassett,Director Talent Acquisition- US and AUS,Gallagher Bassett,Director Talent Acquisition- US and AUS,Director Talent Acquisition- US and AUS,Jan 2025,Present,0,,Boston Consulting Group (BCG),"Senior Manager, Talent Management","Senior Manager, Talent Management",Sep 2023,Jan 2025,1.0,BCG,Deloitte Consulting,Consulting Manager- Human Capital/Workforce Strategies,Consulting Manager- Human Capital/Workforce Strategies,Nov 2021,Aug 2023,0.0,,Neenah,"Senior Manager, Global Talent Acquisition","Senior Manager, Global Talent Acquisition",Oct 2020,Nov 2021,0.0,,Deloitte Consulting,Deloitte Consulting,Recruiting Manager; Senior Lead Recruiter,Jan 2016,Oct 2020,0.0,,Newell Rubbermaid,Newell Rubbermaid,Employee Engagement Manager; Talent Acquisition Manager; Talent Acquisition Lead,Aug 2010,Jan 2016,0.0,,Carmax Finance,Recruiter,Recruiter,Aug 2008,Jul 2010,0.0,,YKK AP,Employment Specialist,Employment Specialist,Sep 2007,Aug 2008,0.0,,IST Management,Recruiter,Recruiter,Sep 2003,Sep 2007,0.0,,,,,,,,,,,,,,,,,,,,,,,,,,,,,,,,,,,,,,,,,,,,,,,,,,,,,,,,,,,,,,,,,,,,,,,,,,,,,,,,,,,,,,,,,,,,,,,,,,,,,,,,,,,,,,,,,,,,,,,,,,,,,,,,,,,,,,,,,,,,,,,,,,,,,,,,,,,,,,,,,,
person-0032,Berkeley,Insightful Dot-Connector. Aha-Moment Facilitator. Relentless Puzzle-Solver.,Tenth House Consulting (Innovation + Inclusion),,,,,,,,,,,,,Boston College,2002.0,1998.0,1,BCG,The Boston Consulting Group,BCG,The Boston Consulting Group,Sep 2006,Jan 2010,IDEO,"Director, Talent",Tenth House Consulting (Innovation + Inclusion),"Principal, Organizational Design Consultant","Principal, Organizational Design Consultant",2021,Present,0,,Pneumatic Stuido,Design Director,Design Director,2021,Present,0.0,,Pop! On Leadership,Podcast Creator and Co-Host,Podcast Creator and Co-Host,2022,2023,0.0,,Team Level Partners,Learning Facilitator,Learning Facilitator,2021,2023,0.0,,IDEO,IDEO,"Director, Creative Capability Building; Director, Talent",Aug 2016,Mar 2021,0.0,,"University of California, Berkeley, Haas School of Business","University of California, Berkeley, Haas School of Business","Executive Education, Director of Program Development; MBA Career Services, Employer Relations Manager and Student Advisor",Jun 2011,Nov 2016,0.0,,The Boston Consulting Group,The Boston Consulting Group,Recruiting Manager; Recruiting Associate,Sep 2006,Jan 2010,1.0,BCG,Hollister Staffing,Technology Recruiter,Technology Recruiter,2005,2006,0.0,,CitiStaffing,Recruiter,Recruiter,2002,2004,0.0,,Bliss,Marketing And Publicity Intern,Marketing And Publicity Intern,2002,2002,0.0,,,,,,,,,,,,,,,,,,,,,,,,,,,,,,,,,,,,,,,,,,,,,,,,,,,,,,,,,,,,,,,,,,,,,,,,,,,,,,,,,,,,,,,,,,,,,,,,,,,,,,,,,,,,,,,,,,,,,,,,,,,,,,,,,,,,,,,,,,,,,,,,,,,,,,,,,,,
person-0033,New York,"Director, Client Strategy @ ShopMy | Stanford MBA | Ex-Goldman Sachs | Ex-BCG",Google,Stanford University Graduate School of Business,2023.0,2021.0,,,,,,,,,,,2012.0,2001.0,1,BCG,Boston Consulting Group (BCG),BCG,Consultant,Sep 2023,Nov 2024,ShopMy,"Director, Client Strategy",ShopMy,"Director, Client Strategy","Director, Client Strategy",Dec 2024,Present,0,,Boston Consulting Group (BCG),Consultant,Consultant,Sep 2023,Nov 2024,1.0,BCG,NFX,NFX Venture Fellow @ GSB,NFX Venture Fellow @ GSB,Nov 2021,Jun 2023,0.0,,Boston Consulting Group (BCG),Summer Consultant,Summer Consultant,Jun 2022,Aug 2022,1.0,BCG,FARFETCH,FARFETCH,Senior E-Commerce Strategy Associate; E-Commerce Strategy Associate,Mar 2019,Aug 2021,0.0,,Eleven Bexley,Co-Founder,Co-Founder,Jul 2017,Aug 2021,0.0,,Goldman Sachs,Financial Analyst,Financial Analyst,Jun 2016,Mar 2019,0.0,,Stanford Women in Business,Co-President,Co-President,Sep 2013,Jun 2016,0.0,,,,,,,,,,,,,,,,,,,,,,,,,,,,,,,,,,,,,,,,,,,,,,,,,,,,,,,,,,,,,,,,,,,,,,,,,,,,,,,,,,,,,,,,,,,,,,,,,,,,,,,,,,,,,,,,,,,,,,,,,,,,,,,,,,,,,,,,,,,,,,,,,,,,,,,,,,,,,,,,,,,,,,,,,
person-0034,Janesville,Associate at AEA Investors,AEA Investors,,,,,,,,,,,,,University of Notre Dame,2022.0,2018.0,1,Bain,Bain & Company,Bain,Bain & Company,Jul 2022,Jun 2025,AEA Investors,Associate,AEA Investors,Associate,Associate,Aug 2025,Present,0,,Bain & Company,Bain & Company,Senior Associate Consultant; Associate Consultant,Jul 2022,Jun 2025,1.0,Bain,Student International Business Council (SIBC),Consulting Co-Director,Consulting Co-Director,Nov 2020,Nov 2021,0.0,,San Diego Padres,Seasonal Assistant - Business Strategy & Analytics,Seasonal Assistant - Business Strategy & Analytics,May 2021,Aug 2021,0.0,,Wilson Sheehan Lab for Economic Opportunities at Notre Dame,Research Associate,Research Associate,May 2020,May 2021,0.0,,United States Senate,Congressional Intern for Senator Mitt Romney (R-UT),Congressional Intern for Senator Mitt Romney (R-UT),Jun 2019,Aug 2019,0.0,,American Enterprise Institute,Summer Honors Program Participant,Summer Honors Program Participant,Jul 2019,Jul 2019,0.0,,Stack's Bowers Galleries,Intern,Intern,Aug 2014,Aug 2018,0.0,,,,,,,,,,,,,,,,,,,,,,,,,,,,,,,,,,,,,,,,,,,,,,,,,,,,,,,,,,,,,,,,,,,,,,,,,,,,,,,,,,,,,,,,,,,,,,,,,,,,,,,,,,,,,,,,,,,,,,,,,,,,,,,,,,,,,,,,,,,,,,,,,,,,,,,,,,,,,,,,,,,,,,,,,
person-0035,,Biosciences and Business Finance Student at Rice University | Harvard SVMP ‘25,Rice Consulting,,,,,,,,,,,,,Rice University,2026.0,2022.0,1,"BCG, McKinsey",Boston Consulting Group (BCG),BCG,Advance Participant,Apr 2024,Apr 2024,FTI Consulting,Impact Participant,Rice Consulting,Rice Consulting,President; External Vice President; Team Lead; Analyst,Jan 2024,Present,0,,Rice University,Rice University,Head Peer Academic Advisor; Rice Student Success Initiatives New Student Advisor; Peer Academic Advisor,Feb 2023,Present,0.0,,Private Employment,Chinese (Mandarin) Language Tutor,Chinese (Mandarin) Language Tutor,Sep 2023,Present,0.0,,Akashi,Bartender/Server,Bartender/Server,Jun 2022,Present,0.0,,FTI Consulting,Corporate Finance - M&A Advisory Consulting Intern,Corporate Finance - M&A Advisory Consulting Intern,May 2025,Aug 2025,0.0,,180 Degrees Consulting,180 Degrees Consulting,Team Lead; Consultant,Jan 2024,May 2025,0.0,,Thomas Scientific,Sales & Marketing - Baylor College of Medicine,Sales & Marketing - Baylor College of Medicine,Jun 2024,Sep 2024,0.0,,Tigbourne Capital Ltd,Associate Vice President - Oil & Gas Private Equity,Associate Vice President - Oil & Gas Private Equity,May 2024,Aug 2024,0.0,,Rice Women in Business,Secretary,Secretary,Apr 2023,Aug 2024,0.0,,McKinsey & Company,Ignite Participant,Ignite Participant,May 2024,May 2024,1.0,McKinsey,FTI Consulting,Impact Participant,Impact Participant,May 2024,May 2024,0.0,,Boston Consulting Group (BCG),Advance Participant,Advance Participant,Apr 2024,Apr 2024,1.0,BCG,Accenture,Externship Participant,Externship Participant,Jan 2023,Jan 2023,0.0,,,,,,,,,,,,,,,,,,,,,,,,,,,,,,,,,,,,,,,,,,,,,,,,,,,,,,,,,,,,,,,,,,,,,,,,,,,,,,,,,,,,,,,,,,,,,,,,,,,,,,,,,,,,,,,,,,,,,,,,,,,,,,,,,,,,,,
person-0036,New York,"MPA ’27, Columbia SIPA | Behavioral Science • Climate & Energy Policy • Gender",Columbia Energy Association,,,,,,,,,,,,,Columbia University,2027.0,2025.0,1,BCG,Boston Consulting Group (BCG),BCG,Learning and Development Coordinator,Apr 2021,Oct 2021,Busara,Project Consultant,Columbia Energy Association,Women in Energy,Women in Energy,Oct 2025,Present,0,,Busara,Busara,Senior Associate; Associate; Senior Analyst; Project Consultant,Jun 2021,Sep 2025,0.0,,Boston Consulting Group (BCG),Learning and Development Coordinator,Learning and Development Coordinator,Apr 2021,Oct 2021,1.0,BCG,,,,,,,,,,,,,,,,,,,,,,,,,,,,,,,,,,,,,,,,,,,,,,,,,,,,,,,,,,,,,,,,,,,,,,,,,,,,,,,,,,,,,,,,,,,,,,,,,,,,,,,,,,,,,,,,,,,,,,,,,,,,,,,,,,,,,,,,,,,,,,,,,,,,,,,,,,,,,,,,,,,,,,,,,,,,,,,,,,,,,,,,,,,,,,,,,,,,,,,,,,,
person-0037,Boston,Postdoc at Martinos | MRI | Sequence Programming | Image Recon | Glymphatic | CNNs,The MGH/HST Martinos Center for Biomedical Imaging,,,,,,,,,,,,,University of Illinois at Urbana-Champaign,2023.0,2018.0,1,BCG,Boston Consulting Group (BCG),BCG,“Bridge to BCG” Consulting Experience Participant,Mar 2022,Apr 2022,Illinois Business Consulting,Consultant,The MGH/HST Martinos Center for Biomedical Imaging,Postdoctoral Research Fellow,Postdoctoral Research Fellow,Jan 2025,Present,0,,University of Illinois at Urbana-Champaign,University of Illinois at Urbana-Champaign,Graduate Research Assistant; Graduate Teaching Assistant; Graduate Teaching Assistant; Graduate Research Assistant; Graduate Teaching Assistant,Sep 2018,Dec 2024,0.0,,Illinois Business Consulting,Illinois Business Consulting,Senior Consultant; Consultant,Jan 2023,Dec 2023,0.0,,"Shanghai Sharewin (Shengyu) Equity Investment Fund Management Co., Ltd.",Investment Analyst - Advanced Degree Intern,Investment Analyst - Advanced Degree Intern,Jun 2022,Aug 2022,0.0,,Boston Consulting Group (BCG),“Bridge to BCG” Consulting Experience Participant,“Bridge to BCG” Consulting Experience Participant,Mar 2022,Apr 2022,1.0,BCG,University of Michigan College of Engineering,University of Michigan College of Engineering,Graduate Research Assistant; Undergraduate Research Assistant; Undergraduate Research Assistant,May 2016,May 2018,0.0,,"Technical Consulting & Research, Inc.",Technical Consultant,Technical Consultant,Jan 2015,May 2015,0.0,,Nanjing University,Research Assistant,Research Assistant,Jan 2013,Aug 2013,0.0,,,,,,,,,,,,,,,,,,,,,,,,,,,,,,,,,,,,,,,,,,,,,,,,,,,,,,,,,,,,,,,,,,,,,,,,,,,,,,,,,,,,,,,,,,,,,,,,,,,,,,,,,,,,,,,,,,,,,,,,,,,,,,,,,,,,,,,,,,,,,,,,,,,,,,,,,,,,,,,,,,,,,,,,,
person-0038,Minneapolis,"Director - Strategy & Analytics, Care Delivery @ CVS Health",CVS Health,Northwestern University - Kellogg School of Management,2019.0,2017.0,,,,,,,,,,,2012.0,2012.0,1,McKinsey,McKinsey & Company,McKinsey,Associate,2019,2021,McKinsey & Company,Engagement Manager,CVS Health,"Director - Strategy & Analytics, Care Delivery","Director - Strategy & Analytics, Care Delivery",2024,Present,0,,McKinsey & Company,Engagement Manager,Engagement Manager,2022,2024,1.0,McKinsey,McKinsey & Company,Associate,Associate,2019,2021,1.0,McKinsey,AbbVie,AbbVie,Operations Plant Leader; Senior Supervisor - API; Operations Supervisor; Internal Consultant - Business Excellence; Capital Projects R&D Engineer,2013,2019,0.0,,Abbott,R&D Engineer,R&D Engineer,2012,2012,0.0,,,,,,,,,,,,,,,,,,,,,,,,,,,,,,,,,,,,,,,,,,,,,,,,,,,,,,,,,,,,,,,,,,,,,,,,,,,,,,,,,,,,,,,,,,,,,,,,,,,,,,,,,,,,,,,,,,,,,,,,,,,,,,,,,,,,,,,,,,,,,,,,,,,,,,,,,,,,,,,,,,,,,,,,,,,,,,,,,,,,,,,,,,,,,,
person-0039,Evanston,Impact-Oriented Senior Executive | Strategic Education Leader Ensuring Post-Secondary Access & Success | Experienced Fundraiser | Leader of High-Performing Teams,OneGoal,Harvard Business School,1999.0,1999.0,,,,,,,,,,,1993.0,1993.0,1,BCG,Boston Consulting Group (BCG),BCG,Associate,1993,1996,Boston Consulting Group (BCG),"Consultant, Project Leader",OneGoal,Chief Strategy Officer,Chief Strategy Officer,Mar 2025,Present,0,,Independent contractor,Consultant,Consultant,Jul 2024,Mar 2025,0.0,,KIPP Foundation,Executive | Chief-Level Leader,Executive | Chief-Level Leader,Oct 2008,Jul 2024,0.0,,Boston Consulting Group (BCG),Boston Consulting Group (BCG),"Partner and Managing Director; Principal; Consultant, Project Leader",1999,2008,1.0,BCG,Boston Consulting Group (BCG),Associate,Associate,1993,1996,1.0,BCG,,,,,,,,,,,,,,,,,,,,,,,,,,,,,,,,,,,,,,,,,,,,,,,,,,,,,,,,,,,,,,,,,,,,,,,,,,,,,,,,,,,,,,,,,,,,,,,,,,,,,,,,,,,,,,,,,,,,,,,,,,,,,,,,,,,,,,,,,,,,,,,,,,,,,,,,,,,,,,,,,,,,,,,,,,,,,,,,,,,,,,,,,,,,,
person-0040,,"Product @ Tubi | prev @ Bain, Smartsheet, Scale AI",Tubi,,,,,,,,,,,,,,2019.0,2019.0,1,Bain,Bain & Company,Bain,Product Manager,Jul 2024,Jan 2025,IDEA: Northeastern University's Venture Accelerator,Alumni Venture Advisor,Tubi,Product Manager,Product Manager,Aug 2025,Present,0,,Root,Root,Advisor; AI Engineer (Consultant),May 2025,Present,0.0,,PeakMind,Founder,Founder,Jan 2024,Present,0.0,,IDEA: Northeastern University's Venture Accelerator,Alumni Venture Advisor,Alumni Venture Advisor,Jan 2023,Present,0.0,,Bain & Company,Product Manager,Product Manager,Jul 2024,Jan 2025,1.0,Bain,Smartsheet,Product Manager,Product Manager,Apr 2024,Jul 2024,0.0,,Scale AI,AI Strategy Consultant,AI Strategy Consultant,Jan 2024,Apr 2024,0.0,,Slim.AI,Growth Product Manager,Growth Product Manager,2023,2024,0.0,,Mutual of Omaha,Software Engineer,Software Engineer,2022,2023,0.0,,NORTHWEST CLINICAL RESEARCH CENTER,Research Fellow,Research Fellow,Sep 2019,Dec 2021,0.0,,Full Life Care,Technical Program Manager,Technical Program Manager,May 2020,Aug 2020,0.0,,Woodland Park Zoo,Project Planner,Project Planner,Dec 2018,May 2019,0.0,,,,,,,,,,,,,,,,,,,,,,,,,,,,,,,,,,,,,,,,,,,,,,,,,,,,,,,,,,,,,,,,,,,,,,,,,,,,,,,,,,,,,,,,,,,,,,,,,,,,,,,,,,,,,,,,,,,,,,,,,,,,,,,,,,,,,,,,,,,,,
person-0041,Watertown,Energy and Cleantech Enthusiast | Ex-McKinsey | MIT PhD | Booth MBA,Hanwha Energy USA (174 Power Global),The University of Chicago Booth School of Business,2027.0,2025.0,,,,,,,,,,,2014.0,2010.0,1,McKinsey,McKinsey & Company,McKinsey,Business Analyst,Sep 2022,Feb 2024,174 Power Global,Corporate Strategy Senior Associate,174 Power Global,174 Power Global,Corporate Strategy Manager; Corporate Strategy Senior Associate,Feb 2024,Present,0,,McKinsey & Company,Business Analyst,Business Analyst,Sep 2022,Feb 2024,1.0,McKinsey,OC&C Strategy Consultants,Associate Consultant,Associate Consultant,Jan 2022,Sep 2022,0.0,,TEVERRA,Computational Geomechanics Engineer,Computational Geomechanics Engineer,Jun 2021,Dec 2021,0.0,,China Petroleum & Chemical Corporation (SINOPEC),Research Engineer,Research Engineer,Jun 2019,Aug 2019,0.0,,,,,,,,,,,,,,,,,,,,,,,,,,,,,,,,,,,,,,,,,,,,,,,,,,,,,,,,,,,,,,,,,,,,,,,,,,,,,,,,,,,,,,,,,,,,,,,,,,,,,,,,,,,,,,,,,,,,,,,,,,,,,,,,,,,,,,,,,,,,,,,,,,,,,,,,,,,,,,,,,,,,,,,,,,,,,,,,,,,,,,,,,,,,,,
person-0042,Dallas,Vice President at Goldman Sachs | 2025 Presidential Leadership Scholar | Former Management Consultant | Government Relations + Social Impact | MBA,Goldman Sachs,University of Pennsylvania - The Wharton School,2013.0,2011.0,,,,,,,,,,,2004.0,2000.0,1,BCG,The Boston Consulting Group (BCG),BCG,The Boston Consulting Group (BCG),Oct 2013,Sep 2017,American Cold Storage,Chief Operating Officer,Goldman Sachs,"Vice President, Executive Office","Vice President, Executive Office",Sep 2020,Present,0,,American Cold Storage,Chief Operating Officer,Chief Operating Officer,Sep 2017,Sep 2020,0.0,,The Boston Consulting Group (BCG),The Boston Consulting Group (BCG),Project Leader; Consultant,Oct 2013,Sep 2017,1.0,BCG,Goldman Sachs,Office of Corporate Engagement,Office of Corporate Engagement,Jan 2008,Jun 2011,0.0,,U.S. Department of State,Special Assistant,Special Assistant,2006,Jan 2008,0.0,,U.S. Senator Kay Bailey Hutchison,U.S. Senator Kay Bailey Hutchison,Assistant Press Secretary; Legislative Correspondent,2004,2006,0.0,,,,,,,,,,,,,,,,,,,,,,,,,,,,,,,,,,,,,,,,,,,,,,,,,,,,,,,,,,,,,,,,,,,,,,,,,,,,,,,,,,,,,,,,,,,,,,,,,,,,,,,,,,,,,,,,,,,,,,,,,,,,,,,,,,,,,,,,,,,,,,,,,,,,,,,,,,,,,,,,,,,,,,,,,,,,,,,,,,,,,,,
person-0043,Miami,"Financial Analyst, Invisors",Rem and Company,The Wharton School,2025.0,2025.0,,,,,,,,,,,2022.0,2022.0,1,BCG,Boston Consulting Group (BCG),BCG,BCG Launch Participant,Aug 2024,Oct 2024,Delta Sigma Pi at UF,DEI Committee,The Wharton School,Fundamentals of Corporate Finance & Valuation | Wharton Academy,Fundamentals of Corporate Finance & Valuation | Wharton Academy,Jun 2025,Jul 2025,0,,Rem and Company,Rem and Company,Chapter President; Strategy Consultant,Jan 2023,May 2025,0.0,,Gator Wealth and Asset Management,Co-Founder,Co-Founder,Jan 2022,May 2025,0.0,,Google,Genesis2Genesis Conference Participant,Genesis2Genesis Conference Participant,Apr 2025,Apr 2025,0.0,,Sleep in Heavenly Peace,Volunteer,Volunteer,Aug 2024,Apr 2025,0.0,,Delta Sigma Pi at UF,DEI Committee,DEI Committee,Aug 2021,Dec 2024,0.0,,Boston Consulting Group (BCG),BCG Launch Participant,BCG Launch Participant,Aug 2024,Oct 2024,1.0,BCG,RSM US LLP,Strategy & Management Consulting Intern,Strategy & Management Consulting Intern,Jun 2024,Aug 2024,0.0,,Goldman Sachs,Virtual Insight Series Participant,Virtual Insight Series Participant,May 2023,Jun 2023,0.0,,Core Spaces,Sales Representative,Sales Representative,Aug 2022,May 2023,0.0,,Delta Gamma,Member,Member,Aug 2021,May 2023,0.0,,IRTS Foundation,Multicultural Career Workshop Participant,Multicultural Career Workshop Participant,Nov 2022,Nov 2022,0.0,,UF Hillel,UF in Israel Program Participant,UF in Israel Program Participant,May 2022,Jun 2022,0.0,,Florida Blue Key,Florida Future Leadership Program (FFLP),Florida Future Leadership Program (FFLP),Aug 2021,May 2022,0.0,,First Generation Leadership Program,Member,Member,Aug 2021,May 2022,0.0,,Blue Owl Tutors,Mathematics Tutor,Mathematics Tutor,Aug 2019,May 2021,0.0,,,,,,,,,,,,,,,,,,,,,,,,,,,,,,,,,,,,,,,,,,,,,,,,,,,,,,,,,,,,,,,,,,,,,,,,,,,,,,,,,,,,,,,,,,,,,,,,,,,,,,,,,,,,,,,,,
person-0044,Victor,"Experienced strategy and operations consultant, with a focus in engineering & construction and lean operations",Iverson Consulting Group,Duke University - The Fuqua School of Business,2019.0,2017.0,,,,,,,,,,,2009.0,2005.0,1,McKinsey,McKinsey & Company,McKinsey,McKinsey & Company,Jun 2019,Jul 2024,Inside Consulting Inc,Manager,Inside Consulting Inc,Manager,Manager,Jan 2025,Present,0,,McKinsey & Company,McKinsey & Company,Engagement Manager; Associate,Jun 2019,Jul 2024,1.0,McKinsey,Amazon,Operations Pathways Intern,Operations Pathways Intern,May 2018,Aug 2018,0.0,,Dewberry,"Environmental and Civil Engineering, Water Resources Specialist","Environmental and Civil Engineering, Water Resources Specialist",Feb 2014,May 2018,0.0,,Virginia Tech,"Graduate Research Associate, Civil/Environmental Engineering","Graduate Research Associate, Civil/Environmental Engineering",Jan 2012,Jan 2014,0.0,,"Fish the Fly, Snake River Angler",Fly Fishing Guide,Fly Fishing Guide,May 2009,Mar 2011,0.0,,,,,,,,,,,,,,,,,,,,,,,,,,,,,,,,,,,,,,,,,,,,,,,,,,,,,,,,,,,,,,,,,,,,,,,,,,,,,,,,,,,,,,,,,,,,,,,,,,,,,,,,,,,,,,,,,,,,,,,,,,,,,,,,,,,,,,,,,,,,,,,,,,,,,,,,,,,,,,,,,,,,,,,,,,,,,,,,,,,,,,,
person-0045,Philadelphia,Partner at Emko Capital,Emko Capital,University of Pennsylvania - The Wharton School,2014.0,2012.0,,,,,,,,,,,2006.0,2002.0,1,McKinsey,McKinsey & Company,McKinsey,Engagement Manager,2014,2018,Emko Capital,Operating Executive,Emko Capital,Emko Capital,Partner; Operating Executive,2019,Present,0,,McKinsey & Company,Engagement Manager,Engagement Manager,2014,2018,1.0,McKinsey,The Wharton School,MBA Candidate,MBA Candidate,2012,2014,0.0,,McKinsey & Company,Summer Associate,Summer Associate,May 2013,Aug 2013,1.0,McKinsey,-Independent Consultant-,Communications Advisor,Communications Advisor,2010,2013,0.0,,University of Pennsylvania,Program Facilitator - Netter Center for Community Partnerships,Program Facilitator - Netter Center for Community Partnerships,2010,2012,0.0,,ESP Systems,ESP Systems,Project Manager; Associate,2006,2008,0.0,,,,,,,,,,,,,,,,,,,,,,,,,,,,,,,,,,,,,,,,,,,,,,,,,,,,,,,,,,,,,,,,,,,,,,,,,,,,,,,,,,,,,,,,,,,,,,,,,,,,,,,,,,,,,,,,,,,,,,,,,,,,,,,,,,,,,,,,,,,,,,,,,,,,,,,,,,,,,,,,,,,,,,,,,,,,,,,,
person-0046,,Corporate Strategy | Strategic Planning | Financial Services | Ex-Bain,Charles Schwab,University of Michigan - Stephen M. Ross School of Business,2019.0,2017.0,,,,,,,,,,,2013.0,2009.0,1,Bain,Bain & Company,Bain,Bain & Company,Jun 2019,Mar 2025,Charles Schwab,Director Corporate Strategy,Charles Schwab,Charles Schwab,Managing Director | Head of Corporate Strategy; Director Corporate Strategy,Mar 2025,Present,0,,Bain & Company,Bain & Company,Associate Partner; Senior Manager; Manager; Consultant,Jun 2019,Mar 2025,1.0,Bain,University of Michigan - Stephen M. Ross School of Business,MBA Candidate,MBA Candidate,Jul 2017,May 2019,0.0,,Bain & Company,Summer Associate Consultant,Summer Associate Consultant,Jun 2018,Aug 2018,1.0,Bain,Wells Fargo Advisors,Digital Business Analyst,Digital Business Analyst,Sep 2015,Jul 2017,0.0,,Wells Fargo,Wells Fargo,"Operational Risk Consultant; Wealth, Brokerage & Retirement Analyst Program",Jul 2013,Sep 2015,0.0,,Principia College,Teaching Assistant: Business Department,Teaching Assistant: Business Department,Mar 2011,May 2013,0.0,,VITAL Financial Services,Analyst,Analyst,May 2012,Aug 2012,0.0,,,,,,,,,,,,,,,,,,,,,,,,,,,,,,,,,,,,,,,,,,,,,,,,,,,,,,,,,,,,,,,,,,,,,,,,,,,,,,,,,,,,,,,,,,,,,,,,,,,,,,,,,,,,,,,,,,,,,,,,,,,,,,,,,,,,,,,,,,,,,,,,,,,,,,,,,,,,,,,,,,,,,,,,,
person-0047,,Client Development @ Spencer Stuart | Ex-Bain,Spencer Stuart,,,,,,,,,,,,,Franklin & Marshall College,2012.0,2008.0,1,Bain,Bain & Company,Bain,Bain & Company,Feb 2018,May 2025,Spencer Stuart,"Client and Business Development Manager, NA Boards",Spencer Stuart,"Client and Business Development Manager, NA Boards","Client and Business Development Manager, NA Boards",Jun 2025,Present,0,,Bain & Company,Bain & Company,"Consultant, Supply Chain & Operations Practice; Knowledge Lead; Sr. Knowledge Specialist",Feb 2018,May 2025,1.0,Bain,WinterWyman Executive Search,WinterWyman Executive Search,Knowledge Manager; Business Intelligence Analyst; Recruiting Coordinator,Jun 2013,Feb 2018,0.0,,Ridge Policy Group,Research Intern,Research Intern,Aug 2012,Jul 2013,0.0,,Franklin & Marshall College,Post-Baccalaureate Fellow,Post-Baccalaureate Fellow,Aug 2012,Jun 2013,0.0,,,,,,,,,,,,,,,,,,,,,,,,,,,,,,,,,,,,,,,,,,,,,,,,,,,,,,,,,,,,,,,,,,,,,,,,,,,,,,,,,,,,,,,,,,,,,,,,,,,,,,,,,,,,,,,,,,,,,,,,,,,,,,,,,,,,,,,,,,,,,,,,,,,,,,,,,,,,,,,,,,,,,,,,,,,,,,,,,,,,,,,,,,,,,,
person-0048,New York,"SVP, Global Sales Effectiveness & Perfect Store at PepsiCo",PepsiCo,,,,,,,,,,,,,Georgia Institute of Technology,2005.0,2003.0,1,McKinsey,McKinsey & Company,McKinsey,McKinsey & Company,Oct 2005,Mar 2015,PepsiCo,Sr Director Corporate Strategy,PepsiCo,PepsiCo,"SVP, Global Sales Effectiveness & Perfect Store; VP, Global Sales Effectiveness & Europe Commercial Digital; Vice President, Europe Go-to-Market & Traditional Trade; Vice President, Retail Sales Strategy & Analytics, North America Beverage; Vice President, Commercial Planning Transformation, North America Beverage; Sr Director Corporate Strategy",Apr 2015,Present,0,,McKinsey & Company,McKinsey & Company,Associate Principal; Engagement Manager; Associate; Business Analyst,Oct 2005,Mar 2015,1.0,McKinsey,,,,,,,,,,,,,,,,,,,,,,,,,,,,,,,,,,,,,,,,,,,,,,,,,,,,,,,,,,,,,,,,,,,,,,,,,,,,,,,,,,,,,,,,,,,,,,,,,,,,,,,,,,,,,,,,,,,,,,,,,,,,,,,,,,,,,,,,,,,,,,,,,,,,,,,,,,,,,,,,,,,,,,,,,,,,,,,,,,,,,,,,,,,,,,,,,,,,,,,,,,,,,,,,,,
person-0049,Portsmouth,CSO Eventide Audio,Eventide Audio,,,,,,,,,,,,,Rensselaer Polytechnic Institute,2003.0,2003.0,1,Bain,Bain & Company,Bain,Bain & Company,1987,1990,"Cavanaugh Tocci Associates, Inc",Acoustics Consultant,Eventide Audio,Chief Strategy Officer (CSO),Chief Strategy Officer (CSO),Jun 2023,Present,0,,UMass Lowell,UMass Lowell,"Associate Professor, Tenured, Sound Recording Technology; Assistant Professor, Sound Recording Technology; Adjunct Faculty, Sound Recording Technology",1998,Aug 2023,0.0,,fermata audio + acoustics,fermata audio + acoustics,Acoustics Consultant; Recording Engineer,1992,2010,0.0,,Berklee College of Music,"Adjunct Associate Professor, Music Production & Engineering","Adjunct Associate Professor, Music Production & Engineering",1997,2004,0.0,,"Cavanaugh Tocci Associates, Inc",Acoustics Consultant,Acoustics Consultant,2000,2002,0.0,,Bain & Company,Bain & Company,Promoted Consultant; Associate Consultant,1987,1990,1.0,Bain,,,,,,,,,,,,,,,,,,,,,,,,,,,,,,,,,,,,,,,,,,,,,,,,,,,,,,,,,,,,,,,,,,,,,,,,,,,,,,,,,,,,,,,,,,,,,,,,,,,,,,,,,,,,,,,,,,,,,,,,,,,,,,,,,,,,,,,,,,,,,,,,,,,,,,,,,,,,,,,,,,,,,,,,,,,,,,,,,,,,,,
person-0050,Westwood,Associate Treasury Consultant - Global Treasury at Liberty Mutual Insurance,Liberty Mutual Insurance,,,,,,,,,,,,,Suffolk University,2000.0,1997.0,1,BCG,The Boston Consulting Group (BCG),BCG,Senior Treasury Analyst,Sep 1990,Feb 2001,Liberty Mutual Insurance,Senior Financial Analyst - Treasury,Liberty Mutual Insurance,Liberty Mutual Insurance,Associate Treasury Consultant; Lead Financial Analyst - Corporate Treasury; Senior Financial Analyst - Treasury,Mar 2001,Present,0,,The Boston Consulting Group (BCG),Senior Treasury Analyst,Senior Treasury Analyst,Sep 1990,Feb 2001,1.0,BCG,,,,,,,,,,,,,,,,,,,,,,,,,,,,,,,,,,,,,,,,,,,,,,,,,,,,,,,,,,,,,,,,,,,,,,,,,,,,,,,,,,,,,,,,,,,,,,,,,,,,,,,,,,,,,,,,,,,,,,,,,,,,,,,,,,,,,,,,,,,,,,,,,,,,,,,,,,,,,,,,,,,,,,,,,,,,,,,,,,,,,,,,,,,,,,,,,,,,,,,,,,,,,,,,,,
person-0051,New York,Senior Manager at American Express,American Express,Warwick Business School,2009.0,2008.0,,,,,,,,,,,2007.0,2004.0,1,McKinsey,McKinsey & Company,McKinsey,Jr Research Analyst,Jun 2007,Jul 2008,Evalueserve,Research Associate,American Express,American Express,Senior Manager; Manager; Manager; Assistant Manager,Sep 2014,Present,0,,Evalueserve,Evalueserve,Senior Business Analyst; Senior Research Associate; Research Associate,Mar 2010,Sep 2014,0.0,,McKinsey & Company,Jr Research Analyst,Jr Research Analyst,Jun 2007,Jul 2008,1.0,McKinsey,,,,,,,,,,,,,,,,,,,,,,,,,,,,,,,,,,,,,,,,,,,,,,,,,,,,,,,,,,,,,,,,,,,,,,,,,,,,,,,,,,,,,,,,,,,,,,,,,,,,,,,,,,,,,,,,,,,,,,,,,,,,,,,,,,,,,,,,,,,,,,,,,,,,,,,,,,,,,,,,,,,,,,,,,,,,,,,,,,,,,,,,,,,,,,,,,,,,,,,,,,,
person-0052,Hingham,Enterprise Risk Executive | Operational Risk Management | Internal Controls | Risk Management Framework,HarbourVest Partners,,,,,,,,,,,,,University of Massachusetts Amherst,,,1,Bain,Bain & Company,Bain,Bain & Company,2001,2013,Cambridge Associates,"Director, Enterprise Risk & Audit",HarbourVest Partners,HarbourVest Partners,"VP, Head of Enterprise Risk Management; VP, Head of Operational Risk",2023,Present,0,,Cambridge Associates,Cambridge Associates,"Senior Director, Enterprise Risk; Director, Enterprise Risk & Audit",2013,2023,0.0,,Bain & Company,Bain & Company,"Manager, Global Internal Audit; Accounting Project Manager; Senior Accountant",2001,2013,1.0,Bain,"Canby, Maloney & Company (acquired by BDO)",Senior Auditor,Senior Auditor,1998,2001,0.0,,,,,,,,,,,,,,,,,,,,,,,,,,,,,,,,,,,,,,,,,,,,,,,,,,,,,,,,,,,,,,,,,,,,,,,,,,,,,,,,,,,,,,,,,,,,,,,,,,,,,,,,,,,,,,,,,,,,,,,,,,,,,,,,,,,,,,,,,,,,,,,,,,,,,,,,,,,,,,,,,,,,,,,,,,,,,,,,,,,,,,,,,,,,,,,,,,,,,
person-0053,Detroit,"Strategy, Tech, AI | ex-BCG, ex-Box.com",Shibumi,University of Michigan - Stephen M. Ross School of Business,2020.0,2018.0,,,,,,,,,,,2013.0,2009.0,1,BCG,Boston Consulting Group (BCG),BCG,Boston Consulting Group (BCG),Sep 2020,Jan 2024,AiDash,"Senior Manager, Product Consulting",Shibumi,"Lead, Value Delivery Management","Lead, Value Delivery Management",Mar 2025,Present,0,,AiDash,"Senior Manager, Product Consulting","Senior Manager, Product Consulting",Jan 2024,Jan 2025,0.0,,Boston Consulting Group (BCG),Boston Consulting Group (BCG),Project Leader; Consultant,Sep 2020,Jan 2024,1.0,BCG,Boston Consulting Group (BCG),Summer Consultant,Summer Consultant,Jun 2019,Aug 2019,1.0,BCG,Microsoft,MBA Consultant,MBA Consultant,Mar 2019,Apr 2019,0.0,,Box,Box,Senior Customer Advisor; Customer Advisor; Outbound Business Representative,Mar 2015,Apr 2018,0.0,,ServiceSource,Inside Sales Representative,Inside Sales Representative,Feb 2014,Feb 2015,0.0,,IM Creative,Intern,Intern,Feb 2013,May 2013,0.0,,Rebootizer,Brand Ambassador,Brand Ambassador,Nov 2010,Apr 2011,0.0,,Bridge Worldwide,Strategic Planning Intern,Strategic Planning Intern,Jun 2009,Aug 2009,0.0,,,,,,,,,,,,,,,,,,,,,,,,,,,,,,,,,,,,,,,,,,,,,,,,,,,,,,,,,,,,,,,,,,,,,,,,,,,,,,,,,,,,,,,,,,,,,,,,,,,,,,,,,,,,,,,,,,,,,,,,,,,,,,,,,,,,,,,,,,,,,,,,,,,,,,,,,,,
person-0054,New York,Senior Program Manager at Anduril,Anduril Industries,Columbia Business School,2020.0,2018.0,,,,,,,,,,,2009.0,2005.0,1,McKinsey,McKinsey & Company,McKinsey,McKinsey & Company,Jul 2020,Jun 2025,Anduril Industries,Senior Program Manager,Anduril Industries,Senior Program Manager,Senior Program Manager,Jun 2025,Present,0,,McKinsey & Company,McKinsey & Company,Engagement Manager; Associate,Jul 2020,Jun 2025,1.0,McKinsey,McKinsey & Company,Summer Associate,Summer Associate,May 2019,Jul 2019,1.0,McKinsey,5th Special Forces Group (Airborne) - US Army,Special Forces Officer,Special Forces Officer,Jun 2013,Jul 2018,0.0,,"82nd Airborne Division, U.S. Army",Infantry Officer,Infantry Officer,May 2009,Nov 2012,0.0,,,,,,,,,,,,,,,,,,,,,,,,,,,,,,,,,,,,,,,,,,,,,,,,,,,,,,,,,,,,,,,,,,,,,,,,,,,,,,,,,,,,,,,,,,,,,,,,,,,,,,,,,,,,,,,,,,,,,,,,,,,,,,,,,,,,,,,,,,,,,,,,,,,,,,,,,,,,,,,,,,,,,,,,,,,,,,,,,,,,,,,,,,,,,,
person-0055,Boston,Strategy & Planning at Ropes & Gray,Ropes & Gray LLP,,,,,,,,,,Yale Law School,2020.0,2017.0,Harvard University,2012.0,2008.0,1,McKinsey,McKinsey & Company,McKinsey,Business Analyst,Jul 2013,Jul 2015,Advent International,Private Equity Associate,Ropes & Gray LLP,Strategy & Planning,Strategy & Planning,May 2024,Present,0,,McKinsey & Company,McKinsey & Company,Engagement Manager; Associate,Oct 2020,May 2024,1.0,McKinsey,"Wachtell, Lipton, Rosen & Katz",Summer Associate,Summer Associate,May 2019,Aug 2019,0.0,,Sullivan & Cromwell LLP,Summer Associate,Summer Associate,May 2018,Jul 2018,0.0,,Advent International,Private Equity Associate,Private Equity Associate,Jul 2015,Aug 2017,0.0,,McKinsey & Company,Business Analyst,Business Analyst,Jul 2013,Jul 2015,1.0,McKinsey,U.S. Department of State,Fulbright Fellow,Fulbright Fellow,Sep 2012,Jul 2013,0.0,,,,,,,,,,,,,,,,,,,,,,,,,,,,,,,,,,,,,,,,,,,,,,,,,,,,,,,,,,,,,,,,,,,,,,,,,,,,,,,,,,,,,,,,,,,,,,,,,,,,,,,,,,,,,,,,,,,,,,,,,,,,,,,,,,,,,,,,,,,,,,,,,,,,,,,,,,,,,,,,,,,,,,,,,,,,,,,,
person-0056,,Entrepreneur. Agentic AI Engineer. Tokyo and San Francisco Bay Area.,Viran,Harvard Business School,2015.0,2013.0,,,,,,,,,,,2006.0,2006.0,1,"Bain, McKinsey",Bain & Company,Bain,Case Team Leader / Consultant,Oct 2015,Dec 2017,Google,Strategy and Analytics Program Manager,Startup,"Co-Founder, Agentic AI Engineer","Co-Founder, Agentic AI Engineer",Jul 2024,Present,0,,SDio,Product Advisor,Product Advisor,May 2025,Jun 2025,0.0,,dangerous,Product Advisor,Product Advisor,Jul 2024,Aug 2024,0.0,,Google,Google,"Strategic Partnerships Development Manager, Google DeepMind and Research; Product Manager, Weather AI Research; Strategic Partnerships Development Manager; Strategy and Analytics Program Manager",Jan 2018,Jul 2024,0.0,,Bain & Company,Case Team Leader / Consultant,Case Team Leader / Consultant,Oct 2015,Dec 2017,1.0,Bain,Independent,Founding team member for concept stage startups,Founding team member for concept stage startups,May 2014,Sep 2017,0.0,,#SnSnap,"Cofounder, Product","Cofounder, Product",Jul 2015,Sep 2015,0.0,,McKinsey & Company,Summer Associate,Summer Associate,Jun 2014,Aug 2014,1.0,McKinsey,Boeing,Boeing,Industrial Engineering Team Leader; Methods Process Analyst - Flight Test Industrial Engineering,Nov 2007,May 2013,0.0,,Global Visionaries,Youth Venture Team Leader - Volunteer Internship,Youth Venture Team Leader - Volunteer Internship,Oct 2009,Sep 2010,0.0,,,,,,,,,,,,,,,,,,,,,,,,,,,,,,,,,,,,,,,,,,,,,,,,,,,,,,,,,,,,,,,,,,,,,,,,,,,,,,,,,,,,,,,,,,,,,,,,,,,,,,,,,,,,,,,,,,,,,,,,,,,,,,,,,,,,,,,,,,,,,,,,,,,,,,,,,,,
person-0057,Miami,Seasoned private markets executive with extensive investment and board experience,Collective,,,,,,,,,,,,,"Indian Institute of Technology, Kanpur",2008.0,2003.0,1,McKinsey,McKinsey & Company,McKinsey,Business Analyst,Jul 2008,Dec 2009,The Blackstone Group,Investment Analyst,Collective,Chief Investment Officer,Chief Investment Officer,Jul 2024,Present,0,,JPMorgan Chase & Co.,JPMorgan Chase & Co.,"Executive Director, Strategic Investments; Vice President, Strategic Investments; Associate, Strategic Investments",Apr 2013,Jul 2024,0.0,,Moser Baer Clean Energy (Blackstone portfolio secondment),Business Development Associate,Business Development Associate,Jan 2012,Jan 2013,0.0,,The Blackstone Group,Investment Analyst,Investment Analyst,Jan 2010,Dec 2011,0.0,,McKinsey & Company,Business Analyst,Business Analyst,Jul 2008,Dec 2009,1.0,McKinsey,,,,,,,,,,,,,,,,,,,,,,,,,,,,,,,,,,,,,,,,,,,,,,,,,,,,,,,,,,,,,,,,,,,,,,,,,,,,,,,,,,,,,,,,,,,,,,,,,,,,,,,,,,,,,,,,,,,,,,,,,,,,,,,,,,,,,,,,,,,,,,,,,,,,,,,,,,,,,,,,,,,,,,,,,,,,,,,,,,,,,,,,,,,,,
person-0058,,Head of Storage & Data Strategy | IT Executive | AI/ML & Cybersecurity Expert | Digital Transformation Leader,J.P. Morgan,,,,,,,,,,,,,Georgia Institute of Technology,,,1,McKinsey,McKinsey & Company,McKinsey,Oracle Database Administrator,2003,2006,Accenture,Enterprise Data Architect and Oracle DBA,J.P. Morgan,Head of Storage Data Strategy,Head of Storage Data Strategy,2018,Present,0,,Accenture,Accenture,Infrastructure/Application Services - Senior Manager at Accenture; Senior Data Architect; Enterprise Data Architect and Oracle DBA,2006,2018,0.0,,McKinsey & Company,Oracle Database Administrator,Oracle Database Administrator,2003,2006,1.0,McKinsey,,,,,,,,,,,,,,,,,,,,,,,,,,,,,,,,,,,,,,,,,,,,,,,,,,,,,,,,,,,,,,,,,,,,,,,,,,,,,,,,,,,,,,,,,,,,,,,,,,,,,,,,,,,,,,,,,,,,,,,,,,,,,,,,,,,,,,,,,,,,,,,,,,,,,,,,,,,,,,,,,,,,,,,,,,,,,,,,,,,,,,,,,,,,,,,,,,,,,,,,,,,
person-0059,New York,L'Oréal | ex-BCG | Kellogg MBA,L'Oréal,Northwestern University - Kellogg School of Management,2022.0,2020.0,,,,,,,,,,,2022.0,2022.0,1,BCG,Boston Consulting Group (BCG),BCG,Consultant,Oct 2022,Oct 2024,L'Oréal,Director - Commercial Strategy (Professional Products Division),L'Oréal,Director - Commercial Strategy (Professional Products Division),Director - Commercial Strategy (Professional Products Division),Nov 2024,Present,0,,Boston Consulting Group (BCG),Consultant,Consultant,Oct 2022,Oct 2024,1.0,BCG,Le Cordon Bleu Paris,Student - Basic Pastry Certificate,Student - Basic Pastry Certificate,Jul 2022,Sep 2022,0.0,,Northwestern University - Kellogg School of Management,MBA Graduate Student,MBA Graduate Student,Aug 2020,Jun 2022,0.0,,HEC Paris,MBA Exchange Student,MBA Exchange Student,Jan 2022,Mar 2022,0.0,,Deloitte,Summer Associate,Summer Associate,Jun 2021,Aug 2021,0.0,,Pipit Global,Venture Capital Intern,Venture Capital Intern,Mar 2021,Jun 2021,0.0,,PayPal,Risk and Consumer Protection Program Lead,Risk and Consumer Protection Program Lead,Jun 2017,Mar 2020,0.0,,American Express,American Express,Senior Financial Crimes Data Analyst; Information Systems & Reporting Analyst,Aug 2014,Jun 2017,0.0,,Stevenson Search Partners,Intern,Intern,Jun 2013,Dec 2013,0.0,,City of New York - Mayor's Office of Data Analytics (Strategic Planning and Investigations),Intern,Intern,Jun 2012,Aug 2012,0.0,,Philosophy IB Consulting Firm,Intern,Intern,Jul 2009,Aug 2009,0.0,,,,,,,,,,,,,,,,,,,,,,,,,,,,,,,,,,,,,,,,,,,,,,,,,,,,,,,,,,,,,,,,,,,,,,,,,,,,,,,,,,,,,,,,,,,,,,,,,,,,,,,,,,,,,,,,,,,,,,,,,,,,,,,,,,,,,,,,,,,,,
person-0060,Alpharetta,Junior at Emory University - Goizueta Business School | Finance & AI,Soina Financial Group,Emory University - Goizueta Business School,2027.0,2023.0,,,,,,,,,,,2023.0,2019.0,1,BCG,Boston Consulting Group (BCG),BCG,Bridge to Consulting Program,May 2025,May 2025,Emory Sikh Students Association,President,Soina Financial Group,Quantitative Strategy Intern,Quantitative Strategy Intern,Jun 2025,Present,0,,Emory Consult Your Community,Emory Consult Your Community,President; Consulting Analyst,Sep 2024,Present,0.0,,Emory University - Goizueta Business School,Business Communications Teaching Assistant,Business Communications Teaching Assistant,Jan 2025,Present,0.0,,Emory University Department of Economics,Research Assistant,Research Assistant,Feb 2024,Present,0.0,,Emory Sikh Students Association,President,President,Jan 2024,Present,0.0,,Boston Consulting Group (BCG),Bridge to Consulting Program,Bridge to Consulting Program,May 2025,May 2025,1.0,BCG,Project V Solutions Consulting,Consulting Analyst,Consulting Analyst,Sep 2024,Dec 2024,0.0,,Rajinder Walia and Co. Accounting Office,Summer Intern,Summer Intern,Jul 2024,Aug 2024,0.0,,Saikawa Lab,Research Assistant,Research Assistant,Jun 2022,May 2024,0.0,,PeerLink Tutoring,Marketing and Operations Consultant,Marketing and Operations Consultant,Aug 2023,Dec 2023,0.0,,,,,,,,,,,,,,,,,,,,,,,,,,,,,,,,,,,,,,,,,,,,,,,,,,,,,,,,,,,,,,,,,,,,,,,,,,,,,,,,,,,,,,,,,,,,,,,,,,,,,,,,,,,,,,,,,,,,,,,,,,,,,,,,,,,,,,,,,,,,,,,,,,,,,,,,,,,
person-0061,,Senior Analytics Architect,Epsilon,,,,,,,,,,,,,Dominican University,2007.0,2003.0,1,BCG,Boston Consulting Group (BCG),BCG,Boston Consulting Group (BCG),Sep 2018,Oct 2023,BCG X,Senior Data Analyst,Epsilon,"Senior Analytics Architect, Analytics Operations","Senior Analytics Architect, Analytics Operations",Oct 2023,Present,0,,BCG X,Senior Data Analyst,Senior Data Analyst,Dec 2022,Oct 2023,1.0,BCG,Boston Consulting Group (BCG),Boston Consulting Group (BCG),Senior Data Analyst; Software Analyst,Sep 2018,Oct 2023,1.0,BCG,JAGGAER,Senior Collaborative Sourcing Engineer,Senior Collaborative Sourcing Engineer,Feb 2018,Aug 2018,0.0,,BravoSolution,BravoSolution,Senior Collaborative Sourcing Engineer; Collaborative Sourcing Engineer; Junior Collaborative Sourcing Engineer,Jan 2013,Feb 2018,0.0,,"American Metalcraft, Inc.",Quality Assurance Manager/Purchasing Agent,Quality Assurance Manager/Purchasing Agent,Jan 2010,Jan 2013,0.0,,"Izongate, Inc.",Software Developer,Software Developer,Aug 2006,May 2009,0.0,,,,,,,,,,,,,,,,,,,,,,,,,,,,,,,,,,,,,,,,,,,,,,,,,,,,,,,,,,,,,,,,,,,,,,,,,,,,,,,,,,,,,,,,,,,,,,,,,,,,,,,,,,,,,,,,,,,,,,,,,,,,,,,,,,,,,,,,,,,,,,,,,,,,,,,,,,,,,,,,,,,,,,,,,,,,,,,,
person-0062,,Business Transformation at Aptiv | Strategy & Analytics | Tufts Alum | Ex-McKinsey,Aptiv,,,,,,,,,,,,,Tufts University,2022.0,2022.0,1,McKinsey,McKinsey & Company,McKinsey,Associate,Feb 2023,Mar 2024,Mobius LLC,Engagement Manager,Aptiv,"Associate, Analytics and Business Transformation","Associate, Analytics and Business Transformation",Dec 2024,Present,0,,Being Consultant,Mentor,Mentor,May 2024,Present,0.0,,Mobius LLC,Engagement Manager,Engagement Manager,Jun 2024,Dec 2024,0.0,,McKinsey & Company,Associate,Associate,Feb 2023,Mar 2024,1.0,McKinsey,Dassault Systèmes,Product Portfolio Manager,Product Portfolio Manager,Jun 2022,Dec 2022,0.0,,Konecranes,Konecranes,Product Engineer; Project Engineer; Design Engineer,Dec 2017,Jul 2021,0.0,,SHREE BALAJI ENTERPRISES PUNE,Mechanical Engineer,Mechanical Engineer,Nov 2016,Nov 2017,0.0,,GE,Manufacturing Engineering Intern,Manufacturing Engineering Intern,Aug 2016,Nov 2016,0.0,,,,,,,,,,,,,,,,,,,,,,,,,,,,,,,,,,,,,,,,,,,,,,,,,,,,,,,,,,,,,,,,,,,,,,,,,,,,,,,,,,,,,,,,,,,,,,,,,,,,,,,,,,,,,,,,,,,,,,,,,,,,,,,,,,,,,,,,,,,,,,,,,,,,,,,,,,,,,,,,,,,,,,,,,
person-0063,Cambridge,"MPA/ID Candidate, Harvard Kennedy School of Government",Suyana Climate Insurance,,,,,,,,,,,,,Harvard Kennedy School,2026.0,2024.0,1,BCG,Boston Consulting Group (BCG),BCG,Boston Consulting Group (BCG),Aug 2021,Jul 2024,Suyana Climate Insurance,Product Manager,Suyana Climate Insurance,Product Manager,Product Manager,Jun 2025,Present,0,,Boston Consulting Group (BCG),Boston Consulting Group (BCG),Consultant; Senior Associate; Associate,Aug 2021,Jul 2024,1.0,BCG,MyDocPlus,Intern,Intern,Jun 2020,Aug 2020,0.0,,GI Supply,Analyst,Analyst,Jun 2019,Jan 2020,0.0,,White Star Real Estate (WSRE),Intern,Intern,Jun 2018,Aug 2018,0.0,,,,,,,,,,,,,,,,,,,,,,,,,,,,,,,,,,,,,,,,,,,,,,,,,,,,,,,,,,,,,,,,,,,,,,,,,,,,,,,,,,,,,,,,,,,,,,,,,,,,,,,,,,,,,,,,,,,,,,,,,,,,,,,,,,,,,,,,,,,,,,,,,,,,,,,,,,,,,,,,,,,,,,,,,,,,,,,,,,,,,,,,,,,,,,
person-0064,Cambridge,Analyst at IAG Capital Partners,IAG Capital Partners,,,,,,,,,,,,,Harvard University,,,1,McKinsey,McKinsey & Company,McKinsey,McKinsey & Company,Aug 2023,Jul 2025,IAG Capital Partners,Investment Analyst,IAG Capital Partners,Investment Analyst,Investment Analyst,Aug 2025,Present,0,,McKinsey & Company,McKinsey & Company,Senior Business Analyst; Business Analyst,Aug 2023,Jul 2025,1.0,McKinsey,W.K. Kellogg Foundation,Investment Analyst Intern,Investment Analyst Intern,May 2022,Aug 2022,0.0,,Harvard Square Homeless Shelter,Harvard Square Homeless Shelter,Food / In-Kind Director; Community Engagement Director; Supervisor,Sep 2018,Jun 2022,0.0,,The Harvard Crimson,The Harvard Crimson,Director Of Staff Development; Global Programs Manager; Global Programs Senior Associate,Mar 2019,Jan 2022,0.0,,McKinsey & Company,Summer Business Analyst,Summer Business Analyst,May 2021,Aug 2021,1.0,McKinsey,University of Global Health Equity,Summer Intern,Summer Intern,Jun 2019,Aug 2019,0.0,,Friends of Matènwa,Friends of Matènwa,Haitian Creole Interpreter; Camp Counselor,Jul 2012,Aug 2019,0.0,,Massachusetts General Hospital,Summer Global Health Intern,Summer Global Health Intern,May 2019,Jun 2019,0.0,,Matènwa Community Learning Center,Teacher Trainer,Teacher Trainer,Jun 2016,Jul 2018,0.0,,Cambridge Public Schools,Student Representative to the School Committee,Student Representative to the School Committee,Jun 2017,Jun 2018,0.0,,,,,,,,,,,,,,,,,,,,,,,,,,,,,,,,,,,,,,,,,,,,,,,,,,,,,,,,,,,,,,,,,,,,,,,,,,,,,,,,,,,,,,,,,,,,,,,,,,,,,,,,,,,,,,,,,,,,,,,,,,,,,,,,,,,,,,,,,,,,,,,,,,,,
person-0065,Oak Ridge,Senior Scientist -- Hydropower and Water Resources,Oak Ridge National Laboratory,,,,,,,,,,,,,Glasgow University,2008.0,2004.0,1,McKinsey,McKinsey & Company,McKinsey,Research Science Specialist,Oct 2022,Jun 2023,Oak Ridge National Laboratory,Hydropower Engineer (Water Resources),Oak Ridge National Laboratory,Oak Ridge National Laboratory,Senior Scientist; Hydropower Engineer (Water Resources),Jun 2023,Present,0,,McKinsey & Company,Research Science Specialist,Research Science Specialist,Oct 2022,Jun 2023,1.0,McKinsey,Pacific Northwest National Laboratory - PNNL,Pacific Northwest National Laboratory - PNNL,Water Resources Specialist; Postdoctoral Research Associate,Oct 2016,Oct 2022,0.0,,SUTD-MIT International Design Centre,Postdoctoral Research Fellow,Postdoctoral Research Fellow,Sep 2014,Sep 2016,0.0,,Singapore University of Technology and Design (SUTD),Teaching Assistant,Teaching Assistant,Jan 2015,Apr 2015,0.0,,United Utilities,Research Engineer,Research Engineer,Jan 2011,Sep 2014,0.0,,Cranfield University,Engineering Doctorate Researcher,Engineering Doctorate Researcher,Oct 2010,Sep 2014,0.0,,CSIRO,Intern water resources researcher,Intern water resources researcher,2013,2013,0.0,,AEA Technology,Technical consultant,Technical consultant,Sep 2008,Sep 2009,0.0,,,,,,,,,,,,,,,,,,,,,,,,,,,,,,,,,,,,,,,,,,,,,,,,,,,,,,,,,,,,,,,,,,,,,,,,,,,,,,,,,,,,,,,,,,,,,,,,,,,,,,,,,,,,,,,,,,,,,,,,,,,,,,,,,,,,,,,,,,,,,,,,,,,,,,,,,,,,,,,,,,
person-0066,Champaign,AI Engineer @ BCG | MSIM @ UIUC'24 | ex-Technology Analyst @ Citibank'22 | DTU'19,BCG X,,,,,,,,,,,,,University of Illinois Urbana-Champaign,2024.0,2022.0,1,BCG,Boston Consulting Group (BCG),BCG,Software Engineering Consultant,Jun 2023,Aug 2023,Education Justice Project,Data and Operations Coordinator,BCG X,AI Engineer,AI Engineer,Sep 2024,Present,1,BCG,Education Justice Project,Data and Operations Coordinator,Data and Operations Coordinator,Sep 2022,Sep 2024,0.0,,Boston Consulting Group (BCG),Software Engineering Consultant,Software Engineering Consultant,Jun 2023,Aug 2023,1.0,BCG,"University of Illinois at Urbana-Champaign, School of Information Sciences",Research Intern,Research Intern,Aug 2022,Dec 2022,0.0,,Citi,Citi,Technology Analyst - II (C-10); Technology Analyst-I (C-9),Aug 2019,May 2022,0.0,,PSQuickIT,Application Developer,Application Developer,Jun 2017,Jul 2017,0.0,,,,,,,,,,,,,,,,,,,,,,,,,,,,,,,,,,,,,,,,,,,,,,,,,,,,,,,,,,,,,,,,,,,,,,,,,,,,,,,,,,,,,,,,,,,,,,,,,,,,,,,,,,,,,,,,,,,,,,,,,,,,,,,,,,,,,,,,,,,,,,,,,,,,,,,,,,,,,,,,,,,,,,,,,,,,,,,,,,,,,,,
person-0067,,MBA Candidate at Harvard Business School,Cencosud S.A.,,,,,,,,,,,,,University of Pennsylvania,2016.0,2012.0,1,BCG,The Boston Consulting Group (BCG),BCG,The Boston Consulting Group (BCG),Mar 2017,Oct 2018,Cencosud S.A.,Strategy & Efficiency Lead,Cencosud S.A.,Cencosud S.A.,"Innovation, Strategy & Process Engineering Manager; Strategy & Efficiency Lead",Oct 2018,Present,0,,The Boston Consulting Group (BCG),The Boston Consulting Group (BCG),Senior Associate; Associate,Mar 2017,Oct 2018,1.0,BCG,Nexus Group S.A.,Junior Analyst,Junior Analyst,Aug 2016,Jan 2017,0.0,,Wharton Latino Undergraduate Association,Community Service Chair,Community Service Chair,Jan 2015,Dec 2015,0.0,,J.P. Morgan,Incoming Summer Analyst,Incoming Summer Analyst,Apr 2015,Apr 2015,0.0,,APOYO Consultoría,Intern,Intern,Jul 2014,Nov 2014,0.0,,,,,,,,,,,,,,,,,,,,,,,,,,,,,,,,,,,,,,,,,,,,,,,,,,,,,,,,,,,,,,,,,,,,,,,,,,,,,,,,,,,,,,,,,,,,,,,,,,,,,,,,,,,,,,,,,,,,,,,,,,,,,,,,,,,,,,,,,,,,,,,,,,,,,,,,,,,,,,,,,,,,,,,,,,,,,,,,,,,,,,,
person-0068,Cambridge,"VP, Product Development & Data Science at Opensignal",Opensignal,,,,,,,,,,,,,University of St Andrews,2000.0,1996.0,1,McKinsey,McKinsey & Company,McKinsey,McKinsey & Company,2000,2010,Brightstar,Analytics and Organizational Development Consultant,Opensignal,"VP, Product Development & Data Science","VP, Product Development & Data Science",Jan 2019,Present,0,,Comlinkdata,"Director, Product Development","Director, Product Development",Oct 2014,Dec 2018,0.0,,Brightstar,Brightstar,"Director, Strategy & Analytics; Analytics and Organizational Development Consultant",Jan 2012,Oct 2014,0.0,,McKinsey & Company,McKinsey & Company,Research Manager; Research Team Leader; Senior Research Analyst; Research Analyst; Junior Knowledge Professional,2000,2010,1.0,McKinsey,,,,,,,,,,,,,,,,,,,,,,,,,,,,,,,,,,,,,,,,,,,,,,,,,,,,,,,,,,,,,,,,,,,,,,,,,,,,,,,,,,,,,,,,,,,,,,,,,,,,,,,,,,,,,,,,,,,,,,,,,,,,,,,,,,,,,,,,,,,,,,,,,,,,,,,,,,,,,,,,,,,,,,,,,,,,,,,,,,,,,,,,,,,,,,,,,,,,
person-0069,Nashville,Atmus | Bain | ISB Co'21 (Merit Lister) | AstraZeneca | IIT Madras,Atmus Filtration Technologies,Indian School of Business,2021.0,2020.0,,,,,,,,,,,2010.0,2007.0,1,Bain,Bain & Company,Bain,Bain & Company,Sep 2021,Oct 2023,Atmus Filtration Technologies,Manager Corporate Strategy,Atmus Filtration Technologies,Manager Corporate Strategy,Manager Corporate Strategy,Nov 2023,Present,0,,Bain & Company,Bain & Company,Senior Associate Consultant; Associate Consultant,Sep 2021,Oct 2023,1.0,Bain,AstraZeneca,AstraZeneca,Business Analyst; Global Graduate Associate; Project Support Officer; Project Manager; IT Graduate Associate,Jul 2016,Apr 2020,0.0,,Young Leaders for Active Citizenship (YLAC),Policy In Action Fellow (Chennai 2020),Policy In Action Fellow (Chennai 2020),Feb 2020,Mar 2020,0.0,,Saarang,Core Member- Safety and Security Head,Core Member- Safety and Security Head,May 2015,Apr 2016,0.0,,"Department of Management studies, IIT Madras",Research Intern,Research Intern,Jun 2015,Jul 2015,0.0,,CSIR - Indian Institute of chemical Technology,Research Trainee,Research Trainee,Jun 2014,Jul 2014,0.0,,,,,,,,,,,,,,,,,,,,,,,,,,,,,,,,,,,,,,,,,,,,,,,,,,,,,,,,,,,,,,,,,,,,,,,,,,,,,,,,,,,,,,,,,,,,,,,,,,,,,,,,,,,,,,,,,,,,,,,,,,,,,,,,,,,,,,,,,,,,,,,,,,,,,,,,,,,,,,,,,,,,,,,,,,,,,,,,
person-0070,Bethesda,"Journalist, consultant; All views expressed are my own",Freelance,,,,,,,,,,,,,Columbia University School of Law,1977.0,1974.0,1,McKinsey,McKinsey & Company,McKinsey,Senior Communications Specialist,Nov 2012,Aug 2013,Pinnacle Writing Services LLC,Principal,Freelance,Retired,Retired,Feb 2025,Feb 2025,0,,Abt Global,Abt Global,"Senior Writer; Strategic Content and Media Relations Lead; Lead Writer, International Health Division",Mar 2015,Feb 2025,0.0,,Pinnacle Writing Services LLC,Principal,Principal,Aug 2013,Mar 2015,0.0,,McKinsey & Company,Senior Communications Specialist,Senior Communications Specialist,Nov 2012,Aug 2013,1.0,McKinsey,Accenture,Senior Editorial Director,Senior Editorial Director,Jan 2006,Nov 2012,0.0,,Business Week,Business Week,Senior Diplomatic Correspondent; News editor,Jan 1983,2005,0.0,,McGraw-Hill News,Regulatory News Editor,Regulatory News Editor,Mar 1983,Jan 1986,0.0,,Worldwide Information Resources,Consultant,Consultant,Mar 1982,Mar 1983,0.0,,freelance journalist,freelance journalist,freelance journalist,Jan 1982,Mar 1982,0.0,,The Wall Streeet Journal,Reporter,Reporter,Jan 1978,Dec 1981,0.0,,U.S. District Court,Judicial Law Clerk,Judicial Law Clerk,Aug 1977,Dec 1977,0.0,,The Wall Street Journal,Intern,Intern,Jun 1977,Aug 1977,0.0,,The New York Times,intern in office of the General Attorney,intern in office of the General Attorney,Jun 1976,Sep 1976,0.0,,The Washington Post,"intern, National Staff","intern, National Staff",Jun 1975,Aug 1975,0.0,,The Palm Beach Post,Reporter,Reporter,Aug 1973,Aug 1974,0.0,,The Associated Press,reporter/editor,reporter/editor,Apr 1973,Aug 1973,0.0,,,,,,,,,,,,,,,,,,,,,,,,,,,,,,,,,,,,,,,,,,,,,,,,,,,,,,,,,,,,,,,,,,,,,,,,,,,,,,,,,,,,,,,,,,,,,,,,,,,,,,,,,,,,,,,,,
person-0071,Los Angeles,Founder of Kloo l Ex-McKinsey + Harvard,Kloo,,,,,,,,,,,,,Harvard University,,,1,McKinsey,McKinsey & Company,McKinsey,McKinsey & Company,Aug 2018,2021,Ruggable,Strategy & Product Marketing Manager,Kloo,Founder & CEO of Kloo,Founder & CEO of Kloo,Jun 2024,Present,0,,GLAMNETIC,GLAMNETIC,Head of Product l Senior Director of Product and Consumer Strategy; Head of Product l Director of Product and Consumer Strategy,2022,2024,0.0,,Ruggable,Strategy & Product Marketing Manager,Strategy & Product Marketing Manager,2021,2022,0.0,,McKinsey & Company,McKinsey & Company,Junior Engagement Manager; Business Analyst,Aug 2018,2021,1.0,McKinsey,,,,,,,,,,,,,,,,,,,,,,,,,,,,,,,,,,,,,,,,,,,,,,,,,,,,,,,,,,,,,,,,,,,,,,,,,,,,,,,,,,,,,,,,,,,,,,,,,,,,,,,,,,,,,,,,,,,,,,,,,,,,,,,,,,,,,,,,,,,,,,,,,,,,,,,,,,,,,,,,,,,,,,,,,,,,,,,,,,,,,,,,,,,,,,,,,,,,
person-0072,,Enterprise Strategy @ Kohler Co. | Former McKinsey | Hoosier | Pickleball,Kohler Co.,,,,,,,,,,,,,Indiana University Bloomington,2022.0,2018.0,1,McKinsey,McKinsey & Company,McKinsey,McKinsey & Company,Sep 2022,Nov 2024,Kohler Co.,Senior Enterprise Strategy Analyst,Kohler Co.,Senior Enterprise Strategy Analyst,Senior Enterprise Strategy Analyst,Dec 2024,Present,0,,McKinsey & Company,McKinsey & Company,Senior Business Analyst; Business Analyst,Sep 2022,Nov 2024,1.0,McKinsey,Indiana University Bloomington,Indiana University Bloomington,Admissions Ambassador; Practice Player for Indiana University Volleyball Team,Sep 2018,May 2022,0.0,,Indiana University Men's Club Volleyball,Team Captain,Team Captain,Aug 2018,May 2022,0.0,,PwC,Transfer Pricing Intern,Transfer Pricing Intern,Jun 2021,Jul 2021,0.0,,Winnetka Congregational Church,Marketing/Messaging Intern,Marketing/Messaging Intern,Jun 2020,Aug 2020,0.0,,KENILWORTH-WINNETKA BASEBALL ASSOCIATION INC,Head Coach,Head Coach,May 2016,Aug 2020,0.0,,,,,,,,,,,,,,,,,,,,,,,,,,,,,,,,,,,,,,,,,,,,,,,,,,,,,,,,,,,,,,,,,,,,,,,,,,,,,,,,,,,,,,,,,,,,,,,,,,,,,,,,,,,,,,,,,,,,,,,,,,,,,,,,,,,,,,,,,,,,,,,,,,,,,,,,,,,,,,,,,,,,,,,,,,,,,,,,
person-0073,San Francisco,"Business Operations at TFH, building World",Tools for Humanity,Columbia Business School,2024.0,2023.0,,,,,,,,,,,,,1,McKinsey,McKinsey & Company,McKinsey,Consultant,May 2016,Apr 2018,Bessemer Trust,"Associate Vice President, Corporate Strategy",Tools for Humanity,Business Operations Manager,Business Operations Manager,Aug 2024,Present,0,,Bessemer Trust,Bessemer Trust,"Vice President, Corporate Strategy; Associate Vice President, Corporate Strategy",Apr 2018,Jan 2023,0.0,,McKinsey & Company,Consultant,Consultant,May 2016,Apr 2018,1.0,McKinsey,Johns Hopkins Whiting School of Engineering,Research Assistant - Experimental Fluid Dynamics Laboratory,Research Assistant - Experimental Fluid Dynamics Laboratory,Jan 2014,Aug 2014,0.0,,Johns Hopkins University,Research Assistant - Office of Sustainability,Research Assistant - Office of Sustainability,Aug 2012,May 2014,0.0,,,,,,,,,,,,,,,,,,,,,,,,,,,,,,,,,,,,,,,,,,,,,,,,,,,,,,,,,,,,,,,,,,,,,,,,,,,,,,,,,,,,,,,,,,,,,,,,,,,,,,,,,,,,,,,,,,,,,,,,,,,,,,,,,,,,,,,,,,,,,,,,,,,,,,,,,,,,,,,,,,,,,,,,,,,,,,,,,,,,,,,,,,,,,,
person-0074,,TikTok Global E-Commerce Strategy / ex-Kearney,TikTok,,,,Emory University,,,,,,,,,Nanjing Foreign Language School,,,1,"Bain, McKinsey",McKinsey & Company,McKinsey,PTA,Dec 2017,Jan 2018,Bain & Company,PTA,TikTok,Strategy & Analytics,Strategy & Analytics,Jan 2025,Present,0,,Kearney,Kearney,Senior Business Analyst; Business Analyst,May 2021,Dec 2024,0.0,,Suning,Strategic Planning Analyst,Strategic Planning Analyst,Jul 2019,Apr 2021,0.0,,Bain & Company,PTA,PTA,Apr 2018,Oct 2018,1.0,Bain,InterChina | Strategy | Corporate Finance,Summer Intern,Summer Intern,Jun 2018,Aug 2018,0.0,,McKinsey & Company,PTA,PTA,Dec 2017,Jan 2018,1.0,McKinsey,Forbes,Intern,Intern,Jun 2017,Jul 2017,0.0,,TED Conferences,Conference Organizer,Conference Organizer,Jul 2014,Mar 2017,0.0,,,,,,,,,,,,,,,,,,,,,,,,,,,,,,,,,,,,,,,,,,,,,,,,,,,,,,,,,,,,,,,,,,,,,,,,,,,,,,,,,,,,,,,,,,,,,,,,,,,,,,,,,,,,,,,,,,,,,,,,,,,,,,,,,,,,,,,,,,,,,,,,,,,,,,,,,,,,,,,,,,,,,,,,,
person-0075,New York,Amazon | Cornell MBA | ex-BCG | AI/ML & Data Analytics,Amazon,Cornell Johnson Graduate School of Management,,,Nanyang Technological University,,,,,,,,,Cornell Tech,,,1,BCG,Boston Consulting Group (BCG),BCG,Boston Consulting Group (BCG),Jul 2019,Nov 2023,IppoPay,Product Manager - Monetization & GTM,Amazon,PM - Product Strategy & Planning,PM - Product Strategy & Planning,Aug 2025,Present,0,,OpenAI,OpenAI Forum Member,OpenAI Forum Member,Aug 2025,Present,0.0,,Aedify,GTM Strategy Associate,GTM Strategy Associate,Jul 2025,Aug 2025,0.0,,EY,MBA Product Manager,MBA Product Manager,Aug 2024,Dec 2024,0.0,,IppoPay,Product Manager - Monetization & GTM,Product Manager - Monetization & GTM,Jan 2024,Mar 2024,0.0,,Boston Consulting Group (BCG),Boston Consulting Group (BCG),Senior Solutions Analyst - Product Management; Solutions Analyst - Product Management,Jul 2019,Nov 2023,1.0,BCG,SEAbridge Partners,SEAbridge Partners,Investment Banking Associate - Technology; Investment Banking Analyst - Technology,Oct 2016,Feb 2019,0.0,,,,,,,,,,,,,,,,,,,,,,,,,,,,,,,,,,,,,,,,,,,,,,,,,,,,,,,,,,,,,,,,,,,,,,,,,,,,,,,,,,,,,,,,,,,,,,,,,,,,,,,,,,,,,,,,,,,,,,,,,,,,,,,,,,,,,,,,,,,,,,,,,,,,,,,,,,,,,,,,,,,,,,,,,,,,,,,,
person-0076,Chicago,Digital Health Innovation | Neuroscience PhD | McKinsey Alum,EverythingALS,,,,Saint Petersburg State University,,,University of Helsinki,,,,,,Harvard University,,,1,McKinsey,McKinsey & Company,McKinsey,Senior Associate,Jan 2022,Apr 2024,EverythingALS,Research and Innovation Lead,EverythingALS,Research and Innovation Lead,Research and Innovation Lead,May 2024,Present,0,,McKinsey & Company,Senior Associate,Senior Associate,Jan 2022,Apr 2024,1.0,McKinsey,McLean Hospital,Research Fellow in Psychiatry,Research Fellow in Psychiatry,2016,Dec 2021,0.0,,Harvard Medical School,Research Fellow in Psychiatry,Research Fellow in Psychiatry,2016,Dec 2021,0.0,,Harvard GSAS Consulting Club,Harvard GSAS Consulting Club,Senior Vice President of External Relations; Vice President of Case Competition,Oct 2019,Sep 2021,0.0,,Harvard GSAS Business Club,Board Member | Harvard Global Case Competition Liaison,Board Member | Harvard Global Case Competition Liaison,Sep 2019,Jul 2021,0.0,,Harvard Graduate Volunteer Consulting Group,Harvard Graduate Volunteer Consulting Group,Principal Consultant; Associate Consultant,Mar 2020,Apr 2021,0.0,,Lindau Nobel Laureate Meetings | Max Planck Society | Else Kröner-Fresenius Foundation,Young Scientist at the 68th Lindau Nobel Laureate Meeting,Young Scientist at the 68th Lindau Nobel Laureate Meeting,Jun 2018,Jul 2018,0.0,,University of Helsinki,University of Helsinki,PhD Student; Teaching Assistant; Member of Student Council & International PhD Symposium Organizer,2011,2016,0.0,,University of Helsinki,Research Assistant,Research Assistant,2009,2010,0.0,,Sechenov Institute of Evolutionary Physiology and Biochemistry RAS,Undergraduate student,Undergraduate student,Mar 2006,Oct 2009,0.0,,Saint-Petersburg State University,Laboratory assistant,Laboratory assistant,Jul 2004,Oct 2005,0.0,,,,,,,,,,,,,,,,,,,,,,,,,,,,,,,,,,,,,,,,,,,,,,,,,,,,,,,,,,,,,,,,,,,,,,,,,,,,,,,,,,,,,,,,,,,,,,,,,,,,,,,,,,,,,,,,,,,,,,,,,,,,,,,,,,,,,,,,,,,,,
person-0077,,Healthcare Data Strategy,Medica,,,,,,,,,,,,,University of Minnesota-Twin Cities,2013.0,2010.0,1,McKinsey,McKinsey & Company,McKinsey,McKinsey & Company,Feb 2022,Jul 2025,Medica,Analytics Manager,Medica,Analytics Manager,Analytics Manager,Jul 2025,Present,0,,McKinsey & Company,McKinsey & Company,C&I Analytics Expert/Manager; C&I Analytics Specialist/Associate,Feb 2022,Jul 2025,1.0,McKinsey,"Aetna, a CVS Health Company",Sr Analytics Consultant,Sr Analytics Consultant,Oct 2019,Feb 2022,0.0,,HealthMine Inc.,Lead Operations Research Analyst,Lead Operations Research Analyst,Mar 2019,Oct 2019,0.0,,Allina Health,Data Analyst - Associate to Senior,Data Analyst - Associate to Senior,Jan 2013,Mar 2019,0.0,,UnitedHealthcare,Actuarial Intern,Actuarial Intern,Jun 2012,Aug 2012,0.0,,,,,,,,,,,,,,,,,,,,,,,,,,,,,,,,,,,,,,,,,,,,,,,,,,,,,,,,,,,,,,,,,,,,,,,,,,,,,,,,,,,,,,,,,,,,,,,,,,,,,,,,,,,,,,,,,,,,,,,,,,,,,,,,,,,,,,,,,,,,,,,,,,,,,,,,,,,,,,,,,,,,,,,,,,,,,,,,,,,,,,,
person-0078,,Human Resources Associate,Tomorrow's Women TODAY,,,,,,,,,,,,,Providence College,2016.0,2012.0,1,Bain,Bain & Company,Bain,Manager Assistant,Aug 2017,Apr 2020,Welch's,HR Coordinator,Tomorrow's Women TODAY,Member,Member,Oct 2023,Present,0,,Bain Capital,Bain Capital,HR Senior Associate; HR Associate; HR Coordinator,Nov 2021,Sep 2025,1.0,Bain,Welch's,HR Coordinator,HR Coordinator,Oct 2020,Nov 2021,0.0,,Bain & Company,Manager Assistant,Manager Assistant,Aug 2017,Apr 2020,1.0,Bain,"Starwood Hotels & Resorts Worldwide, Inc.",Sales Coordinator,Sales Coordinator,Jul 2016,Aug 2017,0.0,,,,,,,,,,,,,,,,,,,,,,,,,,,,,,,,,,,,,,,,,,,,,,,,,,,,,,,,,,,,,,,,,,,,,,,,,,,,,,,,,,,,,,,,,,,,,,,,,,,,,,,,,,,,,,,,,,,,,,,,,,,,,,,,,,,,,,,,,,,,,,,,,,,,,,,,,,,,,,,,,,,,,,,,,,,,,,,,,,,,,,,,,,,,,,
person-0079,New York,Senior Program Associate at Innovate Animal Ag,Innovate Animal Ag,,,,,,,,,,,,,University of Chicago,2022.0,2018.0,1,BCG,Boston Consulting Group (BCG),BCG,Associate,Jan 2023,Jun 2024,Independent Consultancy,Independent Consultant,Innovate Animal Ag,Senior Program Associate,Senior Program Associate,Jun 2025,Present,0,,Independent Consultancy,Independent Consultant,Independent Consultant,Aug 2024,Jul 2025,0.0,,Boston Consulting Group (BCG),Associate,Associate,Jan 2023,Jun 2024,1.0,BCG,InvestSmartXP,Financial Analyst,Financial Analyst,Aug 2022,Oct 2022,0.0,,Deloitte Consulting,Strategy Summer Scholar,Strategy Summer Scholar,Jun 2021,Aug 2021,0.0,,Thirty Million Words,Undergraduate Data Analyst,Undergraduate Data Analyst,Mar 2019,Sep 2020,0.0,,Eckhart Consulting,Eckhart Consulting,Engagement Manager; Consultant,Mar 2019,Jun 2020,0.0,,MBO Partners,Sales Intern,Sales Intern,Jul 2019,Sep 2019,0.0,,,,,,,,,,,,,,,,,,,,,,,,,,,,,,,,,,,,,,,,,,,,,,,,,,,,,,,,,,,,,,,,,,,,,,,,,,,,,,,,,,,,,,,,,,,,,,,,,,,,,,,,,,,,,,,,,,,,,,,,,,,,,,,,,,,,,,,,,,,,,,,,,,,,,,,,,,,,,,,,,,,,,,,,,
person-0080,Washington,"Advocating for a high energy, low emissions future",Clean Air Task Force,,,,,,,,,,Yale Law School,,,Pomona College,,,1,BCG,The Boston Consulting Group,BCG,Consultant (promoted from Associate),Jan 2013,Aug 2015,New York City Economic Development Corporation,"Senior Project Manager, Strategy",Clean Air Task Force,"Senior Manager, U.S. Federal Policy","Senior Manager, U.S. Federal Policy",Jun 2025,Present,0,,U.S. Department of Transportation,Senior Advisor,Senior Advisor,Jan 2025,Apr 2025,0.0,,Executive Office of the President,"Senior Policy Advisor, Climate Policy Office","Senior Policy Advisor, Climate Policy Office",Aug 2024,Jan 2025,0.0,,U.S. Department of Transportation,U.S. Department of Transportation,Senior Advisor; Special Assistant to the Assistant Secretary for Aviation & International Affairs,Nov 2021,Aug 2024,0.0,,Yale Center for Environmental Law & Policy,Associate Research Scholar,Associate Research Scholar,Aug 2021,Nov 2021,0.0,,Southern Environmental Law Center,Summer Intern,Summer Intern,Jul 2020,Aug 2020,0.0,,Cravath,Summer Associate,Summer Associate,Jun 2020,Jul 2020,0.0,,New York City Law Department,Summer Intern,Summer Intern,Jun 2019,Aug 2019,0.0,,Motivate International Inc.,Motivate International Inc.,Chief Of Staff; Strategy & Corporate Development Associate,Jan 2017,Jun 2018,0.0,,New York City Economic Development Corporation,"Senior Project Manager, Strategy","Senior Project Manager, Strategy",Aug 2015,Jan 2017,0.0,,The Boston Consulting Group,Consultant (promoted from Associate),Consultant (promoted from Associate),Jan 2013,Aug 2015,1.0,BCG,Montana Democratic Party,Staff,Staff,Jun 2012,Nov 2012,0.0,,Trust Company of the West,Intern,Intern,Jun 2011,Aug 2011,0.0,,U.S. House of Representatives,Congressional Intern,Congressional Intern,May 2011,Jun 2011,0.0,,Public Citizen,Intern,Intern,Jun 2010,Aug 2010,0.0,,,,,,,,,,,,,,,,,,,,,,,,,,,,,,,,,,,,,,,,,,,,,,,,,,,,,,,,,,,,,,,,,,,,,,,,,,,,,,,,,,,,,,,,,,,,,,,,,,,,,,,,,,,,,,,,,,,,,,,,
person-0081,New York,Leading the business development team to expand the customer base and develop collaborative business models,"Goertek, Alpha Labs",,,,,,,,,,,,,Columbia University in the City of New York,2019.0,2018.0,1,McKinsey,McKinsey & Company,McKinsey,Part Time Assistant,Dec 2018,Jan 2019,"Goertek, Alpha Labs",Director of Business Development,"Goertek, Alpha Labs",Director of Business Development,Director of Business Development,Dec 2021,Present,0,,Columbia Unversity,Postgraduate Student,Postgraduate Student,Sep 2018,Dec 2024,0.0,,McKinsey & Company,Part Time Assistant,Part Time Assistant,Dec 2018,Jan 2019,1.0,McKinsey,Samsung Electronics,Samsung Electronics,Associate Manager; Staff,Aug 2011,Feb 2016,0.0,,LG Economic Research Institute,Internship,Internship,Mar 2011,Apr 2011,0.0,,PwC,Internship,Internship,Dec 2010,Jan 2011,0.0,,,,,,,,,,,,,,,,,,,,,,,,,,,,,,,,,,,,,,,,,,,,,,,,,,,,,,,,,,,,,,,,,,,,,,,,,,,,,,,,,,,,,,,,,,,,,,,,,,,,,,,,,,,,,,,,,,,,,,,,,,,,,,,,,,,,,,,,,,,,,,,,,,,,,,,,,,,,,,,,,,,,,,,,,,,,,,,,,,,,,,,
person-0082,New York,"Executive Director | Senior Consultant, Healthcare & Digital Transformation | Strategic Advisor | Entrepreneur",Sia,Boston University,2008.0,2005.0,,,,,,,,,,Taras Shevchenko National University of Kyiv,2005.0,2001.0,1,BCG,Boston Consulting Group (BCG),BCG,Boston Consulting Group (BCG),2009,Jun 2024,"Berlin Beauty Health Medical Co., Ltd.",Executive Director,Sia,Independent Consultant,Independent Consultant,Jul 2024,Present,0,,"Berlin Beauty Health Medical Co., Ltd.",Executive Director,Executive Director,May 2019,Present,0.0,,Boston Consulting Group (BCG),Boston Consulting Group (BCG),Associate Director Project Management; Director of Business Operations; Senior Project Manager; Sales Consultant,2009,Jun 2024,1.0,BCG,,,,,,,,,,,,,,,,,,,,,,,,,,,,,,,,,,,,,,,,,,,,,,,,,,,,,,,,,,,,,,,,,,,,,,,,,,,,,,,,,,,,,,,,,,,,,,,,,,,,,,,,,,,,,,,,,,,,,,,,,,,,,,,,,,,,,,,,,,,,,,,,,,,,,,,,,,,,,,,,,,,,,,,,,,,,,,,,,,,,,,,,,,,,,,,,,,,,,,,,,,,
person-0083,Dallas,"Associate Manager at Accenture, Workday Reporting & Analytics",Cognizant,,,,,,,,,,,,,Stanford University,,,1,Bain,Bain & Company,Bain,Extern - Building Entrepreneurial Leaders (BEL) Program,Aug 2015,Aug 2015,Mercer,Workday Analyst,Umu Igbo Unite Corporation,Provost,Provost,Jan 2025,Present,0,,barre3,Fitness Instructor,Fitness Instructor,Feb 2024,Present,0.0,,Accenture,Accenture,Workday Associate Manager; Workday Consultant,May 2019,Present,0.0,,Mercer,Mercer,Workday Senior Analyst; Workday Analyst,Jan 2018,Apr 2019,0.0,,Shondaland,Production Intern - Grey’s Anatomy,Production Intern - Grey’s Anatomy,Jul 2017,Sep 2017,0.0,,KRON-TV,Assignment Desk Intern,Assignment Desk Intern,Apr 2017,Jun 2017,0.0,,Management Leadership for Tomorrow,Career Prep Fellow,Career Prep Fellow,Jun 2015,Dec 2016,0.0,,Good Morning America,Production Intern,Production Intern,Jun 2016,Sep 2016,0.0,,Stanford Student Enterprises,Project Manager - Student Consulting Group,Project Manager - Student Consulting Group,Nov 2015,Jun 2016,0.0,,Bain & Company,Extern - Building Entrepreneurial Leaders (BEL) Program,Extern - Building Entrepreneurial Leaders (BEL) Program,Aug 2015,Aug 2015,1.0,Bain,Bank of America,Extern - Elevate Diversity Forum,Extern - Elevate Diversity Forum,May 2015,May 2015,0.0,,,,,,,,,,,,,,,,,,,,,,,,,,,,,,,,,,,,,,,,,,,,,,,,,,,,,,,,,,,,,,,,,,,,,,,,,,,,,,,,,,,,,,,,,,,,,,,,,,,,,,,,,,,,,,,,,,,,,,,,,,,,,,,,,,,,,,,,,,,,,,,,,,,,
person-0084,Boston,Healthcare Informatics and Business Intelligence Analyst at Waymark,Waymark,,,,,,,,,,,,,Northeastern University,2021.0,2016.0,1,McKinsey,McKinsey & Company,McKinsey,McKinsey & Company,Oct 2021,Jul 2024,Waymark,Healthcare Informatics and Business Intelligence Analyst,Waymark,Healthcare Informatics and Business Intelligence Analyst,Healthcare Informatics and Business Intelligence Analyst,Nov 2024,Present,0,,McKinsey & Company,McKinsey & Company,Senior Research Science Analyst | Senior Solution Analyst; Capabilities & Insights Analyst,Oct 2021,Jul 2024,1.0,McKinsey,Iora Health,Clinical Performance and Strategy Intern,Clinical Performance and Strategy Intern,Jan 2020,Oct 2021,0.0,,Johns Hopkins Center For Talented Youth (CTY),Resident Assistant,Resident Assistant,Jun 2019,Aug 2019,0.0,,Tufts Clinical and Translational Science Institute (CTSI),Health Policy Research Assistant,Health Policy Research Assistant,Jul 2018,Dec 2018,0.0,,,,,,,,,,,,,,,,,,,,,,,,,,,,,,,,,,,,,,,,,,,,,,,,,,,,,,,,,,,,,,,,,,,,,,,,,,,,,,,,,,,,,,,,,,,,,,,,,,,,,,,,,,,,,,,,,,,,,,,,,,,,,,,,,,,,,,,,,,,,,,,,,,,,,,,,,,,,,,,,,,,,,,,,,,,,,,,,,,,,,,,,,,,,,,
person-0085,Rochester,Senior Financial Analyst,SPX FLOW Mixing Solutions,US-EAD Westfield Business School,2020.0,2018.0,,,,,,,,,,,2022.0,2022.0,1,McKinsey,Mckinsey & Company Colombia Inc,McKinsey,Accountant,Jan 2008,Dec 2011,McKinsey & Company,Contador,SPX FLOW Mixing Solutions,SPX FLOW Mixing Solutions,Senior Financial Analyst; COMMERCIAL PROCESS EXCELENCE PROCESS SPECIALIST,May 2022,Present,0,,SPX FLOW INC.,SPX FLOW INC.,REGIONAL CUSTOMER EXPERIENCE MANAGER; Site Controller,May 2013,Sep 2024,0.0,,Intellity Consulting,Contador senior,Contador senior,Aug 2012,Apr 2013,0.0,,McKinsey & Company,Contador,Contador,Jan 2008,Dec 2011,1.0,McKinsey,Mckinsey & Company Colombia Inc,Accountant,Accountant,Jan 2008,Dec 2011,1.0,McKinsey,"Black Rock, Edinburgh",Voluntary,Voluntary,Oct 2011,Nov 2011,0.0,,Transfercargo S.A.,Gerente Administrativa y Contable,Gerente Administrativa y Contable,Jun 2001,Sep 2007,0.0,,Transfercargo S,Accountant,Accountant,Jan 2001,Jan 2007,0.0,,Internacional de Vehículos Ltda,Asistente Contraloria,Asistente Contraloria,Apr 1998,Feb 2001,0.0,,Internacional de Vehiculos,Auditing Assistant,Auditing Assistant,Jan 1998,Jan 2001,0.0,,Atipal Bogotá Ltda,Assistant and cost accounting,Assistant and cost accounting,Jan 1995,Jan 1997,0.0,,Cooperativa Multiactiva de,Fiscal Assistant Auditor,Fiscal Assistant Auditor,Jan 1994,Jan 1995,0.0,,,,,,,,,,,,,,,,,,,,,,,,,,,,,,,,,,,,,,,,,,,,,,,,,,,,,,,,,,,,,,,,,,,,,,,,,,,,,,,,,,,,,,,,,,,,,,,,,,,,,,,,,,,,,,,,,,,,,,,,,,,,,,,,,,,,,,,,,,,,,
person-0086,New York,Leadership Coach & Facilitator | Ex-McKinsey,Alan Wu Consulting,University of Pennsylvania - The Wharton School,2017.0,2015.0,,,,,,,,,,,2007.0,1994.0,1,McKinsey,McKinsey & Company,McKinsey,McKinsey & Company,Aug 2017,Apr 2024,Alan Wu Consulting,Leadership Coach & Facilitator,Alan Wu Consulting,Leadership Coach & Facilitator,Leadership Coach & Facilitator,Mar 2024,Present,0,,McKinsey & Company,McKinsey & Company,Engagement Manager; Associate,Aug 2017,Apr 2024,1.0,McKinsey,The Wharton School,MBA Candidate,MBA Candidate,Aug 2015,May 2017,0.0,,McKinsey & Company,Summer Associate,Summer Associate,May 2016,Aug 2016,1.0,McKinsey,DDB San Francisco,DDB San Francisco,Account Manager; Account Executive,Aug 2013,Jun 2015,0.0,,Draftfcb,Draftfcb,Account Executive; Assistant Account Executive,Nov 2011,Aug 2013,0.0,,Form & Function Marketing Group,"Co-Founder, Executive Director of Accounts Services","Co-Founder, Executive Director of Accounts Services",Nov 2009,Mar 2011,0.0,,,,,,,,,,,,,,,,,,,,,,,,,,,,,,,,,,,,,,,,,,,,,,,,,,,,,,,,,,,,,,,,,,,,,,,,,,,,,,,,,,,,,,,,,,,,,,,,,,,,,,,,,,,,,,,,,,,,,,,,,,,,,,,,,,,,,,,,,,,,,,,,,,,,,,,,,,,,,,,,,,,,,,,,,,,,,,,,
person-0087,Philadelphia,"Head of Associates, Americas at Spencer Stuart",Spencer Stuart,,,,,,,,,,,,,University of Pennsylvania,2022.0,2021.0,1,McKinsey,McKinsey & Company,McKinsey,Director of US Business Analyst Program,Jun 1998,May 2005,Oliver Wyman,"Head of Human Capital, North America",Spencer Stuart,Spencer Stuart,"Head of Associates, the Americas; Head of Associates and Analysts, US; Director of Associates",May 2011,Present,0,,The Wharton School of the University of Pennsylvania,"Senior Associate Director, MBA Career Management","Senior Associate Director, MBA Career Management",Sep 2009,Jun 2011,0.0,,Oliver Wyman,"Head of Human Capital, North America","Head of Human Capital, North America",Jun 2005,Sep 2009,0.0,,McKinsey & Company,Director of US Business Analyst Program,Director of US Business Analyst Program,Jun 1998,May 2005,1.0,McKinsey,Surdna Foundation,Associate Program Officer,Associate Program Officer,Aug 1994,May 1998,0.0,,,,,,,,,,,,,,,,,,,,,,,,,,,,,,,,,,,,,,,,,,,,,,,,,,,,,,,,,,,,,,,,,,,,,,,,,,,,,,,,,,,,,,,,,,,,,,,,,,,,,,,,,,,,,,,,,,,,,,,,,,,,,,,,,,,,,,,,,,,,,,,,,,,,,,,,,,,,,,,,,,,,,,,,,,,,,,,,,,,,,,,,,,,,,,
person-0088,Lake Worth,HR Generalist,H&R Block,,,,,,,,,,,,,Florida Atlantic University,2015.0,2015.0,1,McKinsey,McKinsey & Company,McKinsey,Office Services Coordinator,Jan 2000,Jul 2001,Starbucks Coffee Company,Shift Supervisor,Tower Hill Insurance Group,Human Resources Generalist,Human Resources Generalist,May 2023,Present,0,,Mutual of America Financial Group,Document and Compliance Generalist,Document and Compliance Generalist,Feb 2023,Oct 2023,0.0,,Tower Hill Insurance Group,Administrative Coordinator,Administrative Coordinator,Oct 2022,Feb 2023,0.0,,Ultimate Staffing,Human Resources Coordinator,Human Resources Coordinator,Jan 2022,Feb 2022,0.0,,Geosyntec Consultants,Geosyntec Consultants,Senior Human Resources Coordinator; Human Resources Assistant,Mar 2016,Dec 2021,0.0,,Kforce,Third Party Labor Sourcing Specialist at PwC,Third Party Labor Sourcing Specialist at PwC,May 2013,May 2014,0.0,,Starbucks Coffee Company,Shift Supervisor,Shift Supervisor,Feb 2005,Jul 2009,0.0,,McKinsey & Company,Office Services Coordinator,Office Services Coordinator,Jan 2000,Jul 2001,1.0,McKinsey,Walt Disney World,College Program Intern,College Program Intern,Jan 1997,Apr 1997,0.0,,,,,,,,,,,,,,,,,,,,,,,,,,,,,,,,,,,,,,,,,,,,,,,,,,,,,,,,,,,,,,,,,,,,,,,,,,,,,,,,,,,,,,,,,,,,,,,,,,,,,,,,,,,,,,,,,,,,,,,,,,,,,,,,,,,,,,,,,,,,,,,,,,,,,,,,,,,,,,,,,,
person-0089,Jacksonville,Executive Assistant,FIS,,,,,,,,,,,,,University of Georgia,2003.0,2001.0,1,Bain,Bain & Company,Bain,Bain & Company,Jun 2013,Feb 2019,Georgia-Pacific LLC,Executive Assistant and Office Manager,FIS,Executive Assistant,Executive Assistant,Jan 2024,Present,0,,Roboyo,Roboyo,Executive Assistant to Global CBO & Finance Associate; Executive & Administrative Assistant,Nov 2020,Jan 2024,0.0,,Georgia-Pacific LLC,Executive Assistant and Office Manager,Executive Assistant and Office Manager,Feb 2019,Oct 2020,0.0,,Bain & Company,Bain & Company,Executive Assistant; Manager Assistant,Jun 2013,Feb 2019,1.0,Bain,Sutherland Asbill & Brennan LLP,Administrative Assistant,Administrative Assistant,Jul 2011,May 2013,0.0,,"Parker Young Construction & Firestar, Inc.",Administrative Assistant,Administrative Assistant,Apr 2006,May 2008,0.0,,Columbus Ledger-Enquirer,Inside Sales Representative,Inside Sales Representative,Sep 2004,Sep 2005,0.0,,The Small Business Development Center at UNF,Student Assistant,Student Assistant,Aug 1999,May 2001,0.0,,,,,,,,,,,,,,,,,,,,,,,,,,,,,,,,,,,,,,,,,,,,,,,,,,,,,,,,,,,,,,,,,,,,,,,,,,,,,,,,,,,,,,,,,,,,,,,,,,,,,,,,,,,,,,,,,,,,,,,,,,,,,,,,,,,,,,,,,,,,,,,,,,,,,,,,,,,,,,,,,,,,,,,,,
person-0090,Oakland,Healthcare Executive | Strategy | Consumer Experience | Board Leadership | Good Governance,Oakland Charter Reform Project,,,,,,,,,,,,,Harvard University Kennedy School of Government,1986.0,1986.0,1,Bain,Bain & Company,Bain,Associate Consultant,1989,1992,Kaiser Permanente,"Market Research Analyst, Project Manager, Product Developer, Strategy Consultant",Kaiser Permanente,Kaiser Permanente,"Executive Director, Consumer Experience Strategy; Senior Director, Marketing Finance and Marketing Vendor Management; Director, Marketing Program Innovation; Market Research Analyst, Project Manager, Product Developer, Strategy Consultant",1992,Feb 2025,0,,Bain & Company,Associate Consultant,Associate Consultant,1989,1992,1.0,Bain,U.S. Department of the Treasury,"International Economist, Offices of Trade Finance and Trade Policy","International Economist, Offices of Trade Finance and Trade Policy",1986,1988,0.0,,,,,,,,,,,,,,,,,,,,,,,,,,,,,,,,,,,,,,,,,,,,,,,,,,,,,,,,,,,,,,,,,,,,,,,,,,,,,,,,,,,,,,,,,,,,,,,,,,,,,,,,,,,,,,,,,,,,,,,,,,,,,,,,,,,,,,,,,,,,,,,,,,,,,,,,,,,,,,,,,,,,,,,,,,,,,,,,,,,,,,,,,,,,,,,,,,,,,,,,,,,,
person-0091,,MPA-DP at Columbia SIPA | CHAI | FSG | Bain & Company,Halcyon,,,,,,,,,,,,,Columbia University,2026.0,2024.0,1,Bain,Bain & Company,Bain,Bain & Company,Sep 2020,Apr 2023,FSG,Associate,Columbia | SIPA,Graduate Teaching Assistant,Graduate Teaching Assistant,Sep 2025,Present,0,,"Clinton Health Access Initiative, Inc.","Graduate Summer Intern, Women's and Newborn Health","Graduate Summer Intern, Women's and Newborn Health",Jun 2025,Aug 2025,0.0,,Columbia Global,Graduate Research Assistant,Graduate Research Assistant,Mar 2025,Jun 2025,0.0,,FSG,Associate,Associate,Apr 2023,May 2024,0.0,,Bain & Company,Bain & Company,Associate; Senior Analyst; Analyst,Sep 2020,Apr 2023,1.0,Bain,Bharti Airtel,Market Research Intern,Market Research Intern,Jun 2018,Jul 2018,0.0,,,,,,,,,,,,,,,,,,,,,,,,,,,,,,,,,,,,,,,,,,,,,,,,,,,,,,,,,,,,,,,,,,,,,,,,,,,,,,,,,,,,,,,,,,,,,,,,,,,,,,,,,,,,,,,,,,,,,,,,,,,,,,,,,,,,,,,,,,,,,,,,,,,,,,,,,,,,,,,,,,,,,,,,,,,,,,,,,,,,,,,
person-0092,Old Greenwich,Banker | Strategy Enthusiast | Passionate About M&A and Impact Investing,Citi,,,,,,,,,,,,,國立臺灣大學,2023.0,2019.0,1,"BCG, McKinsey",Boston Consulting Group (BCG),BCG,SCAP Apprentice,Sep 2022,Dec 2022,beBit,Consulting PTA,Citi,Management Associate,Management Associate,Jul 2024,Present,0,,KPMG Corporate Finance LLC,M&A Intern,M&A Intern,Nov 2023,Jul 2024,0.0,,J.P. 摩根,2023 Taiwan Mentorship Program,2023 Taiwan Mentorship Program,Oct 2023,Jul 2024,0.0,,BizPro Taipei,Junior Member,Junior Member,Sep 2023,Jul 2024,0.0,,NTU Consulting Club,Contributor of Taiwan’s AI & Semiconductor Roadmap,Contributor of Taiwan’s AI & Semiconductor Roadmap,Sep 2023,Jul 2024,0.0,,Digital Doctor Private Limited,Project Member,Project Member,Sep 2023,Feb 2024,0.0,,摩根士丹利,Women in Wealth LIFT College Leadership Academy,Women in Wealth LIFT College Leadership Academy,Nov 2023,Nov 2023,0.0,,鮮乳坊(慕渴股份有限公司),ESG Consultant,ESG Consultant,Oct 2023,Nov 2023,0.0,,花旗,花旗,Summer Analyst; Citi Campus Ambassador,Feb 2023,Sep 2023,0.0,,CBS International Case Teams,CHANGE21 Member,CHANGE21 Member,Nov 2022,Apr 2023,0.0,,Deloitte,Championship of 2023 Business Case Challenge,Championship of 2023 Business Case Challenge,Feb 2023,Mar 2023,0.0,,CBS Case Competition,Global Ambassador,Global Ambassador,Nov 2022,Mar 2023,0.0,,beBit,Consulting PTA,Consulting PTA,Sep 2022,Dec 2022,0.0,,Boston Consulting Group (BCG),SCAP Apprentice,SCAP Apprentice,Sep 2022,Dec 2022,1.0,BCG,beBit TECH,Research and Analysis Intern,Research and Analysis Intern,May 2022,Dec 2022,0.0,,ByteDance,Research Assistant,Research Assistant,Sep 2022,Sep 2022,0.0,,TCG Capital,Investment Analyst,Investment Analyst,Aug 2021,Sep 2022,0.0,,NTU Critical Thinking and Problem Solving (CTPS),CTPS Teaching Assistant,CTPS Teaching Assistant,Aug 2021,Sep 2022,0.0,,麥肯錫公司,Summer Reception,Summer Reception,Aug 2021,Aug 2021,1.0,McKinsey,Global Initiatives Symposium in Taiwan,Global Initiatives Symposium in Taiwan,Director of Global Partnership and Delegate Affairs; Officer of Global Partnership and Delegate Affairs,Oct 2019,Aug 2021,0.0,,J.P. Morgan Asset Management,AWMC Regional Finalist,AWMC Regional Finalist,Feb 2021,Jun 2021,0.0,,NTU Consulting Club,Apprentice,Apprentice,Sep 2020,Dec 2020,0.0,,,,,,,,,,,,,,,,,,,,,,,,,,,,,,,,,,,,,,,,,,,,,,,,,,,,,,,,,,,,,,,,,,,,,,,
person-0093,,Student at The Wharton School,Black Wharton Consulting,The Wharton School,2023.0,2023.0,,,,,,,,,,Robbinsville High School,2019.0,2019.0,1,"BCG, McKinsey",McKinsey & Company,McKinsey,Up Next First Year Leadership Summit,Apr 2024,Apr 2024,Boston Consulting Group (BCG),Bridge to Consulting Program,Black Wharton Consulting,Black Wharton Consulting,Consultant Development Chair; Project Leader; Consultant,Oct 2023,Present,0,,Boston Consulting Group (BCG),Sophomore Summer Associate,Sophomore Summer Associate,Jun 2025,Aug 2025,1.0,BCG,PwC,Non-Profit Strategy Consultant,Non-Profit Strategy Consultant,May 2024,Jul 2024,0.0,,Boston Consulting Group (BCG),Bridge to Consulting Program,Bridge to Consulting Program,Jun 2024,Jun 2024,1.0,BCG,McKinsey & Company,Up Next First Year Leadership Summit,Up Next First Year Leadership Summit,Apr 2024,Apr 2024,1.0,McKinsey,Crushers,Founder,Founder,Jul 2021,Mar 2024,0.0,,Saladworks,Crew Member,Crew Member,Jun 2022,Aug 2023,0.0,,,,,,,,,,,,,,,,,,,,,,,,,,,,,,,,,,,,,,,,,,,,,,,,,,,,,,,,,,,,,,,,,,,,,,,,,,,,,,,,,,,,,,,,,,,,,,,,,,,,,,,,,,,,,,,,,,,,,,,,,,,,,,,,,,,,,,,,,,,,,,,,,,,,,,,,,,,,,,,,,,,,,,,,,,,,,,,,
person-0094,Greensboro,Spatial Statistics @ Esri,Esri,,,,,,,,,,,,,North Carolina State University,2020.0,2019.0,1,Bain,Bain & Company,Bain,Bain & Company,Jul 2020,Sep 2022,University of Redlands,Adjunct Faculty,Esri,Senior Product Engineer,Senior Product Engineer,Sep 2022,Present,0,,University of Redlands,Adjunct Faculty,Adjunct Faculty,Dec 2023,Dec 2024,0.0,,Bain & Company,Bain & Company,"Manager, Data Science; Senior Associate, Data Science",Jul 2020,Sep 2022,1.0,Bain,,,,,,,,,,,,,,,,,,,,,,,,,,,,,,,,,,,,,,,,,,,,,,,,,,,,,,,,,,,,,,,,,,,,,,,,,,,,,,,,,,,,,,,,,,,,,,,,,,,,,,,,,,,,,,,,,,,,,,,,,,,,,,,,,,,,,,,,,,,,,,,,,,,,,,,,,,,,,,,,,,,,,,,,,,,,,,,,,,,,,,,,,,,,,,,,,,,,,,,,,,,
person-0095,Clemson,Real Estate Professional Advisor/Independent Consultant - Media Spending Optimization,Jocassee Real Estate,,,,,,,,,,,,,University of Missouri-Columbia,1992.0,1988.0,1,BCG,The Boston Consulting Group,BCG,Independent Contractor,Jun 2015,Present,Jocassee Real Estate,Real Estate Sales Professional,Jocassee Real Estate,Real Estate Sales Professional,Real Estate Sales Professional,Jul 2012,Present,0,,The Boston Consulting Group,Independent Contractor,Independent Contractor,Jun 2015,Present,1.0,BCG,Procter & Gamble,Procter & Gamble,"Associate Director, Media and Marketing Services Buying - Asia; Asociate Director, North America Media Purchases",Mar 2003,Jul 2012,0.0,,,,,,,,,,,,,,,,,,,,,,,,,,,,,,,,,,,,,,,,,,,,,,,,,,,,,,,,,,,,,,,,,,,,,,,,,,,,,,,,,,,,,,,,,,,,,,,,,,,,,,,,,,,,,,,,,,,,,,,,,,,,,,,,,,,,,,,,,,,,,,,,,,,,,,,,,,,,,,,,,,,,,,,,,,,,,,,,,,,,,,,,,,,,,,,,,,,,,,,,,,,,
person-0096,,Executive Assistant with over 10 years of experience in administrative business partnering and project management.,The Thomas Group dba Virtual Assistant Service and Technology,,,,,,,,,,,,,San Francisco State University,2002.0,2000.0,1,"BCG, McKinsey",McKinsey & Company,McKinsey,Executive Assistant,May 2007,Feb 2008,The Boston Consulting Group,Executive Assistant,The Thomas Group dba Virtual Assistant Service and Technology,Executive Assistant | Project Manager | Independent Consultant,Executive Assistant | Project Manager | Independent Consultant,Jan 2020,Present,0,,Korn Ferry,Project Coordinator | Executive Assistant: Technology Practice | CXO,Project Coordinator | Executive Assistant: Technology Practice | CXO,Nov 2016,Jan 2020,0.0,,The Boston Consulting Group,Executive Assistant,Executive Assistant,Mar 2008,May 2016,1.0,BCG,McKinsey & Company,Executive Assistant,Executive Assistant,May 2007,Feb 2008,1.0,McKinsey,Instituto Familiar de la Raza,"Manager, Human Resource","Manager, Human Resource",Feb 2006,Jun 2006,0.0,,Robert Half International - OfficeTeam,Staffing Manager,Staffing Manager,Sep 2005,Dec 2005,0.0,,"Associated Students, San Francisco State University","Director, Human Resources","Director, Human Resources",Sep 1999,Sep 2004,0.0,,"Associated Students, San Francisco State University","Associated Students, San Francisco State University",Associate Human Resource Director; Human Resource Manager; Travel Coordinator/Payroll Processor; Executive Assistant to the President; Clerical Assistant,1992,1999,0.0,,,,,,,,,,,,,,,,,,,,,,,,,,,,,,,,,,,,,,,,,,,,,,,,,,,,,,,,,,,,,,,,,,,,,,,,,,,,,,,,,,,,,,,,,,,,,,,,,,,,,,,,,,,,,,,,,,,,,,,,,,,,,,,,,,,,,,,,,,,,,,,,,,,,,,,,,,,,,,,,,,,,,,,,,
person-0097,Cleveland,Gunton Corporation,Pella Windows and Doors | Gunton Corporation,University of Virginia Darden School of Business,2021.0,2019.0,,,,,,,,,,,2010.0,2006.0,1,McKinsey,McKinsey & Company,McKinsey,Associate,Nov 2021,Nov 2023,Pella Windows and Doors | Gunton Corporation,Rotational Trainee,Pella Windows and Doors | Gunton Corporation,Pella Windows and Doors | Gunton Corporation,Strategic Development Manager; Rotational Trainee,Jun 2024,Present,0,,McKinsey & Company,Associate,Associate,Nov 2021,Nov 2023,1.0,McKinsey,EY-Parthenon,M&A Strategy Summer Consultant,M&A Strategy Summer Consultant,Jun 2020,Aug 2020,0.0,,Gartner (acquired CEB),Business Development Executive,Business Development Executive,Jul 2016,Dec 2018,0.0,,CEB,CEB,Senior Business Development Specialist (Sales and Service Professional Development Program- SSPD); Business Development Specialist (Sales and Service Professional Development Program- SSPD); Business Development Associate (Sales and Service Professional Development Program- SSPD),Jan 2015,Jul 2016,0.0,,The Nantucket Project,Volunteer,Volunteer,Sep 2014,Sep 2014,0.0,,NYSE Euronext,NYSE Technologies Finance Group Intern,NYSE Technologies Finance Group Intern,Jun 2013,Jul 2013,0.0,,New Heights Research,Intern,Intern,May 2012,Jun 2012,0.0,,,,,,,,,,,,,,,,,,,,,,,,,,,,,,,,,,,,,,,,,,,,,,,,,,,,,,,,,,,,,,,,,,,,,,,,,,,,,,,,,,,,,,,,,,,,,,,,,,,,,,,,,,,,,,,,,,,,,,,,,,,,,,,,,,,,,,,,,,,,,,,,,,,,,,,,,,,,,,,,,,,,,,,,,
person-0098,San Francisco,"Data Science in Marketing and Product | B2B, B2C, Ads, Fin-Tech | ex-Google | Former Classical/Arts Management",Coinbase,,,,Boston University,,,,,,,,,John Paul College,,,1,Bain,Bain & Company,Bain,Global Marketing Coordinator,Jan 2010,Jun 2010,Vistaprint,Marketing Analyst,Coinbase,Senior Data Scientist,Senior Data Scientist,Nov 2024,Present,0,,Google,Google,"Senior Product Data Scientist, Search Ads and Ads on Google Experiences; Quantitative Marketing Manager, Global Ads Acquisition Marketing; Senior Analytics Manager",May 2014,Oct 2024,0.0,,IPG Mediabrands,"Manager, Research and Analytics","Manager, Research and Analytics",2012,2014,0.0,,Vistaprint,Marketing Analyst,Marketing Analyst,2010,2012,0.0,,Bain & Company,Global Marketing Coordinator,Global Marketing Coordinator,Jan 2010,Jun 2010,1.0,Bain,Harvard University,Research Assistant,Research Assistant,2008,2009,0.0,,IMG Artists,Sales and Marketing Assistant,Sales and Marketing Assistant,Jan 2008,Jun 2008,0.0,,,,,,,,,,,,,,,,,,,,,,,,,,,,,,,,,,,,,,,,,,,,,,,,,,,,,,,,,,,,,,,,,,,,,,,,,,,,,,,,,,,,,,,,,,,,,,,,,,,,,,,,,,,,,,,,,,,,,,,,,,,,,,,,,,,,,,,,,,,,,,,,,,,,,,,,,,,,,,,,,,,,,,,,,,,,,,,,
person-0099,New York,Audax Private Debt | MBA at Columbia | ex-McKinsey,Audax Private Debt,Columbia Business School,2024.0,2022.0,,,,,,,,,,,2014.0,2009.0,1,McKinsey,McKinsey & Company,McKinsey,McKinsey & Company,Jan 2020,Oct 2024,Audax Private Debt,Associate,Audax Private Debt,Associate,Associate,Jun 2025,Present,0,,ProGuard,Value Creation MBA Intern,Value Creation MBA Intern,Oct 2024,May 2025,0.0,,Coleville Partners,Value Creation MBA Intern,Value Creation MBA Intern,Oct 2024,May 2025,0.0,,McKinsey & Company,McKinsey & Company,Associate; Business Analyst,Jan 2020,Oct 2024,1.0,McKinsey,Cathay Capital,PE Associate,PE Associate,Jun 2024,Sep 2024,0.0,,Sciens Capital Management,Sciens Capital Management,PE Associate; PE Summer Associate,May 2023,Dec 2023,0.0,,EY,Advisory Intern - Technology,Advisory Intern - Technology,Sep 2019,Dec 2019,0.0,,Dynamic Center,Cardiofitness Instructor and Reception/Registrations Supervisor,Cardiofitness Instructor and Reception/Registrations Supervisor,Sep 2014,Oct 2019,0.0,,Accenture,Research Intern - Financial Services,Research Intern - Financial Services,Jun 2018,Sep 2018,0.0,,Università degli Studi di Pavia,Laboratory Assistant,Laboratory Assistant,Jun 2013,Jun 2013,0.0,,,,,,,,,,,,,,,,,,,,,,,,,,,,,,,,,,,,,,,,,,,,,,,,,,,,,,,,,,,,,,,,,,,,,,,,,,,,,,,,,,,,,,,,,,,,,,,,,,,,,,,,,,,,,,,,,,,,,,,,,,,,,,,,,,,,,,,,,,,,,,,,,,,,,,,,,,,
person-0100,Wellington,Chief Strategy Officer - Tenet Palm Beach Market | Ex-McKinsey; Ex-Davita,Tenet Healthcare,Northwestern University - Kellogg School of Management,2019.0,2017.0,,,,,,,,,,,2012.0,2008.0,1,McKinsey,McKinsey & Company,McKinsey,Engagement Manager,Aug 2019,Dec 2021,Tenet Healthcare,"Senior Director, Business Planning",Tenet Healthcare,Tenet Healthcare,"Group Chief Strategy Officer; Senior Director, Business Planning",Jan 2022,Present,0,,McKinsey & Company,Engagement Manager,Engagement Manager,Aug 2019,Dec 2021,1.0,McKinsey,McKinsey & Company,Summer Associate,Summer Associate,Jun 2018,Aug 2018,1.0,McKinsey,DaVita Kidney Care,DaVita Kidney Care,"Manager, Home Modalities; Analyst, Corporate Strategy",Mar 2013,Jul 2017,0.0,,Brigham Young University,Brigham Young University,Teaching/Research Assistant; Training Module Developer,May 2009,Dec 2012,0.0,,DaVita Kidney Care,Analyst-Intern,Analyst-Intern,Jun 2012,Aug 2012,0.0,,Saint Vincent Catholic Hospitals,Intern,Intern,May 2011,May 2012,0.0,,,,,,,,,,,,,,,,,,,,,,,,,,,,,,,,,,,,,,,,,,,,,,,,,,,,,,,,,,,,,,,,,,,,,,,,,,,,,,,,,,,,,,,,,,,,,,,,,,,,,,,,,,,,,,,,,,,,,,,,,,,,,,,,,,,,,,,,,,,,,,,,,,,,,,,,,,,,,,,,,,,,,,,,,,,,,,,,
person-0101,,Analyst at U.S. Bancorp Asset Management | EX- Investment Banking Analyst| Ex- Jp Morgan Chase | Penn State University| Finance & Marketing,U.S. Bancorp Asset Management,,,,,,,,,,,,,Penn State University,2024.0,2019.0,1,BCG,Boston Consulting Group (BCG),BCG,Startegy Consulting Job Stimulation,Apr 2024,May 2024,JPMorgan Chase & Co.,Banker,U.S. Bancorp Asset Management,Investment Services,Investment Services,Dec 2024,Present,0,,"The Amazing Group, LLC",Investment Banking Summer Analyst,Investment Banking Summer Analyst,Jun 2024,Oct 2024,0.0,,JPMorgan Chase & Co.,Banker,Banker,Apr 2024,Aug 2024,0.0,,Boston Consulting Group (BCG),Startegy Consulting Job Stimulation,Startegy Consulting Job Stimulation,Apr 2024,May 2024,1.0,BCG,PSH Student Investment Fund,PSH Student Investment Fund,Treasurer; Analyst,Oct 2023,Apr 2024,0.0,,ILEM JAPAN,Business Development and Startegist,Business Development and Startegist,Aug 2023,Dec 2023,0.0,,HELM GROUP II LLC,Financial Planning and Analysis (FP & A Analyst),Financial Planning and Analysis (FP & A Analyst),Dec 2022,Jan 2023,0.0,,Penn State University,Startup Weekend,Startup Weekend,Nov 2022,Nov 2022,0.0,,J.P. Morgan,Stimulated Investment Banking Experience,Stimulated Investment Banking Experience,Apr 2022,May 2022,0.0,,Penn State University,Teaching Assistant,Teaching Assistant,Jan 2022,May 2022,0.0,,"HACC, Central Pennsylvania's Community College",Social Media Marketing Intern,Social Media Marketing Intern,Aug 2020,Dec 2020,0.0,,Penn State University,Mentor,Mentor,Aug 2020,Dec 2020,0.0,,,,,,,,,,,,,,,,,,,,,,,,,,,,,,,,,,,,,,,,,,,,,,,,,,,,,,,,,,,,,,,,,,,,,,,,,,,,,,,,,,,,,,,,,,,,,,,,,,,,,,,,,,,,,,,,,,,,,,,,,,,,,,,,,,,,,,,,,,,,,
person-0102,,Creator Ops at TikTok | ex-Bain | Kellogg MBA & MS Design Innovation,TikTok,Northwestern University - Kellogg School of Management,2022.0,2020.0,,,,,,,,,,,2014.0,2010.0,1,Bain,Bain & Company,Bain,Bain & Company,Aug 2022,Aug 2025,TikTok,Creator Operations Manager,TikTok,Creator Operations Manager,Creator Operations Manager,Oct 2025,Present,0,,Bain & Company,Bain & Company,Manager; Consultant,Aug 2022,Aug 2025,1.0,Bain,Northwestern University - Kellogg School of Management,MBA + MS Design Innovation Candidate (MMM Program),MBA + MS Design Innovation Candidate (MMM Program),Jul 2020,Jun 2022,0.0,,Chingona Ventures,Venture Associate,Venture Associate,Jan 2022,Mar 2022,0.0,,Amazon,Senior Product Manager MBA Intern,Senior Product Manager MBA Intern,Jun 2021,Aug 2021,0.0,,Meggitt,Meggitt,Senior Global Compensation Analyst; Global Compensation Analyst,Mar 2017,Jul 2020,0.0,,Mercer,Mercer,Associate Consultant; Consulting Senior Analyst; Consulting Analyst,Jul 2014,Mar 2017,0.0,,Wells Fargo,Commercial Strategies Intern,Commercial Strategies Intern,May 2013,Aug 2013,0.0,,Deloitte,Strategy Intern,Strategy Intern,Jun 2012,Aug 2012,0.0,,,,,,,,,,,,,,,,,,,,,,,,,,,,,,,,,,,,,,,,,,,,,,,,,,,,,,,,,,,,,,,,,,,,,,,,,,,,,,,,,,,,,,,,,,,,,,,,,,,,,,,,,,,,,,,,,,,,,,,,,,,,,,,,,,,,,,,,,,,,,,,,,,,,,,,,,,,,,,,,,,
person-0103,San Francisco,"Early-Stage @ Pear VC | Seed-Funded Founder | ex- PwC, GE Vernova, HP Tech Ventures | President @ Venture Capital Association | Lead PM @ Technology Entrepreneur Center",Pear VC,,,,,,,,,,,,,University of Illinois Urbana-Champaign,2026.0,2022.0,1,"BCG, McKinsey",Boston Consulting Group (BCG),BCG,BCG Launch,May 2025,Jul 2025,LvlUp Ventures,Senior VC Scout,Venture Capital Association,Venture Capital Association,President & Founding Partner; Venture Capital Associate; Venture Capital Analyst,Aug 2024,Present,0,,Technology Entrepreneur Center,Technology Entrepreneur Center,Lead Program Manager & Entrepreneurship Advisor; Senior Entrepreneurship Advisor and Event Logistics Co-Lead; Entrepreneurship Advisor and Event Logistic Team Member,Jul 2023,Present,0.0,,The Grainger College of Engineering,The Grainger College of Engineering,President; CARE Tutor; Grainger Student Advisory Council Member,Jan 2024,Present,0.0,,Perplexity,Perplexity,Perplexity Business Fellow | Inaugral Cohort; Lead Campus Strategist,Dec 2024,Present,0.0,,Microsoft for Startups,Startup Ambassador,Startup Ambassador,Jul 2024,Present,0.0,,NVIDIA,Developer Member,Developer Member,Dec 2024,Present,0.0,,Self-employed,Investor,Investor,Jul 2024,Present,0.0,,NASA - National Aeronautics and Space Administration,NASA - National Aeronautics and Space Administration,Citizen Scientist; Project Manager MCA,Jan 2024,Present,0.0,,Google Developers Group,Google Developers Group,Technical Member; Core Cloud Member,Jul 2024,Present,0.0,,McKinsey & Company,Program Fellow,Program Fellow,Aug 2025,Oct 2025,1.0,McKinsey,LvlUp Ventures,Senior VC Scout,Senior VC Scout,Jul 2025,Sep 2025,0.0,,GE Vernova,Commercial Excellence Intern,Commercial Excellence Intern,May 2025,Aug 2025,0.0,,Boston Consulting Group (BCG),BCG Launch,BCG Launch,May 2025,Jul 2025,1.0,BCG,Techstars,Venture Deals Fellow,Venture Deals Fellow,May 2025,Jul 2025,0.0,,Zero2One VC,VC Partner,VC Partner,Jan 2025,May 2025,0.0,,Stealth Startup,Stealth Startup,Chief Strategy Officer (CSO); Head of Business Strategy; Lead Strategy Consultant,Apr 2024,May 2025,0.0,,Leland,VC Bootcamp,VC Bootcamp,Mar 2025,Apr 2025,0.0,,Kinsey Labs,Generative AI Intern,Generative AI Intern,Oct 2024,Jan 2025,0.0,,HP,VC Analyst,VC Analyst,Oct 2024,Dec 2024,0.0,,The Illinois Space Society,The Illinois Space Society,Undergraduate Teaching Assistant; ISD PR Team Member; Structures Team Member,Sep 2022,Dec 2024,0.0,,PwC,Strategy Consulting,Strategy Consulting,Aug 2024,Oct 2024,0.0,,NASA Illinois Space Grant Consortium,Undergraduate Research Fellow,Undergraduate Research Fellow,May 2024,Aug 2024,0.0,,Harvard Project for Asian and International Relations (HPAIR),HPAIR Senior Fellow 2024-2025,HPAIR Senior Fellow 2024-2025,Nov 2023,Aug 2024,0.0,,Liquid Rocketry at Illinois,Liquid Rocketry at Illinois,Business Liaison & Executive Board Member; Testing Co-lead & Business Operator; Testing Team Member,Sep 2022,Jul 2024,0.0,,eBay for Business,Ecommerce Business Owner,Ecommerce Business Owner,Apr 2021,Aug 2023,0.0,,YuWaah (Generation Unlimited India) at UNICEF,National Youth Advisor (Core Committee),National Youth Advisor (Core Committee),May 2022,May 2023,0.0,,Revsgreen,Co-Founder & CEO,Co-Founder & CEO,Jan 2019,Feb 2023,0.0,,ISRO - Indian Space Research Organization,Research And Development Intern,Research And Development Intern,Jan 2021,Apr 2021,0.0,,Physical Research Laboratory,National Finalist,National Finalist,Jan 2021,Feb 2021,0.0,,Massachusetts Institute of Technology,MIT Grand Hack 2020' Fellow,MIT Grand Hack 2020' Fellow,Nov 2020,Dec 2020,0.0,,,,,,,,,,,,,,,
person-0104,,"Product Management Intern @Infineon | Business Analyst | Global Strategy Experiences in Europe, Asia, and America | USC Marshall MSBA | University of Michigan Alumni",Infineon Technologies,,,,,,,,,,,,,University of Southern California,2025.0,2024.0,1,McKinsey,McKinsey & Company,McKinsey,Parttime Assistant,Jul 2021,Aug 2021,University of Michigan School of Social Work,Stage Manager,Infineon Technologies,Product Management Intern,Product Management Intern,May 2025,Present,0,,WoafMeow,Product Manager Intern,Product Manager Intern,Sep 2024,Dec 2024,0.0,,High Lantern Group,High Lantern Group,Strategy Intern; Summer Associate; Strategy Intern,Mar 2023,Dec 2023,0.0,,Illuminera,GrowthX Strategy Intern,GrowthX Strategy Intern,Jun 2022,Aug 2022,0.0,,University of Michigan School of Social Work,Stage Manager,Stage Manager,Nov 2021,Dec 2021,0.0,,McKinsey & Company,Parttime Assistant,Parttime Assistant,Jul 2021,Aug 2021,1.0,McKinsey,Hundsun,Technology Consulting Intern,Technology Consulting Intern,May 2021,Jun 2021,0.0,,,,,,,,,,,,,,,,,,,,,,,,,,,,,,,,,,,,,,,,,,,,,,,,,,,,,,,,,,,,,,,,,,,,,,,,,,,,,,,,,,,,,,,,,,,,,,,,,,,,,,,,,,,,,,,,,,,,,,,,,,,,,,,,,,,,,,,,,,,,,,,,,,,,,,,,,,,,,,,,,,,,,,,,,,,,,,,,
person-0105,San Francisco,Clean Transportation Specialist at SF Environment,San Francisco Environment Department,,,,,,,,,,,,,Northeastern University,,,1,McKinsey,McKinsey & Company,McKinsey,Junior Research Analyst,Jul 2018,Dec 2018,Bluefield Research,Water Industry Analyst,San Francisco Environment Department,Clean Transportation Specialist,Clean Transportation Specialist,Nov 2022,Present,0,,Bay Area Council,Bay Area Council,Policy Manager; Senior Policy Associate; Policy Associate,Apr 2020,Nov 2022,0.0,,Center for Food Safety,Policy and Communications Analyst,Policy and Communications Analyst,Jun 2019,Mar 2020,0.0,,Bluefield Research,Water Industry Analyst,Water Industry Analyst,Jan 2019,May 2019,0.0,,McKinsey & Company,Junior Research Analyst,Junior Research Analyst,Jul 2018,Dec 2018,1.0,McKinsey,Fundacíon para el Desarrollo de Políticas Sustenables,Researcher - Sustainability,Researcher - Sustainability,Aug 2017,Dec 2017,0.0,,Climable.org,Podcaster,Podcaster,May 2017,Aug 2017,0.0,,Massachusetts Clean Energy Center,Solar Incentive Fellow,Solar Incentive Fellow,Jun 2016,Feb 2017,0.0,,Richard Cronin National Salmon Station,Researcher,Researcher,Jul 2015,Sep 2015,0.0,,,,,,,,,,,,,,,,,,,,,,,,,,,,,,,,,,,,,,,,,,,,,,,,,,,,,,,,,,,,,,,,,,,,,,,,,,,,,,,,,,,,,,,,,,,,,,,,,,,,,,,,,,,,,,,,,,,,,,,,,,,,,,,,,,,,,,,,,,,,,,,,,,,,,,,,,,,,,,,,,,
person-0106,New Haven,J.D. Candidate at Yale Law School,San Francisco Affirmative Litigation Project at Yale Law School,,,,,,,,,,,,,Yale Law School,2024.0,2021.0,1,Bain,Bain & Company,Bain,Building Entrepreneurial Leaders extern,2015,2015,Harvard T.H. Chan School of Public Health,Research Assistant,San Francisco Affirmative Litigation Project at Yale Law School,San Francisco Affirmative Litigation Project at Yale Law School,Student Director; Clinical Student,Aug 2022,Present,0,,O'Melveny & Myers LLP,Summer Associate,Summer Associate,May 2023,Jul 2023,0.0,,"U.S. Senate Committee on Health, Education, Labor, & Pensions",Summer Intern,Summer Intern,May 2022,Jul 2022,0.0,,Center for Reproductive Rights,Center for Reproductive Rights,Legal Senior Associate; Legal Assistant,Aug 2017,Jul 2021,0.0,,Weatherhead Center for International Affairs,Undergraduate Research Fellow,Undergraduate Research Fellow,Mar 2016,May 2017,0.0,,Harvard T.H. Chan School of Public Health,Research Assistant,Research Assistant,Jan 2016,Jan 2016,0.0,,University of Rwanda,Harvard Global Health Institiute Summer Undergraduate Research Fellow,Harvard Global Health Institiute Summer Undergraduate Research Fellow,Jun 2015,Jul 2015,0.0,,"Semillas, Sociedad Mexicana Pro Derechos de la Mujer",Intern,Intern,Jan 2015,Jan 2015,0.0,,Bain & Company,Building Entrepreneurial Leaders extern,Building Entrepreneurial Leaders extern,2015,2015,1.0,Bain,Phillips Brooks House Association Inc.,Student Officer,Student Officer,Jan 2014,Dec 2014,0.0,,Servicio Nacional de la Mujer,Summer Intern,Summer Intern,Jun 2014,Jul 2014,0.0,,Harvard College Admissions & Financial Aid,Undergraduate Minority Recruitment Program Winter Recruiter,Undergraduate Minority Recruitment Program Winter Recruiter,Nov 2013,Jan 2014,0.0,,The Carter Center,Summer Assistant,Summer Assistant,Jul 2012,Aug 2012,0.0,,,,,,,,,,,,,,,,,,,,,,,,,,,,,,,,,,,,,,,,,,,,,,,,,,,,,,,,,,,,,,,,,,,,,,,,,,,,,,,,,,,,,,,,,,,,,,,,,,,,,,,,,,,,,,,,,,,,,,,,,,,,,,,,,,,,,,
person-0107,Denver,Private Equity l 5x World Record Holding Rower,Olympus Pines,,,,,,,,,,,,,Yale University,2005.0,2000.0,1,BCG,The Boston Consulting Group,BCG,The Boston Consulting Group,2016,2022,Olympus Pines,Partner,Olympus Pines,Partner,Partner,2022,2025,0,,The Boston Consulting Group,The Boston Consulting Group,Principal; Project Leader; Consultant,2016,2022,1.0,BCG,The Reinvestment Fund,Credit Intern,Credit Intern,Oct 2015,Dec 2015,0.0,,Graham Partners,Intern,Intern,Sep 2015,Dec 2015,0.0,,CarVal Investors,Intern,Intern,Jun 2014,Aug 2014,0.0,,Goldman Sachs,"Summer Associate, Investment Banking","Summer Associate, Investment Banking",Jun 2013,Aug 2013,0.0,,Central Intelligence Agency,Analyst,Analyst,2008,2011,0.0,,General Dynamics,General Dynamics,Senior Analyst; Analyst,2006,2008,0.0,,,,,,,,,,,,,,,,,,,,,,,,,,,,,,,,,,,,,,,,,,,,,,,,,,,,,,,,,,,,,,,,,,,,,,,,,,,,,,,,,,,,,,,,,,,,,,,,,,,,,,,,,,,,,,,,,,,,,,,,,,,,,,,,,,,,,,,,,,,,,,,,,,,,,,,,,,,,,,,,,,,,,,,,,
person-0108,San Francisco,Consultant & Former Lawyer (Business Analytics & Renewable Energy),China Unicom,,,,,,,,,,,,,Harvard Law School,2019.0,2016.0,1,McKinsey,McKinsey & Company,McKinsey,McKinsey & Company,Aug 2011,Jun 2016,"Orrick, Herrington & Sutcliffe LLP",Associate,China Unicom,"Senior Expert, Transformation & Strategy","Senior Expert, Transformation & Strategy",Aug 2023,Aug 2024,0,,"Orrick, Herrington & Sutcliffe LLP",Associate,Associate,Sep 2019,Apr 2022,0.0,,McKinsey & Company,McKinsey & Company,Senior Research Analyst; Research Analyst,Aug 2011,Jun 2016,1.0,McKinsey,,,,,,,,,,,,,,,,,,,,,,,,,,,,,,,,,,,,,,,,,,,,,,,,,,,,,,,,,,,,,,,,,,,,,,,,,,,,,,,,,,,,,,,,,,,,,,,,,,,,,,,,,,,,,,,,,,,,,,,,,,,,,,,,,,,,,,,,,,,,,,,,,,,,,,,,,,,,,,,,,,,,,,,,,,,,,,,,,,,,,,,,,,,,,,,,,,,,,,,,,,,
person-0109,,"Transformation @ UCSF Health | Prev. @ McKinsey, HBS/HKS | Health system strategy & operations",UCSF Health,Harvard Business School,2023.0,2020.0,,,,,,,,,,,2017.0,2013.0,1,McKinsey,McKinsey & Company,McKinsey,Business Analyst,Aug 2017,May 2019,Boston Medical Center (BMC),Strategy and Implementation Manager,UCSF Health,UCSF Health,Director of Transformation; Enterprise Transformation Consultant,May 2025,Aug 2025,0,,McKinsey & Company,Senior Associate,Senior Associate,Oct 2023,Mar 2025,1.0,McKinsey,Imperial College Healthcare NHS Trust,Transformation MBA Summer Analyst,Transformation MBA Summer Analyst,Jun 2022,Aug 2022,0.0,,League,"Intern, Platform Partnerships / Growth","Intern, Platform Partnerships / Growth",Jun 2021,Aug 2021,0.0,,Boston Medical Center (BMC),Strategy and Implementation Manager,Strategy and Implementation Manager,Jul 2019,Jun 2020,0.0,,McKinsey & Company,Business Analyst,Business Analyst,Aug 2017,May 2019,1.0,McKinsey,Morgan Stanley,Public Finance Investment Banking Summer Analyst,Public Finance Investment Banking Summer Analyst,Jun 2016,Aug 2016,0.0,,Morgan Stanley,Wealth Management Summer Analyst,Wealth Management Summer Analyst,Jun 2015,Aug 2015,0.0,,Federal Trade Commission,Honors Paralegal Intern,Honors Paralegal Intern,Jun 2014,Aug 2014,0.0,,,,,,,,,,,,,,,,,,,,,,,,,,,,,,,,,,,,,,,,,,,,,,,,,,,,,,,,,,,,,,,,,,,,,,,,,,,,,,,,,,,,,,,,,,,,,,,,,,,,,,,,,,,,,,,,,,,,,,,,,,,,,,,,,,,,,,,,,,,,,,,,,,,,,,,,,,,,,,,,,,
person-0110,,,Adobe,,,,,,,,,,,,,Pune University,2005.0,2002.0,1,McKinsey,McKinsey & Company,McKinsey,McKinsey & Company,Jan 2007,May 2018,Meta,"Partner Solutions Lead, Global Media Accounts",Adobe,"Principal, Strategic Partnerships","Principal, Strategic Partnerships",Aug 2025,Present,0,,Tundra Technical Solutions (Contractor at Meta),Metaverse Content Partnerships,Metaverse Content Partnerships,Dec 2024,Jun 2025,0.0,,Chartbeat,"Solutions Lead, Services & Consulting","Solutions Lead, Services & Consulting",Sep 2023,Aug 2024,0.0,,Meta,Meta,"Entertainment Lead, GCC Academy; Partner Solutions Lead, Global Media Accounts",May 2018,Aug 2023,0.0,,McKinsey & Company,McKinsey & Company,"Research Team Leader, Americas TMT Research; Knowledge Specialist, Consumer Technology & Media Practice; Senior Research Analyst, Media & Entertainment Practice; Research Analyst; Junior Research Analyst",Jan 2007,May 2018,1.0,McKinsey,Kotak Mahindra Bank,Assistant Manager,Assistant Manager,Feb 2006,Jan 2007,0.0,,,,,,,,,,,,,,,,,,,,,,,,,,,,,,,,,,,,,,,,,,,,,,,,,,,,,,,,,,,,,,,,,,,,,,,,,,,,,,,,,,,,,,,,,,,,,,,,,,,,,,,,,,,,,,,,,,,,,,,,,,,,,,,,,,,,,,,,,,,,,,,,,,,,,,,,,,,,,,,,,,,,,,,,,,,,,,,,,,,,,,,
person-0111,Brooklyn,Executive Vice President at Cumming Group,Cumming Group,Northwestern University - Kellogg School of Management,2013.0,2011.0,,,,,,,,,,,2007.0,2003.0,1,McKinsey,McKinsey & Company,McKinsey,Consultant - Design and Construction,Feb 2018,Jul 2019,Cumming Group,Director Of Special Projects,Cumming Group,Cumming Group,Executive Vice President; Senior Vice President; Vice President; Director Of Special Projects,Jul 2019,Present,0,,McKinsey & Company,Consultant - Design and Construction,Consultant - Design and Construction,Feb 2018,Jul 2019,1.0,McKinsey,Accenture,Accenture,Manager; Strategy Consultant,Apr 2014,Jan 2018,0.0,,Turner Construction,Turner Construction,Improvement Engineer; Engineer & SPD Project Manager,Jun 2004,Mar 2014,0.0,,,,,,,,,,,,,,,,,,,,,,,,,,,,,,,,,,,,,,,,,,,,,,,,,,,,,,,,,,,,,,,,,,,,,,,,,,,,,,,,,,,,,,,,,,,,,,,,,,,,,,,,,,,,,,,,,,,,,,,,,,,,,,,,,,,,,,,,,,,,,,,,,,,,,,,,,,,,,,,,,,,,,,,,,,,,,,,,,,,,,,,,,,,,,,,,,,,,,
person-0112,,Diversified Investor & Financial Advisor & Startup Owner,Freelance,,,,,,,,,,,,,Stanford University,2003.0,2001.0,1,McKinsey,McKinsey & Company,McKinsey,Business Analyst,Jul 1999,Jul 2001,IBM,Financial Analyst,Freelance,Independent Investor & Strategic Advisor,Independent Investor & Strategic Advisor,Apr 2021,Jul 2025,0,,Sequoia Capital,Director of Finance,Director of Finance,Jul 2017,Mar 2021,0.0,,IBM,IBM,Operations Manager; Senior Financial Analyst; Financial Analyst,Feb 2005,Jun 2017,0.0,,Khosla Ventures,Finance Intern,Finance Intern,Jul 2003,Dec 2004,0.0,,McKinsey & Company,Business Analyst,Business Analyst,Jul 1999,Jul 2001,1.0,McKinsey,,,,,,,,,,,,,,,,,,,,,,,,,,,,,,,,,,,,,,,,,,,,,,,,,,,,,,,,,,,,,,,,,,,,,,,,,,,,,,,,,,,,,,,,,,,,,,,,,,,,,,,,,,,,,,,,,,,,,,,,,,,,,,,,,,,,,,,,,,,,,,,,,,,,,,,,,,,,,,,,,,,,,,,,,,,,,,,,,,,,,,,,,,,,,
person-0113,San Francisco,Center for AI Safety,Center for AI Safety,,,,,,,,,,,,,University of Oxford,2016.0,2012.0,1,BCG,Boston Consulting Group (BCG),BCG,Project Leader,May 2022,Feb 2023,Center for AI Safety,Project Manager,Center for AI Safety,Center for AI Safety,Program Director; Project Manager,Jun 2023,Present,0,,Charity Entrepreneurship,Research Fellow,Research Fellow,Apr 2023,May 2023,0.0,,Boston Consulting Group (BCG),Project Leader,Project Leader,May 2022,Feb 2023,1.0,BCG,Altman Solon,Altman Solon,Manager; Senior Consultant,Jul 2020,May 2022,0.0,,Solon Management Consulting,Solon Management Consulting,Senior Consultant; Consultant; Business Analyst,Sep 2016,Jul 2020,0.0,,OxPolicy: The Oxford Student Think Tank,Researcher,Researcher,Jan 2015,Mar 2015,0.0,,,,,,,,,,,,,,,,,,,,,,,,,,,,,,,,,,,,,,,,,,,,,,,,,,,,,,,,,,,,,,,,,,,,,,,,,,,,,,,,,,,,,,,,,,,,,,,,,,,,,,,,,,,,,,,,,,,,,,,,,,,,,,,,,,,,,,,,,,,,,,,,,,,,,,,,,,,,,,,,,,,,,,,,,,,,,,,,,,,,,,,
person-0114,New York,Executive Director at JPMorgan Chase & Co.,JPMorganChase,Columbia Business School,2014.0,2012.0,,,,,,,,,,,2007.0,2002.0,1,McKinsey,McKinsey & Company,McKinsey,Business Analyst,Feb 2010,May 2012,McKinsey & Company,Associate,JPMorganChase,JPMorganChase,"Head of Business Planning and Portfolio Performance, Chase Sapphire; Head of Leads for US Wealth Management; Executive Director, Head of US Wealth Management Strategy; Vice President, Asset & Wealth Management Strategy",May 2018,Present,0,,McKinsey & Company,McKinsey & Company,Engagement Manager; Associate,Sep 2014,Apr 2018,1.0,McKinsey,Columbia University in the City of New York,MBA Student,MBA Student,Aug 2012,May 2014,0.0,,Amazon.co.uk,MBA Summer Intern,MBA Summer Intern,Jun 2013,Aug 2013,0.0,,McKinsey & Company,Business Analyst,Business Analyst,Feb 2010,May 2012,1.0,McKinsey,"Italian Government, Prime Minister's Office",Advisor on International Economics,Advisor on International Economics,Sep 2008,Dec 2009,0.0,,,,,,,,,,,,,,,,,,,,,,,,,,,,,,,,,,,,,,,,,,,,,,,,,,,,,,,,,,,,,,,,,,,,,,,,,,,,,,,,,,,,,,,,,,,,,,,,,,,,,,,,,,,,,,,,,,,,,,,,,,,,,,,,,,,,,,,,,,,,,,,,,,,,,,,,,,,,,,,,,,,,,,,,,,,,,,,,,,,,,,,
person-0115,,Strategy& | IESE MBA,Strategy&,IESE Business School,2023.0,2021.0,,,,,,,,,,,2015.0,2015.0,1,McKinsey,McKinsey & Company,McKinsey,McKinsey & Company,Aug 2017,Aug 2021,Strategy&,Senior Associate,Strategy&,Senior Associate,Senior Associate,Jan 2024,Present,0,,Strategy&,Summer Senior Associate,Summer Senior Associate,Jun 2022,Aug 2022,0.0,,McKinsey & Company,McKinsey & Company,Senior Research Analyst; Research Analyst; Junior Research Analyst,Aug 2017,Aug 2021,1.0,McKinsey,Broadridge,Client Service Representative,Client Service Representative,Dec 2016,Jun 2017,0.0,,,,,,,,,,,,,,,,,,,,,,,,,,,,,,,,,,,,,,,,,,,,,,,,,,,,,,,,,,,,,,,,,,,,,,,,,,,,,,,,,,,,,,,,,,,,,,,,,,,,,,,,,,,,,,,,,,,,,,,,,,,,,,,,,,,,,,,,,,,,,,,,,,,,,,,,,,,,,,,,,,,,,,,,,,,,,,,,,,,,,,,,,,,,,,,,,,,,,
person-0116,San Francisco,Strategy & BizOps at Intuit,Intuit,The Wharton School,2021.0,2019.0,,,,,,,,,,,2013.0,2009.0,1,Bain,Bain & Company,Bain,Bain & Company,2021,2025,Intuit,"Principal, Strategy & Business Operations",Intuit,"Principal, Strategy & Business Operations","Principal, Strategy & Business Operations",2025,Present,0,,Bain & Company,Bain & Company,Manager; Consultant,2021,2025,1.0,Bain,Veterinary Emergency Group,MBA Intern,MBA Intern,2020,2020,0.0,,Eurasia Group,Consultant,Consultant,2018,2019,0.0,,SWIPECAST,Chief Of Staff,Chief Of Staff,2017,2018,0.0,,Eurasia Group & Samlyn Capital,Independent Consultant,Independent Consultant,2017,2018,0.0,,Lazard,Investment Banking Analyst,Investment Banking Analyst,2014,2016,0.0,,The PFM Group,Analyst,Analyst,2013,2014,0.0,,,,,,,,,,,,,,,,,,,,,,,,,,,,,,,,,,,,,,,,,,,,,,,,,,,,,,,,,,,,,,,,,,,,,,,,,,,,,,,,,,,,,,,,,,,,,,,,,,,,,,,,,,,,,,,,,,,,,,,,,,,,,,,,,,,,,,,,,,,,,,,,,,,,,,,,,,,,,,,,,,,,,,,,,
person-0117,Parker,Alliances and Channels Professional. Executive Leader. Relationship Builder.,ServiceNow,,,,,,,,,,,,,Arizona State University,1996.0,1994.0,1,McKinsey,McKinsey & Company,McKinsey,Manager of New Capabilities - Alliances and Acquisitions,Sep 2017,Apr 2022,Nextworld®,"Vice President, Alliances and Channels",ServiceNow,Global Strategic Partner Leader,Global Strategic Partner Leader,Jan 2025,Present,0,,Nextworld®,"Vice President, Alliances and Channels","Vice President, Alliances and Channels",May 2022,Mar 2024,0.0,,McKinsey & Company,Manager of New Capabilities - Alliances and Acquisitions,Manager of New Capabilities - Alliances and Acquisitions,Sep 2017,Apr 2022,1.0,McKinsey,Oracle,Oracle,"Sr. Director, Wipro Global Alliance | Hitachi Global Alliance - Worldwide Alliances & Channels; Senior Director, IBM Alliance North America; Senior Director, Wipro Global Alliance Management; Director, Accenture Platforms and Distribution; Director, IBM Global Platform Alliance; Director, Business Development - Global Distribution Alliances",Sep 2005,Sep 2017,0.0,,"PeopleSoft, Inc.",Senior Technical Business Analyst - Partner Certification Services,Senior Technical Business Analyst - Partner Certification Services,Jun 2004,Sep 2005,0.0,,J.D. Edwards,J.D. Edwards,Global Technology Alliance Manager; Competency Center Specialist; Technical Field Consultant - Reseller Channel; Technical Support Consultant - Global Support Services,Jun 1996,Oct 2003,0.0,,,,,,,,,,,,,,,,,,,,,,,,,,,,,,,,,,,,,,,,,,,,,,,,,,,,,,,,,,,,,,,,,,,,,,,,,,,,,,,,,,,,,,,,,,,,,,,,,,,,,,,,,,,,,,,,,,,,,,,,,,,,,,,,,,,,,,,,,,,,,,,,,,,,,,,,,,,,,,,,,,,,,,,,,,,,,,,,,,,,,,,
person-0118,Atlanta,"Software Systems, Data, Applications - Design, Development, Operations, & Support at Cox Communications.",Cox Communications,,,,,,,,,,,,,Florida Institute of Technology,2019.0,2018.0,1,McKinsey,Visual Graphics Computing Services ( McKinsey & Company ),McKinsey,Visual Aids Specialist,Feb 1999,Jul 1999,Byers Engineering Company,Software Engineer,Cox Communications,Cox Communications,Technology Lead; IT Consultant,Feb 2014,Present,0,,Verizon Enterprise Solutions Group,IT Consultant,IT Consultant,Mar 2012,Dec 2013,0.0,,Verizon Wireless,IT Consultant,IT Consultant,Jun 2011,Mar 2012,0.0,,"Virima Technologies, Inc.",Senior Architect - Product Development,Senior Architect - Product Development,Jun 2010,Aug 2011,0.0,,Verizon Wireless,IT Consultant - Lead Architect / Developer,IT Consultant - Lead Architect / Developer,Oct 2005,May 2010,0.0,,Internet Security Systems,Software Consultant - Lead Engineer / Architect,Software Consultant - Lead Engineer / Architect,Jan 2005,Sep 2005,0.0,,Byers Engineering Company,Software Engineer,Software Engineer,Nov 2000,May 2005,0.0,,Lamar University,Student Assistant,Student Assistant,Sep 1999,Aug 2000,0.0,,Visual Graphics Computing Services ( McKinsey & Company ),Visual Aids Specialist,Visual Aids Specialist,Feb 1999,Jul 1999,1.0,McKinsey,,,,,,,,,,,,,,,,,,,,,,,,,,,,,,,,,,,,,,,,,,,,,,,,,,,,,,,,,,,,,,,,,,,,,,,,,,,,,,,,,,,,,,,,,,,,,,,,,,,,,,,,,,,,,,,,,,,,,,,,,,,,,,,,,,,,,,,,,,,,,,,,,,,,,,,,,,,,,,,,,
person-0119,,"VP, Sales Ops - Reyes Coca-Cola Bottling at Reyes Holdings",Reyes Holdings,,,,,,,,,,,,,University of Michigan,,,1,McKinsey,McKinsey & Company,McKinsey,McKinsey & Company,2012,2016,Reyes Holdings,"Director, Data Analytics",Reyes Holdings,Reyes Holdings,"VP, Sales Ops - Reyes Coca-Cola Bottling; VP, Sales Ops - Great Lakes Coca-Cola",Feb 2020,Present,0,,Reyes Holdings,Reyes Holdings,"Plant Director - Great Lakes Coca-Cola; General Manager - Great Lakes Coca-Cola; Director, Data Analytics",2016,2020,0.0,,McKinsey & Company,McKinsey & Company,Engagement Manager; Associate; Senior Business Analyst,2012,2016,1.0,McKinsey,GE Healthcare,GE Healthcare,Production Team Leader; Operations Management Leadership Program,2009,2012,0.0,,Dell,Tauber Institute Supply Chain Consultant,Tauber Institute Supply Chain Consultant,May 2008,Aug 2008,0.0,,Whirlpool Corporation,Manufacturing Engineer,Manufacturing Engineer,Jul 2007,Jul 2007,0.0,,Cook Nuclear Power Plant,Mechanical Production Engineer,Mechanical Production Engineer,May 2006,Aug 2006,0.0,,Whirlpool Corporation,Design Engineer,Design Engineer,May 2005,Aug 2005,0.0,,,,,,,,,,,,,,,,,,,,,,,,,,,,,,,,,,,,,,,,,,,,,,,,,,,,,,,,,,,,,,,,,,,,,,,,,,,,,,,,,,,,,,,,,,,,,,,,,,,,,,,,,,,,,,,,,,,,,,,,,,,,,,,,,,,,,,,,,,,,,,,,,,,,,,,,,,,,,,,,,,,,,,,,,
person-0120,New York,"Senior Associate, Strategy and Consulting at Pfizer",Pfizer,,,,,,,,,,,,,Cornell University,2020.0,2016.0,1,McKinsey,McKinsey & Company,McKinsey,Young Women’s Leadership Conference,May 2016,May 2016,Pfizer,BioPharma Commercial Associate,Pfizer,Pfizer,Senior Associate; Strategy and Consulting Senior Analyst; BioPharma Commercial Associate,Jan 2020,Present,0,,Pfizer,Biopharma Group Operations Intern,Biopharma Group Operations Intern,Jun 2019,Aug 2019,0.0,,Yabonga Children's Project,Operations Intern,Operations Intern,Jun 2018,Aug 2018,0.0,,Merck,Intern at Merck for Mothers,Intern at Merck for Mothers,May 2017,Aug 2017,0.0,,McKinsey & Company,Young Women’s Leadership Conference,Young Women’s Leadership Conference,May 2016,May 2016,1.0,McKinsey,"Penn Medicine, University of Pennsylvania Health System",Shadow for Dr. Bert O'Malley Jr.,Shadow for Dr. Bert O'Malley Jr.,Jun 2015,Aug 2015,0.0,,,,,,,,,,,,,,,,,,,,,,,,,,,,,,,,,,,,,,,,,,,,,,,,,,,,,,,,,,,,,,,,,,,,,,,,,,,,,,,,,,,,,,,,,,,,,,,,,,,,,,,,,,,,,,,,,,,,,,,,,,,,,,,,,,,,,,,,,,,,,,,,,,,,,,,,,,,,,,,,,,,,,,,,,,,,,,,,,,,,,,,
person-0121,,Early Careers Recruiter,Atlassian,,,,,,,,,,,,,University of Central Florida,,,1,McKinsey,McKinsey & Company,McKinsey,McKinsey & Company,Jun 2013,Apr 2019,Deloitte,Campus Recruiter,Atlassian,Senior Recruiter - Early Careers,Senior Recruiter - Early Careers,Mar 2022,Aug 2025,0,,EliteGrad,Head of Recruiting,Head of Recruiting,Jun 2021,Jan 2022,0.0,,Camunda,US Recruiting Operations,US Recruiting Operations,Oct 2020,May 2021,0.0,,Deloitte,Campus Recruiter,Campus Recruiter,Jun 2019,Aug 2020,0.0,,McKinsey & Company,McKinsey & Company,Campus Recruiter & Senior Recruiting Administrator; MBA Recruiter (Rotation); Recruiting Administrator; Executive Assistant,Jun 2013,Apr 2019,1.0,McKinsey,Victoria's Secret,Victoria's Secret,Category Specialist; Category Supervisor; Associate,Sep 2009,Jun 2013,0.0,,University of Central Florida,University of Central Florida,Research Assistant; Teaching Assistant,Jun 2011,May 2012,0.0,,,,,,,,,,,,,,,,,,,,,,,,,,,,,,,,,,,,,,,,,,,,,,,,,,,,,,,,,,,,,,,,,,,,,,,,,,,,,,,,,,,,,,,,,,,,,,,,,,,,,,,,,,,,,,,,,,,,,,,,,,,,,,,,,,,,,,,,,,,,,,,,,,,,,,,,,,,,,,,,,,,,,,,,,,,,,,,,
person-0122,,Starshield/Special Programs Finance @ SpaceX | Ex-BCG,SpaceX,University of Minnesota - Carlson School of Management,2022.0,2019.0,,,,,,,,,,,2018.0,2014.0,1,BCG,Boston Consulting Group (BCG),BCG,Boston Consulting Group (BCG),Jul 2022,Aug 2024,SpaceX,Financial Analyst (Starshield),SpaceX,Financial Analyst (Starshield),Financial Analyst (Starshield),Aug 2024,Present,0,,Boston Consulting Group (BCG),Boston Consulting Group (BCG),Consultant; Associate,Jul 2022,Aug 2024,1.0,BCG,Lunr,Intern,Intern,Feb 2022,May 2022,0.0,,Cleveland Research Company,Summer Equity Research Intern,Summer Equity Research Intern,May 2021,Aug 2021,0.0,,Advisor Group,Corporate Development Intern,Corporate Development Intern,Jun 2020,Aug 2020,0.0,,Sezzle,Merchant Success Intern,Merchant Success Intern,Feb 2020,May 2020,0.0,,"Erik's Bike Shop, Inc.",Sales Associate,Sales Associate,May 2016,Aug 2019,0.0,,,,,,,,,,,,,,,,,,,,,,,,,,,,,,,,,,,,,,,,,,,,,,,,,,,,,,,,,,,,,,,,,,,,,,,,,,,,,,,,,,,,,,,,,,,,,,,,,,,,,,,,,,,,,,,,,,,,,,,,,,,,,,,,,,,,,,,,,,,,,,,,,,,,,,,,,,,,,,,,,,,,,,,,,,,,,,,,
person-0123,Pittsburgh,AI Product @ CMU | Ex-BCG | Ex-Deloitte,cmu-prism-lab,,,,,,,,,,,,,Carnegie Mellon University,2026.0,2025.0,1,BCG,BCG Digital Ventures,BCG,BCG Digital Ventures,Aug 2021,May 2024,Boston Consulting Group (BCG),Product Manager,This Place,Lead Strategist,Lead Strategist,Jun 2024,Jul 2025,0,,FoundersBoost,Mentor/ Lead,Mentor/ Lead,Feb 2025,Jun 2025,0.0,,Boston Consulting Group (BCG),Boston Consulting Group (BCG),Senior Product Manager; Product Manager,Aug 2021,May 2024,1.0,BCG,BCG Digital Ventures,BCG Digital Ventures,Senior Product Manager; Product Manager,Aug 2021,May 2024,1.0,BCG,Deloitte Digital,Deloitte Digital,Experience Strategist; Associate Experience Strategist; Strategy Intern,Jun 2018,Aug 2021,0.0,,Forbes Middle East,Intern,Intern,May 2017,Jun 2017,0.0,,Havenvest Private Equity,Investment Analyst Intern,Investment Analyst Intern,Jun 2016,Aug 2016,0.0,,Offrs.com,Marketing Intern,Marketing Intern,Jul 2015,Aug 2015,0.0,,Hub.Media,Marketing Intern,Marketing Intern,May 2015,Jun 2015,0.0,,,,,,,,,,,,,,,,,,,,,,,,,,,,,,,,,,,,,,,,,,,,,,,,,,,,,,,,,,,,,,,,,,,,,,,,,,,,,,,,,,,,,,,,,,,,,,,,,,,,,,,,,,,,,,,,,,,,,,,,,,,,,,,,,,,,,,,,,,,,,,,,,,,,,,,,,,,,,,,,,,
person-0124,,"Associate Director, Center for Career Development at Rutgers Law School",Rutgers Law School,,,,,,,,,,,,,Howard University School of Law,2008.0,2005.0,1,McKinsey,McKinsey & Company,McKinsey,McKinsey & Company,Aug 2021,Mar 2023,Rutgers Law School,"Assistant Director, Center for Career Development",Rutgers Law School,Rutgers Law School,"Associate Director, Center for Career Development; Assistant Director, Center for Career Development",Aug 2023,Present,0,,McKinsey & Company,McKinsey & Company,Senior Recruiter; Recruiter,Aug 2021,Mar 2023,1.0,McKinsey,Bronx County District Attorney Office,Assistant District Attorney,Assistant District Attorney,Jul 2018,Aug 2021,0.0,,Bronx County District Attorney Office,Assistant District Attorney,Assistant District Attorney,Aug 2009,Aug 2012,0.0,,,,,,,,,,,,,,,,,,,,,,,,,,,,,,,,,,,,,,,,,,,,,,,,,,,,,,,,,,,,,,,,,,,,,,,,,,,,,,,,,,,,,,,,,,,,,,,,,,,,,,,,,,,,,,,,,,,,,,,,,,,,,,,,,,,,,,,,,,,,,,,,,,,,,,,,,,,,,,,,,,,,,,,,,,,,,,,,,,,,,,,,,,,,,,,,,,,,,
person-0125,Washington,,,Georgetown University McDonough School of Business,2027.0,2024.0,,,,,,,,,,The University of Texas at Arlington,2019.0,2018.0,1,McKinsey,McKinsey & Company,McKinsey,IT Operations Specialist,Sep 2015,Nov 2017,DocASAP,Technical Support Engineer,UnitedHealth Group,UnitedHealth Group,Software Engineer; Technical Support Engineer,Feb 2021,Present,0,,DocASAP,DocASAP,Computer Systems Analyst; Technical Support Engineer,Mar 2020,Feb 2021,0.0,,McKinsey & Company,IT Operations Specialist,IT Operations Specialist,Sep 2015,Nov 2017,1.0,McKinsey,Indian Oil Corp Limited,Intern,Intern,Jul 2014,Aug 2014,0.0,,,,,,,,,,,,,,,,,,,,,,,,,,,,,,,,,,,,,,,,,,,,,,,,,,,,,,,,,,,,,,,,,,,,,,,,,,,,,,,,,,,,,,,,,,,,,,,,,,,,,,,,,,,,,,,,,,,,,,,,,,,,,,,,,,,,,,,,,,,,,,,,,,,,,,,,,,,,,,,,,,,,,,,,,,,,,,,,,,,,,,,,,,,,,,,,,,,,,
person-0126,Dallas,Goldman Sachs | ex-BCG | Duke MBA,Goldman Sachs,Duke University - The Fuqua School of Business,2023.0,2021.0,,,,,,,,,,,2015.0,2011.0,1,BCG,Boston Consulting Group (BCG),BCG,Consultant,Sep 2023,May 2025,Goldman Sachs,Liquidity Product & Portfolio Mgmt,Goldman Sachs,Liquidity Product & Portfolio Mgmt,Liquidity Product & Portfolio Mgmt,Jun 2025,Present,0,,Boston Consulting Group (BCG),Consultant,Consultant,Sep 2023,May 2025,1.0,BCG,Amazon Web Services (AWS),Sr Product Manager Tech,Sr Product Manager Tech,May 2022,Aug 2022,0.0,,Deutsche Bank,Associate,Associate,Dec 2018,Jul 2021,0.0,,Credit Suisse,Credit Suisse,"Analyst, Quant Strats; Intern, Quant Strats",Jan 2015,Nov 2018,0.0,,Bhabha Atomic Research Centre,Intern,Intern,May 2013,Jul 2013,0.0,,,,,,,,,,,,,,,,,,,,,,,,,,,,,,,,,,,,,,,,,,,,,,,,,,,,,,,,,,,,,,,,,,,,,,,,,,,,,,,,,,,,,,,,,,,,,,,,,,,,,,,,,,,,,,,,,,,,,,,,,,,,,,,,,,,,,,,,,,,,,,,,,,,,,,,,,,,,,,,,,,,,,,,,,,,,,,,,,,,,,,,
person-0127,Austin,Solution Architecture & Strategy | 20+ years bridging business & technology | Ex-BCG,ENGIE North America Inc.,University of Michigan - Stephen M. Ross School of Business,2010.0,2008.0,,,,,,,,,,,1996.0,1992.0,1,BCG,The Boston Consulting Group,BCG,Project Leader,Jun 2009,Oct 2014,Power Up Tech Academy,Founder,Molecule,Molecule,Chief Solutions Architect; Chief Special Projects Officer; Chief Operating Officer; VP of Customer Success,Mar 2022,Present,0,,Power Up Tech Academy,Founder,Founder,Oct 2014,May 2022,0.0,,The Boston Consulting Group,Project Leader,Project Leader,Jun 2009,Oct 2014,1.0,BCG,SharpCurve Solutions Inc.,President & Software Developer,President & Software Developer,Jun 1999,Jun 2008,0.0,,Buck Consultants,Buck Consultants,"Benefits Analyst; Actuarial Assistant, Pensions",Oct 1996,Jun 1999,0.0,,,,,,,,,,,,,,,,,,,,,,,,,,,,,,,,,,,,,,,,,,,,,,,,,,,,,,,,,,,,,,,,,,,,,,,,,,,,,,,,,,,,,,,,,,,,,,,,,,,,,,,,,,,,,,,,,,,,,,,,,,,,,,,,,,,,,,,,,,,,,,,,,,,,,,,,,,,,,,,,,,,,,,,,,,,,,,,,,,,,,,,,,,,,,,
person-0128,Seattle,Strategy Consultant and Business Analyst,Euna Solutions,,,,,,,,,,,,,Northwestern University,2023.0,2019.0,1,Bain,Bain & Company,Bain,Bain & Company,Nov 2023,Sep 2025,Euna Solutions,Strategic Initiatives Extern,Euna Solutions,Strategic Initiatives Extern,Strategic Initiatives Extern,Sep 2025,Present,0,,Bain & Company,Bain & Company,Senior Associate Consultant; Associate Consultant,Nov 2023,Sep 2025,1.0,Bain,Northwestern University,Research Assistant,Research Assistant,Oct 2020,Jun 2023,0.0,,Unilever,Research And Development Intern,Research And Development Intern,Jun 2022,Aug 2022,0.0,,Rotary International,Programs Intern,Programs Intern,Jun 2021,Sep 2021,0.0,,The Garage at Northwestern,Student Service Aide,Student Service Aide,Oct 2019,Mar 2020,0.0,,Seattle Mariners,Ballpark Operations Crew Member,Ballpark Operations Crew Member,Jan 2017,Sep 2019,0.0,,,,,,,,,,,,,,,,,,,,,,,,,,,,,,,,,,,,,,,,,,,,,,,,,,,,,,,,,,,,,,,,,,,,,,,,,,,,,,,,,,,,,,,,,,,,,,,,,,,,,,,,,,,,,,,,,,,,,,,,,,,,,,,,,,,,,,,,,,,,,,,,,,,,,,,,,,,,,,,,,,,,,,,,,,,,,,,,
person-0129,Philadelphia,MD candidate - University of Pennsylvania,University of Pennsylvania Perelman School of Medicine,,,,,,,,,,,,,University of Pennsylvania School of Medicine,2028.0,2024.0,1,McKinsey,McKinsey & Company,McKinsey,McKinsey & Company,Jun 2021,May 2024,Penn HealthX,VP - Social Determinants of Health Accelerator,Penn HealthX,VP - Social Determinants of Health Accelerator,VP - Social Determinants of Health Accelerator,Dec 2024,Present,0,,University of Pennsylvania Perelman School of Medicine,Medical Student,Medical Student,Aug 2024,Present,0.0,,American Society of Hematology,HONORS Research Fellowship,HONORS Research Fellowship,Jul 2025,Aug 2025,0.0,,American Society of Clinical Oncology (ASCO),Oncology Summer Internship,Oncology Summer Internship,Jun 2025,Jun 2025,0.0,,McKinsey & Company,McKinsey & Company,Senior Business Analyst; Business Analyst,Jun 2021,May 2024,1.0,McKinsey,MD Anderson Cancer Center,Research Scholar,Research Scholar,Jun 2019,Aug 2019,0.0,,,,,,,,,,,,,,,,,,,,,,,,,,,,,,,,,,,,,,,,,,,,,,,,,,,,,,,,,,,,,,,,,,,,,,,,,,,,,,,,,,,,,,,,,,,,,,,,,,,,,,,,,,,,,,,,,,,,,,,,,,,,,,,,,,,,,,,,,,,,,,,,,,,,,,,,,,,,,,,,,,,,,,,,,,,,,,,,,,,,,,,
person-0130,Philadelphia,MBA Candidate at The Wharton School | MA Candidate at The Lauder Institute,EruBase,The Wharton School,,,The Lauder Institute - University of Pennsylvania,,,,,,,,,Princeton University,,,1,BCG,Boston Consulting Group (BCG),BCG,Market Researcher,Jul 2016,Sep 2016,Williams College,Economics Peer Tutor - Department of Economics,University of Pennsylvania,University of Pennsylvania,Teaching Assistant - Wharton Global Modular Courses (GMCs); Communication Fellow - Wharton Communication Program; MBA/MA Candidate - The Wharton School & The Lauder Institute,May 2024,Present,0,,Pac Pac Snacks,Marketing Strategy & Operations MBA Intern,Marketing Strategy & Operations MBA Intern,May 2025,Aug 2025,0.0,,Greenfield School,"Head of Growth Strategy - Marketing, Customer Experience, & Strategic Partnerships","Head of Growth Strategy - Marketing, Customer Experience, & Strategic Partnerships",Apr 2023,Apr 2024,0.0,,Aemi,Product Marketing Manager - Growth Strategy & Operations,Product Marketing Manager - Growth Strategy & Operations,Jun 2022,Mar 2023,0.0,,Unilever,Unilever,Associate Brand Manager - Dove; Marketing Executive - Sunsilk & Lifebuoy; UFresh Marketing Trainee - Dove; Marketing Intern - Dove,Aug 2019,Jun 2022,0.0,,Williams College,Williams College,"Japanese Teaching Assistant - Department of Asian Studies; Chinese Teaching Assistant - Department of Asian Studies; Language Lab Assistant - Center for Foreign Languages, Literatures & Cultures; Economics Peer Tutor - Department of Economics",Sep 2016,May 2019,0.0,,1001fontaines,Business Development Intern,Business Development Intern,Jun 2018,Aug 2018,0.0,,KPMG,Management Consulting Intern - Customer & Operations,Management Consulting Intern - Customer & Operations,Dec 2017,Mar 2018,0.0,,AVPN,Knowledge Associate Intern,Knowledge Associate Intern,Jun 2017,Sep 2017,0.0,,Boston Consulting Group (BCG),Market Researcher,Market Researcher,Jul 2016,Sep 2016,1.0,BCG,Joint Stock Commercial Bank for Investment and Development of Vietnam (BIDV),Corporate Banking Summer Analyst,Corporate Banking Summer Analyst,Jun 2015,Aug 2015,0.0,,,,,,,,,,,,,,,,,,,,,,,,,,,,,,,,,,,,,,,,,,,,,,,,,,,,,,,,,,,,,,,,,,,,,,,,,,,,,,,,,,,,,,,,,,,,,,,,,,,,,,,,,,,,,,,,,,,,,,,,,,,,,,,,,,,,,,,,,,,,,,,,,,,,
person-0131,Ossining,Financial Professional specializing in Compensation Analysis and Financial Reporting,Geller & Company,Pace University - Lubin School of Business,,,,,,,,,,,,,,,1,McKinsey,McKinsey & Company,McKinsey,McKinsey & Company,May 2000,May 2010,Geller & Company,Compensation Analyst/Accountant,Geller & Company,Compensation Analyst/Accountant,Compensation Analyst/Accountant,Aug 2011,May 2012,0,,McKinsey & Company,McKinsey & Company,Compensation Accountant; Controller/Financial Analyst,May 2000,May 2010,1.0,McKinsey,NERA Economic Consulting,Assistant Controller,Assistant Controller,Jan 1984,May 2000,0.0,,,,,,,,,,,,,,,,,,,,,,,,,,,,,,,,,,,,,,,,,,,,,,,,,,,,,,,,,,,,,,,,,,,,,,,,,,,,,,,,,,,,,,,,,,,,,,,,,,,,,,,,,,,,,,,,,,,,,,,,,,,,,,,,,,,,,,,,,,,,,,,,,,,,,,,,,,,,,,,,,,,,,,,,,,,,,,,,,,,,,,,,,,,,,,,,,,,,,,,,,,,,
person-0132,Milwaukee,Small Business Investor and Operator | Partner at Elmore Companies,Elmore Companies,Indiana University - Kelley School of Business,2013.0,2011.0,,,,,,,,,,,2007.0,2003.0,1,Bain,Bain & Company,Bain,"Manager, Management Consultant",Sep 2013,Oct 2016,Bellwether Forest Products,President,Elmore Companies,Partner,Partner,Jan 2019,Present,0,,LOTS Group USA,Managing Director,Managing Director,Jan 2022,Apr 2024,0.0,,Bellwether Forest Products,President,President,Oct 2016,Apr 2024,0.0,,Bain & Company,"Manager, Management Consultant","Manager, Management Consultant",Sep 2013,Oct 2016,1.0,Bain,Abbott Laboratories,Intern - Management Development Program,Intern - Management Development Program,May 2012,Aug 2012,0.0,,Quad/Graphics,Quad/Graphics,Sales & Pricing Analyst; Management Trainee,Jul 2007,Jul 2011,0.0,,QuadMed Employer Onsite Health and Wellness Centers,Business Development,Business Development,Jan 2009,May 2010,0.0,,Mid-West Family Broadcasting,Sales Intern,Sales Intern,May 2007,Aug 2007,0.0,,,,,,,,,,,,,,,,,,,,,,,,,,,,,,,,,,,,,,,,,,,,,,,,,,,,,,,,,,,,,,,,,,,,,,,,,,,,,,,,,,,,,,,,,,,,,,,,,,,,,,,,,,,,,,,,,,,,,,,,,,,,,,,,,,,,,,,,,,,,,,,,,,,,,,,,,,,,,,,,,,,,,,,,,
person-0133,,Senior Director of Finance,"Monex USA (formerly Tempus, Inc)",New York University - Leonard N. Stern School of Business,2007.0,2005.0,,,,,,,,,,,1999.0,1996.0,1,McKinsey,McKinsey & Company - Finalta,McKinsey,Engagement Manager,2013,2014,MorganFranklin Consulting,Manager,"Monex USA (formerly Tempus, Inc)",Senior Director of Finance,Senior Director of Finance,2022,Present,0,,Self-employed,Management Consultant,Management Consultant,2020,2022,0.0,,MorganFranklin Consulting,Senior Manager,Senior Manager,2018,2020,0.0,,MorganFranklin Consulting,Manager,Manager,2014,2017,0.0,,McKinsey & Company - Finalta,Engagement Manager,Engagement Manager,2013,2014,1.0,McKinsey,MetLife,Business Development Director,Business Development Director,2010,2013,0.0,,"Andell Holdings, LLC",Consultant – Sports Management Practice,Consultant – Sports Management Practice,2009,2013,0.0,,AIG - ALICO,Management Associate - Corporate Solutions,Management Associate - Corporate Solutions,2007,2010,0.0,,Novartis Consumer Health,MBA Summer Intern - Sales and Marketing Finance,MBA Summer Intern - Sales and Marketing Finance,Jul 2006,Aug 2006,0.0,,The Coca-Cola Company,"Senior Analyst – Strategic Planning, South Latin Division","Senior Analyst – Strategic Planning, South Latin Division",2003,2004,0.0,,The Coca-Cola Company,The Coca-Cola Company,"Analyst – Commercial Finance, Argentina/Uruguay Region; Young Professional Accelerated Development Program – Strategic Planning, South Latin Division",2000,2002,0.0,,,,,,,,,,,,,,,,,,,,,,,,,,,,,,,,,,,,,,,,,,,,,,,,,,,,,,,,,,,,,,,,,,,,,,,,,,,,,,,,,,,,,,,,,,,,,,,,,,,,,,,,,,,,,,,,,,,,,,,,,,,,,,,,,,,,,,,,,,,,,,,,,,,,
person-0134,West Newton,"Senior Analyst, FP&A at DraftKings Inc.",DraftKings Inc.,Babson College - Franklin W. Olin Graduate School of Business,2018.0,2017.0,,,,,,,,,,,2013.0,2009.0,1,McKinsey,McKinsey & Company,McKinsey,Finance Analyst,Jan 2022,Mar 2023,Embarc Advisors,Associate,DraftKings Inc.,DraftKings Inc.,"Senior Analyst, FP&A; Financial Analyst",Aug 2024,Present,0,,Embarc Advisors,Associate,Associate,Jun 2023,Jul 2024,0.0,,McKinsey & Company,Finance Analyst,Finance Analyst,Jan 2022,Mar 2023,1.0,McKinsey,Cytel,Financial Analyst,Financial Analyst,Sep 2019,Jan 2022,0.0,,Babson College,Consultant,Consultant,Sep 2018,Dec 2018,0.0,,"Ameriprise Financial Services, Inc.",Intern,Intern,May 2016,Jan 2017,0.0,,Edesia Nutrition,Consultant,Consultant,Sep 2016,Dec 2016,0.0,,,,,,,,,,,,,,,,,,,,,,,,,,,,,,,,,,,,,,,,,,,,,,,,,,,,,,,,,,,,,,,,,,,,,,,,,,,,,,,,,,,,,,,,,,,,,,,,,,,,,,,,,,,,,,,,,,,,,,,,,,,,,,,,,,,,,,,,,,,,,,,,,,,,,,,,,,,,,,,,,,,,,,,,,,,,,,,,
person-0135,Miami,Healthcare M&A | Physician Groups,Alkaline Advisors,INSEAD,2012.0,2011.0,,,,,,,,,,,2006.0,2002.0,1,Bain,Bain & Company,Bain,Consultant,Sep 2012,Dec 2012,Sheridan Healthcorp,"Consultant, M&A",Alkaline Advisors,Managing Director,Managing Director,Mar 2017,Present,0,,"Global Healthcare Advisors, LLC",Managing Director,Managing Director,Jul 2015,Mar 2017,0.0,,RAPS Acquisition Holdings,Associate,Associate,May 2014,Jun 2015,0.0,,Sheridan Healthcorp,"Consultant, M&A","Consultant, M&A",Sep 2013,May 2014,0.0,,Bain & Company,Consultant,Consultant,Sep 2012,Dec 2012,1.0,Bain,NextEra Energy,Senior Analyst,Senior Analyst,Oct 2010,Jun 2011,0.0,,Snowbird Capital,Associate,Associate,Sep 2009,Sep 2010,0.0,,The McLean Group,The McLean Group,Associate; Senior Analyst,Jan 2007,Aug 2009,0.0,,,,,,,,,,,,,,,,,,,,,,,,,,,,,,,,,,,,,,,,,,,,,,,,,,,,,,,,,,,,,,,,,,,,,,,,,,,,,,,,,,,,,,,,,,,,,,,,,,,,,,,,,,,,,,,,,,,,,,,,,,,,,,,,,,,,,,,,,,,,,,,,,,,,,,,,,,,,,,,,,,,,,,,,,
person-0136,,--,IMC Trading,,,,,,,,,,,,,Northwestern University,2014.0,2010.0,1,BCG,The Boston Consulting Group (BCG),BCG,The Boston Consulting Group (BCG),Sep 2014,Jan 2019,Avail,Analytics,IMC Trading,Strategy,Strategy,Oct 2022,Apr 2024,0,,The Pacific Crest Trail,Thru-hiker,Thru-hiker,Mar 2022,Sep 2022,0.0,,Tribute,Product & Operations,Product & Operations,Nov 2020,Feb 2022,0.0,,Avail,Analytics,Analytics,Jan 2019,Jun 2020,0.0,,The Boston Consulting Group (BCG),The Boston Consulting Group (BCG),Project Leader; Consultant; Associate,Sep 2014,Jan 2019,1.0,BCG,Accion U.S. Network,Summer Analyst,Summer Analyst,Jun 2014,Aug 2014,0.0,,,,,,,,,,,,,,,,,,,,,,,,,,,,,,,,,,,,,,,,,,,,,,,,,,,,,,,,,,,,,,,,,,,,,,,,,,,,,,,,,,,,,,,,,,,,,,,,,,,,,,,,,,,,,,,,,,,,,,,,,,,,,,,,,,,,,,,,,,,,,,,,,,,,,,,,,,,,,,,,,,,,,,,,,,,,,,,,,,,,,,,
person-0137,,Operations at Orbius | MIT Sloan MBA,Orbius Communications,MIT Sloan School of Management,2022.0,2020.0,,,,,,,,,,,2015.0,2011.0,1,McKinsey,McKinsey & Company,McKinsey,Business Analyst,Sep 2018,Jul 2020,IMFAHE,Venture Building Program Business Development / Co-Founder,Orbius Communications,VP of Operations,VP of Operations,Aug 2025,Present,0,,McKinsey & Company,McKinsey & Company,Jr. Engagement Manager; Associate,Sep 2022,Jul 2025,1.0,McKinsey,MIT Sloan School of Management,MBA Candidate,MBA Candidate,2021,2022,0.0,,IMFAHE,Venture Building Program Business Development / Co-Founder,Venture Building Program Business Development / Co-Founder,2021,2021,0.0,,McKinsey & Company,Business Analyst,Business Analyst,Sep 2018,Jul 2020,1.0,McKinsey,Inveready Technology Investment Group,Summer Intern,Summer Intern,Jun 2018,Jul 2018,0.0,,Seidor,SAP Business One consultant,SAP Business One consultant,May 2015,Jun 2017,0.0,,,,,,,,,,,,,,,,,,,,,,,,,,,,,,,,,,,,,,,,,,,,,,,,,,,,,,,,,,,,,,,,,,,,,,,,,,,,,,,,,,,,,,,,,,,,,,,,,,,,,,,,,,,,,,,,,,,,,,,,,,,,,,,,,,,,,,,,,,,,,,,,,,,,,,,,,,,,,,,,,,,,,,,,,,,,,,,,
person-0138,San Francisco,Senior Manager @ Visa | Global Deals,Visa,,,,,,,,,,,,,The University of Edinburgh,2016.0,2015.0,1,BCG,Boston Consulting Group (BCG),BCG,Manager - Commercial Finance,Feb 2022,Aug 2024,Visa,Senior Manager - VAS Deals & Sales,Visa,Visa,Senior Manager - Global Deals; Senior Manager - VAS Deals & Sales,Sep 2024,Present,0,,Boston Consulting Group (BCG),Manager - Commercial Finance,Manager - Commercial Finance,Feb 2022,Aug 2024,1.0,BCG,Deloitte Consulting,Deloitte Consulting,Consultant - Finance Strategy & Transformation; Senior Consultant – Engagement Financial Advisor; Consultant – Engagement Financial Advisor,Jul 2018,Jan 2022,0.0,,Guaranteed Rate,Financial Analyst,Financial Analyst,Jun 2017,Jul 2018,0.0,,"E.ON Climate and Renewables, LLC",Accounts Payable Analyst,Accounts Payable Analyst,Jul 2016,Jun 2017,0.0,,,,,,,,,,,,,,,,,,,,,,,,,,,,,,,,,,,,,,,,,,,,,,,,,,,,,,,,,,,,,,,,,,,,,,,,,,,,,,,,,,,,,,,,,,,,,,,,,,,,,,,,,,,,,,,,,,,,,,,,,,,,,,,,,,,,,,,,,,,,,,,,,,,,,,,,,,,,,,,,,,,,,,,,,,,,,,,,,,,,,,,,,,,,,,
person-0139,Boston,MBA at Harvard Business School | BCG | IIT Delhi - Director’s Gold,Capital One,Harvard Business School,2026.0,2024.0,,,,,,,,,,,2019.0,2015.0,1,BCG,Boston Consulting Group (BCG),BCG,Boston Consulting Group (BCG),Aug 2019,Aug 2024,Capital One,Product Manager,Capital One,Product Manager,Product Manager,Jun 2025,Aug 2025,0,,Boston Consulting Group (BCG),Boston Consulting Group (BCG),Consultant; Associate Abroad; Senior Associate; Associate,Aug 2019,Aug 2024,1.0,BCG,Procter & Gamble,Summer Intern,Summer Intern,May 2018,Jul 2018,0.0,,DTU - Technical University of Denmark,Research Assistant,Research Assistant,May 2017,Jul 2017,0.0,,,,,,,,,,,,,,,,,,,,,,,,,,,,,,,,,,,,,,,,,,,,,,,,,,,,,,,,,,,,,,,,,,,,,,,,,,,,,,,,,,,,,,,,,,,,,,,,,,,,,,,,,,,,,,,,,,,,,,,,,,,,,,,,,,,,,,,,,,,,,,,,,,,,,,,,,,,,,,,,,,,,,,,,,,,,,,,,,,,,,,,,,,,,,,,,,,,,,
person-0140,Chicago,Associate @ EY-Parthenon | Business Economics and Media Arts & Design at the University of Chicago,EY-Parthenon,,,,,,,,,,,,,University of Chicago,,,1,Bain,Bain & Company,Bain,Connecting & Resourcing Empowered Women (CREW) Program Selected Participant,Jan 2024,Oct 2024,Pareto Solutions Consulting,Consultant,EY-Parthenon,Summer Associate,Summer Associate,Aug 2024,Present,0,,UChicago Prism Consulting Group,Consultant,Consultant,Oct 2023,Present,0.0,,Pareto Solutions Consulting,Pareto Solutions Consulting,Marketing Director; Consultant,Feb 2023,Present,0.0,,Wellington Management,Client Group Intern,Client Group Intern,Apr 2024,Present,0.0,,Bain & Company,Connecting & Resourcing Empowered Women (CREW) Program Selected Participant,Connecting & Resourcing Empowered Women (CREW) Program Selected Participant,Jan 2024,Oct 2024,1.0,Bain,HawkPartners,Market Research and Consulting Intern,Market Research and Consulting Intern,Jan 2024,Oct 2024,0.0,,Gallus Insights,Financial Analyst,Financial Analyst,Dec 2023,Feb 2024,0.0,,Convoice,Project Manager,Project Manager,Mar 2023,Feb 2024,0.0,,Industrial and Commercial Bank of China,Wealth and Management Research Assistant,Wealth and Management Research Assistant,Sep 2023,Jan 2024,0.0,,Laotu 老土,Marketing and Market Analysis Intern,Marketing and Market Analysis Intern,Jun 2023,Aug 2023,0.0,,Airstash,Director of Analysis and Marketing,Director of Analysis and Marketing,Jan 2023,Mar 2023,0.0,,YouTube,Content Creator,Content Creator,Jan 2020,May 2022,0.0,,San Diego Supercomputer Center,Data Analyst Intern,Data Analyst Intern,Feb 2019,May 2021,0.0,,Mo-Mo-Paradise USA,"Waitress, Receptionist, Runner","Waitress, Receptionist, Runner",Jan 2019,May 2020,0.0,,,,,,,,,,,,,,,,,,,,,,,,,,,,,,,,,,,,,,,,,,,,,,,,,,,,,,,,,,,,,,,,,,,,,,,,,,,,,,,,,,,,,,,,,,,,,,,,,,,,,,,,,,,,,,,,,,,,,,,,,,,,,,,
person-0141,Belmont,,Blue Cross & Blue Shield of Rhode Island,,,,,,,,,,,,,Cornell University,2013.0,2011.0,1,McKinsey,McKinsey & Company,McKinsey,Actuarial Analyst,Nov 2014,Jun 2015,Tufts Health Plan,Actuarial Analyst,Blue Cross & Blue Shield of Rhode Island,Blue Cross & Blue Shield of Rhode Island,Lead Actuary; Senior Actuary,Mar 2023,Present,0,,"Spring Consulting Group, An Alera Group Company","Spring Consulting Group, An Alera Group Company",Consulting Actuary; Actuarial Analyst,Dec 2018,Feb 2023,0.0,,Tufts Health Plan,Actuarial Analyst,Actuarial Analyst,Aug 2015,Nov 2018,0.0,,McKinsey & Company,Actuarial Analyst,Actuarial Analyst,Nov 2014,Jun 2015,1.0,McKinsey,,,,,,,,,,,,,,,,,,,,,,,,,,,,,,,,,,,,,,,,,,,,,,,,,,,,,,,,,,,,,,,,,,,,,,,,,,,,,,,,,,,,,,,,,,,,,,,,,,,,,,,,,,,,,,,,,,,,,,,,,,,,,,,,,,,,,,,,,,,,,,,,,,,,,,,,,,,,,,,,,,,,,,,,,,,,,,,,,,,,,,,,,,,,,,,,,,,,
person-0142,Indianapolis,eMobility Product & Program Executive Director at Accelera by Cummins,Accelera by Cummins,The University of Chicago - Booth School of Business,2013.0,2011.0,,,,,,,,,,,2004.0,2000.0,1,McKinsey,McKinsey & Company,McKinsey,McKinsey & Company,Jul 2007,Jul 2011,"Shanghai Fleetguard Filter Co., Ltd.",Member Board of Directors,Accelera by Cummins,Accelera by Cummins,"Executive Director, eMobility Product and Program; Executive Director, Battery Product Line; Electrified Components Product, Program, Commercial Leader; Electrified Components Product and Program Leader",Jan 2022,Present,0,,Cummins Inc.,Cummins Inc.,"Senior Director, Special Projects; General Manager - FleetguardFIT Digital Business; Director - Strategy, Business Development, Market Intelligence, Product Planning; Chief of Staff for President and COO; Corporate Strategy Manager/Senior Manager",Aug 2013,Dec 2022,0.0,,"Shanghai Fleetguard Filter Co., Ltd.",Member Board of Directors,Member Board of Directors,Oct 2018,Oct 2021,0.0,,CITIC Private Equity Funds Management,Investment Manager (Intern),Investment Manager (Intern),Aug 2012,Sep 2012,0.0,,McKinsey & Company,McKinsey & Company,Business Analyst; Research Analyst,Jul 2007,Jul 2011,1.0,McKinsey,IBM Global Business Services,Consultant (Intern),Consultant (Intern),Jul 2006,Sep 2006,0.0,,,,,,,,,,,,,,,,,,,,,,,,,,,,,,,,,,,,,,,,,,,,,,,,,,,,,,,,,,,,,,,,,,,,,,,,,,,,,,,,,,,,,,,,,,,,,,,,,,,,,,,,,,,,,,,,,,,,,,,,,,,,,,,,,,,,,,,,,,,,,,,,,,,,,,,,,,,,,,,,,,,,,,,,,,,,,,,,,,,,,,,
person-0143,,"Product, Design, and Strategy & Analytics Recruiter and Operator at Faire",Faire,,,,,,,,,,,,,Dallas Baptist University,2018.0,2016.0,1,Bain,Bain & Company,Bain,Bain & Company,Jul 2019,Jan 2022,Faire,"Sourcer & Program Manager (Design, Product, Biz Ops)",Faire,Faire,"Recruiter & Program Manager (DEIB + Product, Design, Strategy & Analytics); Sourcer & Program Manager (Design, Product, Biz Ops)",Jan 2022,Present,0,,Bain & Company,Bain & Company,"Coordinator, Consultant; Associate, Consultant Recruiter",Jul 2019,Jan 2022,1.0,Bain,Car Wars,Associate Consultant,Associate Consultant,May 2018,Jul 2019,0.0,,Dallas Baptist University,Dallas Baptist University,Financial Aid Coordinator; Data Processor; Call Center Manager/Billings Assistant,Jul 2013,May 2018,0.0,,,,,,,,,,,,,,,,,,,,,,,,,,,,,,,,,,,,,,,,,,,,,,,,,,,,,,,,,,,,,,,,,,,,,,,,,,,,,,,,,,,,,,,,,,,,,,,,,,,,,,,,,,,,,,,,,,,,,,,,,,,,,,,,,,,,,,,,,,,,,,,,,,,,,,,,,,,,,,,,,,,,,,,,,,,,,,,,,,,,,,,,,,,,,,,,,,,,,
person-0144,,Tech Entrepreneur and Investor,OnDeanForward,University of Michigan - Stephen M. Ross School of Business,,,,,,,,,,,,Simpson College,,,1,Bain,Bain & Company,Bain,Bain & Company,2012,2017,Relativity,Chief Growth Officer,OnDeanForward,Co-Founder & Managing Partner,Co-Founder & Managing Partner,2023,Present,0,,JusticeBid,Board Member and Lead Investor,Board Member and Lead Investor,2025,Present,0.0,,Pergamin,Board Member and Lead Investor,Board Member and Lead Investor,2024,Present,0.0,,Entegrata,Board Observer and Lead Investor,Board Observer and Lead Investor,2023,Present,0.0,,Warsaw Freedom Institute,Board Member,Board Member,2025,Present,0.0,,Relativity,Relativity,Investor; Chief Growth Officer,2017,Present,0.0,,Bain & Company,Bain & Company,Associate Partner - Private Equity Group; Co-Founder of Bain Poland,2012,2017,1.0,Bain,Voyager Wine Club,Founder and GM,Founder and GM,2006,2007,0.0,,AXPOL Trading,Business Development and Sales Manager,Business Development and Sales Manager,2006,2007,0.0,,American Enterprise Institute,Research,Research,2004,2005,0.0,,,,,,,,,,,,,,,,,,,,,,,,,,,,,,,,,,,,,,,,,,,,,,,,,,,,,,,,,,,,,,,,,,,,,,,,,,,,,,,,,,,,,,,,,,,,,,,,,,,,,,,,,,,,,,,,,,,,,,,,,,,,,,,,,,,,,,,,,,,,,,,,,,,,,,,,,,,
person-0145,Ann Arbor,Michigan Ross MBA26 | PE Portfolio Ops | VC | Bain & Co | CFA Level 1 | NSIT,Michigan Climate Venture,University of Michigan - Stephen M. Ross School of Business,2026.0,2024.0,,,,,,,,,,,2019.0,2015.0,1,Bain,Bain & Company,Bain,Bain & Company,Apr 2021,Jun 2024,risr/,MBA Consultant,Michigan Climate Venture,Investment Associate,Investment Associate,Sep 2024,Present,0,,Dessert Holdings | Bain Capital,Business Transformation Manager,Business Transformation Manager,Jun 2025,Aug 2025,0.0,,risr/,MBA Consultant,MBA Consultant,Mar 2025,May 2025,0.0,,Bain & Company,Bain & Company,Senior Associate; Associate; Senior Analyst,Apr 2021,Jun 2024,1.0,Bain,Bharti Airtel,Lead-Network Sourcing Transport,Lead-Network Sourcing Transport,Jun 2019,Apr 2021,0.0,,Centrum India,Wealth Management Intern,Wealth Management Intern,May 2018,Jul 2018,0.0,,,,,,,,,,,,,,,,,,,,,,,,,,,,,,,,,,,,,,,,,,,,,,,,,,,,,,,,,,,,,,,,,,,,,,,,,,,,,,,,,,,,,,,,,,,,,,,,,,,,,,,,,,,,,,,,,,,,,,,,,,,,,,,,,,,,,,,,,,,,,,,,,,,,,,,,,,,,,,,,,,,,,,,,,,,,,,,,,,,,,,,
person-0146,,Senior Project Manager,SSA & Company,,,,,,,,,,,,,University of Southern California,2008.0,2004.0,1,BCG,Boston Consulting Group (BCG),BCG,Boston Consulting Group (BCG),Jan 2011,Oct 2016,SSA & Company,Senior Project Manager,SSA & Company,Senior Project Manager,Senior Project Manager,Jan 2017,Present,0,,Boston Consulting Group (BCG),Boston Consulting Group (BCG),Senior Consultant; Consulting Analyst,Jan 2011,Oct 2016,1.0,BCG,,,,,,,,,,,,,,,,,,,,,,,,,,,,,,,,,,,,,,,,,,,,,,,,,,,,,,,,,,,,,,,,,,,,,,,,,,,,,,,,,,,,,,,,,,,,,,,,,,,,,,,,,,,,,,,,,,,,,,,,,,,,,,,,,,,,,,,,,,,,,,,,,,,,,,,,,,,,,,,,,,,,,,,,,,,,,,,,,,,,,,,,,,,,,,,,,,,,,,,,,,,,,,,,,,
person-0147,San Marcos,Advisor at DNA Ancestry Advisors,DNA Ancestry Advisors,University of Pennsylvania - The Wharton School,1992.0,1990.0,,,,,,,,,,,1982.0,1978.0,1,McKinsey,McKinsey & Company,McKinsey,Associate,1992,1994,PepsiCo,"Planning Consultant, Frito-Lay",DNA Ancestry Advisors,Advisor,Advisor,Mar 2018,Present,0,,DRC Strategic Consulting & Project Management,Independent Consultant,Independent Consultant,1999,2020,0.0,,The Trion Group/Trion LLC,Principal/Consultant,Principal/Consultant,2003,2013,0.0,,PepsiCo,PepsiCo,"Senior Project Champion, New Ventures, Frito-Lay; Product Manager, Lay's Potato Chips, Frito-Lay; Planning Consultant, Frito-Lay",1994,1999,0.0,,McKinsey & Company,Associate,Associate,1992,1994,1.0,McKinsey,Bank of America,"Commercial Loan Officer/Relationship Manager, NCNB National Bank","Commercial Loan Officer/Relationship Manager, NCNB National Bank",1988,1990,0.0,,Procter & Gamble,Sales Representative Paper Products,Sales Representative Paper Products,1986,1988,0.0,,,,,,,,,,,,,,,,,,,,,,,,,,,,,,,,,,,,,,,,,,,,,,,,,,,,,,,,,,,,,,,,,,,,,,,,,,,,,,,,,,,,,,,,,,,,,,,,,,,,,,,,,,,,,,,,,,,,,,,,,,,,,,,,,,,,,,,,,,,,,,,,,,,,,,,,,,,,,,,,,,,,,,,,,,,,,,,,
person-0148,,Driving continuous improvement at Microsoft | Strategy and Operations Leader,Microsoft,Cornell University - Johnson Graduate School of Management,2017.0,2015.0,,,,,,,,,,,2010.0,2006.0,1,McKinsey,McKinsey & Company,McKinsey,McKinsey & Company,Jul 2017,Aug 2024,Microsoft,Senior Director,Microsoft,Senior Director,Senior Director,May 2025,Present,0,,McKinsey & Company,McKinsey & Company,Associate Partner; Engagement Manager; Engagement Manager; Associate; Associate; Associate,Jul 2017,Aug 2024,1.0,McKinsey,McKinsey & Company,Summer Associate,Summer Associate,May 2016,Aug 2016,1.0,McKinsey,BR Consulting,Consultant,Consultant,Oct 2015,May 2016,0.0,,BR Tech Strategy,Associate,Associate,Sep 2015,Dec 2015,0.0,,Michelin,Michelin,Activity Financial Controller; Area industrial Engineer; Project Industrial Engineer,Jul 2010,Jul 2015,0.0,,Mentor Graphics,Verification Of IP's,Verification Of IP's,Dec 2009,Feb 2010,0.0,,,,,,,,,,,,,,,,,,,,,,,,,,,,,,,,,,,,,,,,,,,,,,,,,,,,,,,,,,,,,,,,,,,,,,,,,,,,,,,,,,,,,,,,,,,,,,,,,,,,,,,,,,,,,,,,,,,,,,,,,,,,,,,,,,,,,,,,,,,,,,,,,,,,,,,,,,,,,,,,,,,,,,,,,,,,,,,,
person-0149,Tampa,Vice President at SaxeCap | Wharton PhD | ex-McKinsey & Fulbright | Transforming the future of work,SaxeCap,University of Pennsylvania - The Wharton School,2022.0,2017.0,,,,,,,,,,,2012.0,2008.0,1,McKinsey,McKinsey & Company,McKinsey,McKinsey & Company,Oct 2022,Jun 2024,Fierce Outcomes,Independent Senior Consultant,SaxeCap,Vice President,Vice President,Oct 2025,Present,0,,Penn Club of Tampa Bay,President,President,Dec 2024,Present,0.0,,Nourish,Founder,Founder,Jul 2024,Oct 2025,0.0,,Fierce Outcomes,Independent Senior Consultant,Independent Senior Consultant,Jun 2025,Sep 2025,0.0,,McKinsey & Company,McKinsey & Company,"Manager, Social Responsibility; Associate",Oct 2022,Jun 2024,1.0,McKinsey,The Wharton School,The Wharton School,Visiting Scholar; Doctoral Candidate; IDEAS Lab Manager and Doctoral Lead,Jun 2021,Dec 2023,0.0,,vivovii,Consultant,Consultant,Sep 2016,Aug 2017,0.0,,US-UK Fulbright Commission,Fulbright Scholar,Fulbright Scholar,Sep 2016,Jul 2017,0.0,,Instituto Nacional de Psiquiatría,Research Fellow,Research Fellow,May 2016,Aug 2016,0.0,,The Wharton School,Research Assistant,Research Assistant,Jan 2016,May 2016,0.0,,Notre Dame Adult Development & Aging Lab,Summer Research Intern,Summer Research Intern,May 2015,Aug 2015,0.0,,Cornell Food and Brand Lab,Summer Intern,Summer Intern,May 2014,Aug 2014,0.0,,Duckworth Lab,Research Assistant,Research Assistant,Jan 2014,May 2014,0.0,,Nutritional Development,Summer Intern Health Fellow,Summer Intern Health Fellow,May 2013,Aug 2013,0.0,,,,,,,,,,,,,,,,,,,,,,,,,,,,,,,,,,,,,,,,,,,,,,,,,,,,,,,,,,,,,,,,,,,,,,,,,,,,,,,,,,,,,,,,,,,,,,,,,,,,,,,,,,,,,,,,,,,,,,,,,,,,,,,
person-0150,Boston,Director at PwC,PwC,,,,,,,,,,,,,Northeastern University,2011.0,2007.0,1,BCG,The Boston Consulting Group,BCG,Tax Assistant,Jan 2010,Jul 2010,PwC,Associate,PwC,PwC,Director; Senior Manager; Tax Manager; Senior Associate; Associate,Jul 2011,Present,0,,The Boston Consulting Group,Tax Assistant,Tax Assistant,Jan 2010,Jul 2010,1.0,BCG,Lexington Insurance Company,Accounting Assistant,Accounting Assistant,Jul 2008,Dec 2008,0.0,,,,,,,,,,,,,,,,,,,,,,,,,,,,,,,,,,,,,,,,,,,,,,,,,,,,,,,,,,,,,,,,,,,,,,,,,,,,,,,,,,,,,,,,,,,,,,,,,,,,,,,,,,,,,,,,,,,,,,,,,,,,,,,,,,,,,,,,,,,,,,,,,,,,,,,,,,,,,,,,,,,,,,,,,,,,,,,,,,,,,,,,,,,,,,,,,,,,,,,,,,,,
person-0151,,TrustEcho - AI Product Manager,Comulytic,,,,,,,,,,,,,香港理工大学,2019.0,2015.0,1,McKinsey,McKinsey & Company,McKinsey,McKinsey & Company,Dec 2021,Jul 2025,TrustEcho,AI Product Manager,TrustEcho,AI Product Manager,AI Product Manager,Jul 2025,Present,0,,McKinsey & Company,McKinsey & Company,Assistant Manager; Project Analyst,Dec 2021,Jul 2025,1.0,McKinsey,PwC Mainland China and Hong Kong,"Senior Consultant, FS Consulting","Senior Consultant, FS Consulting",Jan 2021,Dec 2021,0.0,,KPMG China,"Management Consultant, IT Advisory Department","Management Consultant, IT Advisory Department",Aug 2019,Jan 2021,0.0,,MioTech,"Data Analytical Intern, Financial Data Division","Data Analytical Intern, Financial Data Division",Jun 2019,Aug 2019,0.0,,Societe Generale,"Research Analyst Intern, Corporate & Investment Banking Global Market Division","Research Analyst Intern, Corporate & Investment Banking Global Market Division",Aug 2018,Dec 2018,0.0,,KPMG China,"Management Consulting Trainee, IT Advisory Department","Management Consulting Trainee, IT Advisory Department",Jun 2018,Aug 2018,0.0,,AMG FINANCIAL GROUP,"Summer Intern, Wealth Management Department","Summer Intern, Wealth Management Department",Jun 2017,Aug 2017,0.0,,,,,,,,,,,,,,,,,,,,,,,,,,,,,,,,,,,,,,,,,,,,,,,,,,,,,,,,,,,,,,,,,,,,,,,,,,,,,,,,,,,,,,,,,,,,,,,,,,,,,,,,,,,,,,,,,,,,,,,,,,,,,,,,,,,,,,,,,,,,,,,,,,,,,,,,,,,,,,,,,,,,,,,,,
person-0152,Los Angeles,Senior Marketing Manager | Expert in Go-to-Market Strategy | Proven Track Record in Driving Sales Growth and Launching Successful Product Lines,Southern California Association of Governments,,,,,,,,,,,,,"University of California, San Diego",,,1,BCG,Boston Consulting Group (BCG),BCG,Analyst,Jun 2014,Dec 2015,Gallup,Client Service Analyst,Southern California Association of Governments,Media & Public Affairs,Media & Public Affairs,Aug 2023,Present,0,,Home Chef,Home Chef,Senior Brand Manager; Retail Marketing Manager,Apr 2019,Apr 2023,0.0,,Nielsen,Client Manager,Client Manager,Jun 2018,Apr 2019,0.0,,Gallup,Gallup,Consulting Manager; Consulting Associate; Client Service Analyst,Jan 2015,Jun 2018,0.0,,Boston Consulting Group (BCG),Analyst,Analyst,Jun 2014,Dec 2015,1.0,BCG,EH&S UCSD,Bio-Safety Analyst,Bio-Safety Analyst,Jun 2011,Oct 2013,0.0,,Palomar Health,Clinical Care Extender - Intern,Clinical Care Extender - Intern,Sep 2008,Dec 2010,0.0,,,,,,,,,,,,,,,,,,,,,,,,,,,,,,,,,,,,,,,,,,,,,,,,,,,,,,,,,,,,,,,,,,,,,,,,,,,,,,,,,,,,,,,,,,,,,,,,,,,,,,,,,,,,,,,,,,,,,,,,,,,,,,,,,,,,,,,,,,,,,,,,,,,,,,,,,,,,,,,,,,,,,,,,,,,,,,,,
person-0153,Atlanta,Change Analytics Lead at Georgia-Pacific LLC,Georgia-Pacific LLC,,,,,,,,,,,,,The College of William and Mary,,,1,BCG,The Boston Consulting Group,BCG,The Boston Consulting Group,Jul 2008,May 2010,The Boston Consulting Group,Administrative and Learning & Development Assistant,Georgia-Pacific LLC,Georgia-Pacific LLC,Change Analytics Lead; Learning and Development Manager; Training Analyst; End User Training Coordinator; Sales Training Coordinator,Feb 2017,Present,0,,Kurt Salmon,Professional Development Coordinator,Professional Development Coordinator,Oct 2015,Feb 2017,0.0,,The Boston Consulting Group,Administrative and Learning & Development Assistant,Administrative and Learning & Development Assistant,Aug 2011,Oct 2015,1.0,BCG,The Boston Consulting Group,The Boston Consulting Group,Production Specialist; Case Team Assistant,Jul 2008,May 2010,1.0,BCG,The Ritz-Carlton Hotel Company L.L.C.,Executive Administrative Assistant,Executive Administrative Assistant,Sep 2006,Jul 2007,0.0,,Metro Productions,"Sales & Marketing Coordinator, Office Production Assistant","Sales & Marketing Coordinator, Office Production Assistant",Feb 2004,Jul 2006,0.0,,Radisson,"Reservations Manager, Front Desk Shift Leader","Reservations Manager, Front Desk Shift Leader",Oct 1996,Aug 2002,0.0,,,,,,,,,,,,,,,,,,,,,,,,,,,,,,,,,,,,,,,,,,,,,,,,,,,,,,,,,,,,,,,,,,,,,,,,,,,,,,,,,,,,,,,,,,,,,,,,,,,,,,,,,,,,,,,,,,,,,,,,,,,,,,,,,,,,,,,,,,,,,,,,,,,,,,,,,,,,,,,,,,,,,,,,,,,,,,,,
person-0154,,Expansion Development Manager - IKEA US,IKEA,,,,,,,,,,,,,Wharton Executive Education,2022.0,2022.0,1,McKinsey,McKinsey & Company,McKinsey,McKinsey & Company,Oct 2007,Jun 2014,IKEA,Retail India sourcing manager,IKEA,IKEA,Expansion Development Manager US; Business Development Manager - US and Latin America; Business Development Manager; Retail India sourcing manager,Jul 2014,Present,0,,McKinsey & Company,McKinsey & Company,Global Sourcing Leader (India and Southeast Asia); Senior Analyst; Analyst,Oct 2007,Jun 2014,1.0,McKinsey,Larsen & Toubro Limited,Senior Engineer,Senior Engineer,Jun 2007,Sep 2007,0.0,,Essar - Global Sourcing Division,Supply Chain Engineer,Supply Chain Engineer,Jul 2004,Jun 2007,0.0,,,,,,,,,,,,,,,,,,,,,,,,,,,,,,,,,,,,,,,,,,,,,,,,,,,,,,,,,,,,,,,,,,,,,,,,,,,,,,,,,,,,,,,,,,,,,,,,,,,,,,,,,,,,,,,,,,,,,,,,,,,,,,,,,,,,,,,,,,,,,,,,,,,,,,,,,,,,,,,,,,,,,,,,,,,,,,,,,,,,,,,,,,,,,,,,,,,,,
person-0155,Washington,J.D. Candidate at American University Washington College of Law,Elliott S. Milstein Civil Advocacy Clinic,,,,,,,,,,,,,American University Washington College of Law,2026.0,2023.0,1,BCG,The Boston Consulting Group (BCG),BCG,Consulting Team Analyst,Jul 2017,Jan 2018,John Hancock,IT Business Analyst,ACLU,"Legal Intern, Democracy & Technology","Legal Intern, Democracy & Technology",Jun 2025,Aug 2025,0,,Legal Aid DC,Impact Litigation Intern,Impact Litigation Intern,Aug 2024,Apr 2025,0.0,,United States Commission on Civil Rights,Legal Intern,Legal Intern,May 2024,Aug 2024,0.0,,Manulife Investment Management,Manulife Investment Management,"Senior Manager, Digital Tech Strategy; Manager, Digital Tech Strategy",Jan 2021,Sep 2022,0.0,,John Hancock,John Hancock,Cybersecurity Product Owner; IT Business Analyst,May 2018,Jan 2021,0.0,,The Boston Consulting Group (BCG),Consulting Team Analyst,Consulting Team Analyst,Jul 2017,Jan 2018,1.0,BCG,John Hancock Financial Services,Project Coordinator & Product Analyst,Project Coordinator & Product Analyst,Jul 2016,May 2017,0.0,,,,,,,,,,,,,,,,,,,,,,,,,,,,,,,,,,,,,,,,,,,,,,,,,,,,,,,,,,,,,,,,,,,,,,,,,,,,,,,,,,,,,,,,,,,,,,,,,,,,,,,,,,,,,,,,,,,,,,,,,,,,,,,,,,,,,,,,,,,,,,,,,,,,,,,,,,,,,,,,,,,,,,,,,,,,,,,,
person-0156,San Diego,"Strategy, Operations, Partnerships | ex- Spotify, Twitch, Bain",Splash,Kellogg School of Management,2014.0,2012.0,,,,,,,,,,,2005.0,2001.0,1,Bain,Bain & Company,Bain,Bain & Company,Oct 2014,Aug 2017,Spotify,"Senior Manager, Commercial Partnerships",Splash,Senior Strategy and Analytics Advisor,Senior Strategy and Analytics Advisor,Aug 2025,Present,0,,Pophouse Entertainment,KISS Board Member,KISS Board Member,Nov 2024,Present,0.0,,Twitch,Twitch,"Head of Strategy & Planning, Creator Expansion; Head of Music Strategy & Content; Head of Strategy, Twitch Music",Feb 2021,Apr 2024,0.0,,Spotify,"Senior Manager, Commercial Partnerships","Senior Manager, Commercial Partnerships",Aug 2017,Feb 2021,0.0,,Bain & Company,Bain & Company,Case Team Leader; Consultant,Oct 2014,Aug 2017,1.0,Bain,7-Eleven,"MBA Intern, Global Expansion Team","MBA Intern, Global Expansion Team",Jun 2013,Aug 2013,0.0,,Innovations for Poverty Action,Project Associate,Project Associate,Feb 2012,Aug 2012,0.0,,Indicorps,Indicorps,Program Manager; Fellow,Aug 2009,Jul 2011,0.0,,Concept Artists,Agent,Agent,Feb 2009,Aug 2009,0.0,,Empire Entertainment,Empire Entertainment,"Senior Producer, Not-For-Profit Division; Producer",Oct 2005,Sep 2008,0.0,,,,,,,,,,,,,,,,,,,,,,,,,,,,,,,,,,,,,,,,,,,,,,,,,,,,,,,,,,,,,,,,,,,,,,,,,,,,,,,,,,,,,,,,,,,,,,,,,,,,,,,,,,,,,,,,,,,,,,,,,,,,,,,,,,,,,,,,,,,,,,,,,,,,,,,,,,,
person-0157,Brooklyn,"Narrative nonfiction writing, editing, copywriting, instructional design, and voiceover",Freelance,,,,,,,,,,,,,Columbia University,2006.0,2002.0,1,McKinsey,McKinsey & Company,McKinsey,Instructional Designer,Dec 2012,Oct 2019,Google,Instructional Designer,Freelance,Freelance Journalist,Freelance Journalist,Sep 1998,Present,0,,A+E Global Media,A+E Global Media,"Story Consultant; Podcast Writer, Host, and Producer",Nov 2020,Jun 2025,0.0,,Google,Copyeditor,Copyeditor,Nov 2021,Jul 2024,0.0,,Google,Instructional Designer,Instructional Designer,Nov 2019,Jul 2021,0.0,,McKinsey & Company,Instructional Designer,Instructional Designer,Dec 2012,Oct 2019,1.0,McKinsey,"Intrepid Learning, Inc. (Follow Us at Our New Page: Intrepid by VitalSource)",Content Developer,Content Developer,Jun 2015,May 2016,0.0,,Socratic Arts,Content Developer,Content Developer,Sep 2010,Sep 2014,0.0,,Credit.com / Identity Theft 911,Content Writer and Editor,Content Writer and Editor,Aug 2007,Aug 2010,0.0,,"Facts on File, Inc.","Freelance Author, Copy-Editor","Freelance Author, Copy-Editor",Dec 2006,Jun 2010,0.0,,Scholastic,Children's Book Author,Children's Book Author,Aug 2004,Jun 2010,0.0,,,,,,,,,,,,,,,,,,,,,,,,,,,,,,,,,,,,,,,,,,,,,,,,,,,,,,,,,,,,,,,,,,,,,,,,,,,,,,,,,,,,,,,,,,,,,,,,,,,,,,,,,,,,,,,,,,,,,,,,,,,,,,,,,,,,,,,,,,,,,,,,,,,,,,,,,,,
person-0158,San Francisco,,AAA Mountain West Group,University of Michigan - Stephen M. Ross School of Business,,,,,,,,,,,,University of Michigan,,,1,BCG,Boston Consulting Group (BCG),BCG,Boston Consulting Group (BCG),Apr 2021,Jul 2021,PwC,Management Consulting Associate,AAA Mountain West Group,Senior Consultant,Senior Consultant,Aug 2025,Present,0,,Allied Hill International Corp,Associate Project Manager,Associate Project Manager,Nov 2024,Jul 2025,0.0,,PwC,Management Consulting Associate,Management Consulting Associate,Oct 2023,May 2024,0.0,,PwC,Management Consulting Intern,Management Consulting Intern,Jun 2022,Aug 2022,0.0,,Boston Consulting Group (BCG),Boston Consulting Group (BCG),Part-Time Assistant; BCG Advance Participant,Apr 2021,Jul 2021,1.0,BCG,IQVIA,Consulting Project Intern,Consulting Project Intern,Sep 2020,Nov 2020,0.0,,Alliance Consulting Group,Alliance Consulting Group,Project Manager; Business Analyst,Sep 2019,Oct 2020,0.0,,Apon Medical Technology,Product Management Intern,Product Management Intern,Jul 2020,Sep 2020,0.0,,North South Foundation,Strategy Intern,Strategy Intern,Jun 2020,Aug 2020,0.0,,ASIAN PACIFIC AMERICAN MEDICAL STUDENT ASSOCIATION,Co-Founder of Umich Chapter,Co-Founder of Umich Chapter,Mar 2019,May 2020,0.0,,DetourGuy 自遊行,Corporate Strategy Analyst Intern,Corporate Strategy Analyst Intern,Jun 2019,Aug 2019,0.0,,"Ping An Bank Co., Ltd.",Private Banking Analyst Intern,Private Banking Analyst Intern,Jul 2018,Aug 2018,0.0,,Shanghai Ninth People's Hospital,Lab Assistant,Lab Assistant,Jul 2017,Aug 2017,0.0,,MSH CHINA - Health Insurance & Solutions,Marketing Intern,Marketing Intern,Jun 2016,Jul 2016,0.0,,,,,,,,,,,,,,,,,,,,,,,,,,,,,,,,,,,,,,,,,,,,,,,,,,,,,,,,,,,,,,,,,,,,,,,,,,,,,,,,,,,,,,,,,,,,,,,,,,,,,,,,,,,,,,,,,,,,,,,,,,,,,,,
person-0159,Belmont,"Passionately Serving Businesses and 501(c)(3) Non-Profit Organizations, and Churches",A & S Virtual Office Support Services,,,,,,,,,,,,,Tompkins Cortland Community College,1996.0,1994.0,1,McKinsey,McKinsey and Company,McKinsey,Team Assistant,Nov 2008,Jul 2010,Bank of America Home Loans,Senior Operations Project Analyst,A & S Virtual Office Support Services,Founder and COO,Founder and COO,Jul 2016,Present,0,,The Gaston Symphonic Band,Volunteer Flautist & Board Member,Volunteer Flautist & Board Member,Mar 2014,Present,0.0,,Arby's,Shift Manager,Shift Manager,Jun 2023,Jul 2024,0.0,,United Rentals,Invoicing Specialist,Invoicing Specialist,Jul 2023,Oct 2023,0.0,,Minuteman Press Gastonia,Customer Relations Specialist,Customer Relations Specialist,Jan 2023,Feb 2023,0.0,,Stabilus,Adecco - Hydraulic Boot Installer,Adecco - Hydraulic Boot Installer,Sep 2022,Nov 2022,0.0,,MANN+HUMMEL,Packager,Packager,Jan 2022,Sep 2022,0.0,,Holly Receptionist,Front Line Receptionist,Front Line Receptionist,Sep 2020,Jan 2021,0.0,,Edward Jones,Branch Office Administrator,Branch Office Administrator,Jan 2019,Feb 2020,0.0,,Friendship Baptist Church,Church Secretary,Church Secretary,Jan 2018,May 2018,0.0,,Tuesday Morning,Sales Associate,Sales Associate,Aug 2017,Feb 2018,0.0,,Cato Corporation,Part Time Sales Associate,Part Time Sales Associate,Sep 2016,May 2017,0.0,,Bank of America Home Loans,Lead Operations Representative,Lead Operations Representative,Mar 2016,Jul 2016,0.0,,Mecklenburg County,"Administrative Support Coordinator, Internal Audit Department","Administrative Support Coordinator, Internal Audit Department",Jan 2015,Mar 2016,0.0,,Bank of America Home Loans,Senior Operations Project Analyst,Senior Operations Project Analyst,Jul 2010,Aug 2014,0.0,,McKinsey and Company,Team Assistant,Team Assistant,Nov 2008,Jul 2010,1.0,McKinsey,HSBC Mortgage Services,HSBC Mortgage Services,Credit Quality Mangement Support; Bulk Purchase Funder; Junior Pricing Analyst; Executive Administrative Assistant,Apr 2002,Oct 2007,0.0,,"GVA Lat Purser & Associates, Inc.",Administrative Brokerage Assistant,Administrative Brokerage Assistant,Jan 2001,Sep 2001,0.0,,Coats plc,Global Retail Services Assistant,Global Retail Services Assistant,1997,2001,0.0,,,,,,,,,,,,,,,,,,,,,,,,,,,,,,,,,,,,,,,,,,,,,,,,,,,,,,,,,,,,,,,,,,,,,,,,,,,,,,,,,,,,,,,,,,,,
person-0160,Oak Park,Assistant Professor of Entrepreneurship - Dominican University,Dominican University,"University of California, Irvine - The Paul Merage School of Business",2024.0,2024.0,,,,,,,,,,,2007.0,2007.0,1,McKinsey,McKinsey & Company,McKinsey,McKinsey & Company,Jun 2011,Jan 2016,"University of California, Irvine - The Paul Merage School of Business",Teaching Assistant,Dominican University,Assistant Professor of Entrepreneurship,Assistant Professor of Entrepreneurship,Aug 2025,Present,0,,"University of California, Irvine - The Paul Merage School of Business","University of California, Irvine - The Paul Merage School of Business",Lecturer; Teaching Assistant,Sep 2017,Jun 2025,0.0,,McKinsey & Company,McKinsey & Company,Senior Analyst; Research Analyst,Jun 2011,Jan 2016,1.0,McKinsey,ICICI Lombard,Key Account Manager - Corporate Soluions Group,Key Account Manager - Corporate Soluions Group,Dec 2009,Jun 2011,0.0,,Aviva Life Insurance,Management Associate,Management Associate,Jul 2009,Dec 2009,0.0,,,,,,,,,,,,,,,,,,,,,,,,,,,,,,,,,,,,,,,,,,,,,,,,,,,,,,,,,,,,,,,,,,,,,,,,,,,,,,,,,,,,,,,,,,,,,,,,,,,,,,,,,,,,,,,,,,,,,,,,,,,,,,,,,,,,,,,,,,,,,,,,,,,,,,,,,,,,,,,,,,,,,,,,,,,,,,,,,,,,,,,,,,,,,,
person-0161,,"U.S. Finnish Mexican @ Boston College, Incoming Analyst @ J.P. Morgan, BC Football Alum",J.P. Morgan,,,,,,,,,,,,,Boston College,2026.0,2022.0,1,McKinsey,McKinsey & Company,McKinsey,Early ID,Jun 2023,Jun 2023,NCAA,"Division I Athlete, Football",J.P. Morgan,J.P. Morgan,"Incoming Analyst, Payments; Intern, Payments",Jun 2025,Present,0,,the LEGO Group,Tour,Tour,Oct 2024,Oct 2024,0.0,,EY,"Intern, Consulting","Intern, Consulting",Jun 2024,Aug 2024,0.0,,NCAA,"Division I Athlete, Football","Division I Athlete, Football",Aug 2022,Jul 2024,0.0,,McKinsey & Company,Early ID,Early ID,Jun 2023,Jun 2023,1.0,McKinsey,,,,,,,,,,,,,,,,,,,,,,,,,,,,,,,,,,,,,,,,,,,,,,,,,,,,,,,,,,,,,,,,,,,,,,,,,,,,,,,,,,,,,,,,,,,,,,,,,,,,,,,,,,,,,,,,,,,,,,,,,,,,,,,,,,,,,,,,,,,,,,,,,,,,,,,,,,,,,,,,,,,,,,,,,,,,,,,,,,,,,,,,,,,,,
person-0162,Los Angeles,Manager,Act Fulfillment Inc.,,,,,,,,,,,,,Ludwig-Maximilians-Universität München,2004.0,2002.0,1,"BCG, Bain, McKinsey",Boston Consulting Group (BCG),BCG,Boston Consulting Group (BCG),Aug 2006,Nov 2015,McKinsey & Company,Senior Project Manager,Act Fulfillment Inc.,Manager,Manager,Apr 2021,Present,0,,Bain & Company,Partner,Partner,Oct 2020,Present,1.0,Bain,McKinsey & Company,Senior Project Manager,Senior Project Manager,Mar 2016,Feb 2020,1.0,McKinsey,Boston Consulting Group (BCG),Boston Consulting Group (BCG),Project Manager; Senior Consultant; Consultant,Aug 2006,Nov 2015,1.0,BCG,,,,,,,,,,,,,,,,,,,,,,,,,,,,,,,,,,,,,,,,,,,,,,,,,,,,,,,,,,,,,,,,,,,,,,,,,,,,,,,,,,,,,,,,,,,,,,,,,,,,,,,,,,,,,,,,,,,,,,,,,,,,,,,,,,,,,,,,,,,,,,,,,,,,,,,,,,,,,,,,,,,,,,,,,,,,,,,,,,,,,,,,,,,,,,,,,,,,
person-0163,Chicago,Private Equity Executive | Value Creation | Go-To-Market | Digital Transformation | Ex- Bain,Matrix Sciences,The Wharton School,2020.0,2018.0,,,,,,,,,,,2014.0,2008.0,1,Bain,Bain & Company,Bain,Bain & Company,Sep 2020,Dec 2023,Mixam,Chief of Staff,Matrix Sciences,Senior Vice President of Transformation,Senior Vice President of Transformation,Mar 2025,Present,0,,Mixam,Chief of Staff,Chief of Staff,Jan 2024,Nov 2024,0.0,,Bain & Company,Bain & Company,Strategy Manager; Strategy Consultant,Sep 2020,Dec 2023,1.0,Bain,Bain & Company,MBA | Summer Associate,MBA | Summer Associate,Jun 2019,Aug 2019,1.0,Bain,Fundação Grupo Boticário de Proteção à Natureza,Strategy Manager,Strategy Manager,2017,2018,0.0,,Listen - Soluções Auditivas,CoFounder,CoFounder,2016,2017,0.0,,Whirlpool Corporation,Whirlpool Corporation,Strategy and Business Operations Senior Associate; Strategy and Business Operations Associate; Strategy and Business Operations Intern,2014,2017,0.0,,Renault,Internship,Internship,2013,2013,0.0,,,,,,,,,,,,,,,,,,,,,,,,,,,,,,,,,,,,,,,,,,,,,,,,,,,,,,,,,,,,,,,,,,,,,,,,,,,,,,,,,,,,,,,,,,,,,,,,,,,,,,,,,,,,,,,,,,,,,,,,,,,,,,,,,,,,,,,,,,,,,,,,,,,,,,,,,,,,,,,,,,,,,,,,,
person-0164,,Chief Strategy Officer at Abbyson Home | Ex-BCG,Abbyson,Vanderbilt University - Owen Graduate School of Management,2020.0,2018.0,,,,,,,,,,,,,1,BCG,Boston Consulting Group (BCG),BCG,Boston Consulting Group (BCG),Oct 2020,May 2025,Abbyson,Chief Strategy Officer (CSO),Abbyson,Chief Strategy Officer (CSO),Chief Strategy Officer (CSO),May 2025,Present,0,,Boston Consulting Group (BCG),Boston Consulting Group (BCG),Principal; Project Leader; Consultant,Oct 2020,May 2025,1.0,BCG,Boston Consulting Group (BCG),Summer Consultant,Summer Consultant,Jun 2019,Aug 2019,1.0,BCG,Procter & Gamble,Procter & Gamble,"Power, Controls, and Information Systems Site Leader; Power, Controls, and Information Systems Technical Engineer",Jun 2016,Jul 2018,0.0,,,,,,,,,,,,,,,,,,,,,,,,,,,,,,,,,,,,,,,,,,,,,,,,,,,,,,,,,,,,,,,,,,,,,,,,,,,,,,,,,,,,,,,,,,,,,,,,,,,,,,,,,,,,,,,,,,,,,,,,,,,,,,,,,,,,,,,,,,,,,,,,,,,,,,,,,,,,,,,,,,,,,,,,,,,,,,,,,,,,,,,,,,,,,,,,,,,,,
person-0165,,Commercial Strategy & RGM Leader | Data-Driven Pricing & Promotion Optimization | Ex-McKinsey,Simon-Kucher,The George Washington University - School of Business,,,,,,,,,,,,Lee University,,,1,McKinsey,McKinsey & Company,McKinsey,McKinsey & Company,Feb 2020,Feb 2025,Simon-Kucher,Senior Manager,Simon-Kucher,Senior Manager,Senior Manager,Mar 2025,Present,0,,McKinsey & Company,McKinsey & Company,"Manager - Delivery, Implementation & Client Success; Client Success & Solution Specialist; Sr. Client Success Analyst",Feb 2020,Feb 2025,1.0,McKinsey,Sequoya Group,Senior Business Analyst,Senior Business Analyst,Jun 2017,Feb 2020,0.0,,"Triad Retail Media, as agent for eBay Advertising","Senior Programmatic Technical Account Manager (Sr. Analyst, Sales Support)","Senior Programmatic Technical Account Manager (Sr. Analyst, Sales Support)",Oct 2013,Jul 2017,0.0,,GEICO,"Management Development Program, Auto Liability Insurance Claims","Management Development Program, Auto Liability Insurance Claims",Oct 2011,Aug 2013,0.0,,,,,,,,,,,,,,,,,,,,,,,,,,,,,,,,,,,,,,,,,,,,,,,,,,,,,,,,,,,,,,,,,,,,,,,,,,,,,,,,,,,,,,,,,,,,,,,,,,,,,,,,,,,,,,,,,,,,,,,,,,,,,,,,,,,,,,,,,,,,,,,,,,,,,,,,,,,,,,,,,,,,,,,,,,,,,,,,,,,,,,,,,,,,,,
person-0166,New York,Corporate Development Manager at Mozilla,Mozilla,The Wharton School,2022.0,2020.0,,,,,,,,,,,2013.0,2009.0,1,McKinsey,McKinsey & Company,McKinsey,Associate,Feb 2023,2024,Mozilla,"Manager, Corporate Development",Mozilla,"Manager, Corporate Development","Manager, Corporate Development",Jun 2024,Present,0,,McKinsey & Company,Associate,Associate,Feb 2023,2024,1.0,McKinsey,Emko Capital,Intern,Intern,Jan 2021,Aug 2021,0.0,,Applecart,Director of Finance,Director of Finance,Nov 2019,Aug 2020,0.0,,RBC Capital Markets,RBC Capital Markets,Associate; Analyst,Jan 2018,Sep 2019,0.0,,Piper Jaffray,Analyst,Analyst,Aug 2016,Nov 2017,0.0,,Torreya Partners,Analyst,Analyst,Jul 2015,Jul 2016,0.0,,Citi,Summer Analyst,Summer Analyst,Jul 2014,Dec 2014,0.0,,Adam Smith for Congress,Campaign Analyst,Campaign Analyst,Jul 2012,Sep 2012,0.0,,Office of Congressman Adam Smith,Summer Intern,Summer Intern,Jun 2012,Jul 2012,0.0,,,,,,,,,,,,,,,,,,,,,,,,,,,,,,,,,,,,,,,,,,,,,,,,,,,,,,,,,,,,,,,,,,,,,,,,,,,,,,,,,,,,,,,,,,,,,,,,,,,,,,,,,,,,,,,,,,,,,,,,,,,,,,,,,,,,,,,,,,,,,,,,,,,,,,,,,,,
person-0167,,Education,MO First Steps,,,,,,,,,,,,,Missouri Southern State University,2010.0,2002.0,1,McKinsey,McKinsey & Company,McKinsey,McKinsey & Company,2009,Present,MO First Steps,Special Instruction/Developmental Therapist,MO First Steps,Special Instruction/Developmental Therapist,Special Instruction/Developmental Therapist,Nov 2011,Present,0,,McKinsey & Company,McKinsey & Company,Executive Director; Senior Project Manager; Senior Consultant; Senior Business Analyst,2009,Present,1.0,McKinsey,,,,,,,,,,,,,,,,,,,,,,,,,,,,,,,,,,,,,,,,,,,,,,,,,,,,,,,,,,,,,,,,,,,,,,,,,,,,,,,,,,,,,,,,,,,,,,,,,,,,,,,,,,,,,,,,,,,,,,,,,,,,,,,,,,,,,,,,,,,,,,,,,,,,,,,,,,,,,,,,,,,,,,,,,,,,,,,,,,,,,,,,,,,,,,,,,,,,,,,,,,,,,,,,,,
person-0168,,Retired Administrator to CEO of GE Vernova,GE Vernova,,,,,,,,,,,,,North Carolina State University,1988.0,1986.0,1,McKinsey,McKinsey & Company,McKinsey,McKinsey & Company,1989,1991,RE/MAX North Atlanta,Realtor,GE Vernova,"Administrator to CEO of GE Vernova, GE's portfolio of energy businesses","Administrator to CEO of GE Vernova, GE's portfolio of energy businesses",Aug 2022,Present,0,,GE Power,GE Power,"Sr. Executive Assistant to President & CEO, Power Services; Sr. Executive Assistant - Global Strategic Accounts",Jan 2016,Present,0.0,,GE Power & Water,Sr. Executive Assistant - PGP Commercial Operations & Global Sales,Sr. Executive Assistant - PGP Commercial Operations & Global Sales,Jan 2011,Present,0.0,,GE Energy,Project Associate,Project Associate,Mar 2008,Jan 2011,0.0,,Dewberry Capital,Executive Assistant/Project Manager to Chairman/CEO,Executive Assistant/Project Manager to Chairman/CEO,2007,2008,0.0,,Capgemini,Executive Assistant/Special Projects,Executive Assistant/Special Projects,2005,2007,0.0,,Croft & Bender,Executive Assistant to Managing Director,Executive Assistant to Managing Director,2002,2005,0.0,,Egon Zehnder International,Executive Assistant,Executive Assistant,1999,2002,0.0,,RE/MAX North Atlanta,Realtor,Realtor,1991,1999,0.0,,McKinsey & Company,McKinsey & Company,Financial Analyst (Egleston Hospital Group); Executive Assistant,1989,1991,1.0,McKinsey,,,,,,,,,,,,,,,,,,,,,,,,,,,,,,,,,,,,,,,,,,,,,,,,,,,,,,,,,,,,,,,,,,,,,,,,,,,,,,,,,,,,,,,,,,,,,,,,,,,,,,,,,,,,,,,,,,,,,,,,,,,,,,,,,,,,,,,,,,,,,,,,,,,,,,,,,,
person-0169,New York,Global Head of the Blackstone Operating Team,Blackstone,,,,,,,University of Cambridge,1995.0,1992.0,,,,University of Cambridge,1992.0,1989.0,1,McKinsey,McKinsey & Company,McKinsey,McKinsey & Company,Oct 1995,Apr 2025,Blackstone,Global Head of the Blackstone Operating Team,Blackstone,Global Head of the Blackstone Operating Team,Global Head of the Blackstone Operating Team,Mar 2025,Present,0,,McKinsey & Company,McKinsey & Company,"Global Leader McKinsey Digital and Firmwide AI Transformation; Global leader of McKinsey Digital; Managing Partner, Northeast Office; Healthcare Services Practice Leader; Associate through Senior Partner",Oct 1995,Apr 2025,1.0,McKinsey,,,,,,,,,,,,,,,,,,,,,,,,,,,,,,,,,,,,,,,,,,,,,,,,,,,,,,,,,,,,,,,,,,,,,,,,,,,,,,,,,,,,,,,,,,,,,,,,,,,,,,,,,,,,,,,,,,,,,,,,,,,,,,,,,,,,,,,,,,,,,,,,,,,,,,,,,,,,,,,,,,,,,,,,,,,,,,,,,,,,,,,,,,,,,,,,,,,,,,,,,,,,,,,,,,
person-0170,,"Learning & professional development leader ☆ Talent & leadership development certified ☆ Experienced training facilitator ☆ Diversity, equity, inclusion, and belonging focus ☆",Atlanta Apartment Association,,,,,,,,,,The University of Georgia,,,University of North Carolina,,,1,Bain,Bain and Company,Bain,Associate Consultant/Recruiting Coordinator,1999,2002,East Tennessee State University,Temporary Assistant Professor,Atlanta Apartment Association,Director of Education and Leadership Development,Director of Education and Leadership Development,Oct 2025,Present,0,,Troutman Pepper Locke LLP,Training and Continuing Legal Education Manager,Training and Continuing Legal Education Manager,Jan 2025,Aug 2025,0.0,,Troutman Pepper,Training and Continuing Legal Education Manager,Training and Continuing Legal Education Manager,Mar 2024,Jan 2025,0.0,,Kennesaw State University,Assistant Professor,Assistant Professor,Jul 2021,Mar 2024,0.0,,Flagler College,Flagler College,Program Director; Associate Professor; Chairperson,2013,Jul 2021,0.0,,"CrossFit, LLC",CrossFit Level 2 Trainer,CrossFit Level 2 Trainer,2012,2018,0.0,,Vanderbilt University,Wellness Coordinator,Wellness Coordinator,2014,2014,0.0,,East Tennessee State University,Temporary Assistant Professor,Temporary Assistant Professor,Aug 2006,May 2007,0.0,,"Parker, Poe, Adams & Bernstein",Summer Legal Associate,Summer Legal Associate,2005,2005,0.0,,North Carolina Attorney General,Legal Intern,Legal Intern,May 2004,Aug 2004,0.0,,Bain and Company,Associate Consultant/Recruiting Coordinator,Associate Consultant/Recruiting Coordinator,1999,2002,1.0,Bain,,,,,,,,,,,,,,,,,,,,,,,,,,,,,,,,,,,,,,,,,,,,,,,,,,,,,,,,,,,,,,,,,,,,,,,,,,,,,,,,,,,,,,,,,,,,,,,,,,,,,,,,,,,,,,,,,,,,,,,,,,,,,,,,,,,,,,,,,,,,,,,,,,,
person-0171,New York,Strategy | ImageFIRST,ImageFIRST,Columbia Business School,,,,,,,,,,,,Bucknell University,,,1,BCG,Boston Consulting Group (BCG),BCG,Consultant,2022,2024,ImageFIRST,Director,ImageFIRST,Director,Director,2025,Present,0,,Boston Consulting Group (BCG),Consultant,Consultant,2022,2024,1.0,BCG,UBS,UBS,Associate; Analyst,2016,2020,0.0,,"Artemis Capital Partners, L.P.",Summer Analyst,Summer Analyst,2014,2014,0.0,,,,,,,,,,,,,,,,,,,,,,,,,,,,,,,,,,,,,,,,,,,,,,,,,,,,,,,,,,,,,,,,,,,,,,,,,,,,,,,,,,,,,,,,,,,,,,,,,,,,,,,,,,,,,,,,,,,,,,,,,,,,,,,,,,,,,,,,,,,,,,,,,,,,,,,,,,,,,,,,,,,,,,,,,,,,,,,,,,,,,,,,,,,,,,,,,,,,,
person-0172,Los Angeles,"Microbiology, Immunology and Molecular Genetics @ UCLA",Product Space - Shaping Tomorrow's Product Leaders,,,,,,,,,,,,,UCLA,2027.0,2023.0,1,"BCG, Bain",Bain & Company,Bain,Bain CREW Participant,Feb 2025,Feb 2025,Women's Economic Ventures (WEV),Project Manager,Product Space - Shaping Tomorrow's Product Leaders,Product Space - Shaping Tomorrow's Product Leaders,Director of Marketing; Product Design Fellow,Oct 2024,Present,0,,Sigma Eta Pi,Sigma Eta Pi,Vice President of Professional Affairs; Active Member,Jun 2024,Present,0.0,,Bain & Company,Part-Time Assistant,Part-Time Assistant,Jun 2025,Aug 2025,1.0,Bain,Voxology AI,Product,Product,Apr 2025,Jul 2025,0.0,,Microsoft,Product,Product,Jan 2025,Jun 2025,0.0,,180 Degrees Consulting,180 Degrees Consulting,Senior Consultant; Consultant - Find Your Light Foundation; Consultant - Jazz Hands for Autism,Feb 2024,Jun 2025,0.0,,Boston Consulting Group (BCG),BCG Advance Participant,BCG Advance Participant,Apr 2025,Apr 2025,1.0,BCG,Women's Economic Ventures (WEV),Project Manager,Project Manager,Jan 2025,Apr 2025,0.0,,Bain & Company,Bain CREW Participant,Bain CREW Participant,Feb 2025,Feb 2025,1.0,Bain,Visualize Me AI,Product Intern,Product Intern,Dec 2024,Feb 2025,0.0,,Bruins for Business Health at UCLA,Graphic Designer,Graphic Designer,Apr 2024,Feb 2025,0.0,,Goodwill Southern California,Consulting Intern,Consulting Intern,Sep 2024,Jan 2025,0.0,,Biomedical Engineering Society,Researcher,Researcher,Sep 2023,Jun 2024,0.0,,SEWF - Social Enterprise World Forum C.I.C.,"Speaker at the Social Enterprise World Forum 2022 Brisbane, Australia","Speaker at the Social Enterprise World Forum 2022 Brisbane, Australia",Sep 2022,Oct 2022,0.0,,Pharmaniaga Berhad,Product,Product,Jul 2022,Jul 2022,0.0,,,,,,,,,,,,,,,,,,,,,,,,,,,,,,,,,,,,,,,,,,,,,,,,,,,,,,,,,,,,,,,,,,,,,,,,,,,,,,,,,,,,,,,,,,,,,,,,,,,,,,,,,,,,,,,,,,,,,,,,
person-0173,,Associate Director | Digital Marketing | E-commerce & FMCG Sales Leader | Strategic Account Management,Unilever,,,,,,,,,,,,,"Indian Institute of Management, Ahmedabad",2014.0,2012.0,1,McKinsey,McKinsey & Company,McKinsey,Analyst,Jul 2011,May 2012,Hindustan Unilever Limited,"Unilever Future Leaders Program, Sales & Marketing",Unilever,Unilever,"Associate Director, Digital Marketing - North America; National Account Manager, E-Commerce; Key Account Manager",Mar 2018,Present,0,,holidayme,Category Manager,Category Manager,Dec 2017,Mar 2018,0.0,,Buyoco,Co-Founder,Co-Founder,Jan 2017,Nov 2017,0.0,,Hindustan Unilever Limited,Hindustan Unilever Limited,"Area Sales & Customer Manager (ASCM); Unilever Future Leaders Program, Sales & Marketing",May 2014,Dec 2016,0.0,,PepsiCo,Summer Intern,Summer Intern,Apr 2013,Jun 2013,0.0,,McKinsey & Company,Analyst,Analyst,Jul 2011,May 2012,1.0,McKinsey,,,,,,,,,,,,,,,,,,,,,,,,,,,,,,,,,,,,,,,,,,,,,,,,,,,,,,,,,,,,,,,,,,,,,,,,,,,,,,,,,,,,,,,,,,,,,,,,,,,,,,,,,,,,,,,,,,,,,,,,,,,,,,,,,,,,,,,,,,,,,,,,,,,,,,,,,,,,,,,,,,,,,,,,,,,,,,,,,,,,,,
person-0174,Champaign,Human Resources Account Manager,Shell,,,,,,,,,,,,,University of Illinois Urbana-Champaign,2009.0,2008.0,1,Bain,Bain & Company,Bain,Human Resources Executive Assistant,May 2006,Jun 2008,Shell,Human Resources Account Manager,Shell,Shell,Human Resources Account Manager; Human Resources Account Manager; Human Resources Account Manager,Apr 2010,Aug 2015,0,,Shell Oil Company,HR Intern,HR Intern,May 2009,Aug 2009,0.0,,Bain & Company,Human Resources Executive Assistant,Human Resources Executive Assistant,May 2006,Jun 2008,1.0,Bain,M.Wood Company,Research Associate/Recruiter,Research Associate/Recruiter,Jan 2004,May 2006,0.0,,,,,,,,,,,,,,,,,,,,,,,,,,,,,,,,,,,,,,,,,,,,,,,,,,,,,,,,,,,,,,,,,,,,,,,,,,,,,,,,,,,,,,,,,,,,,,,,,,,,,,,,,,,,,,,,,,,,,,,,,,,,,,,,,,,,,,,,,,,,,,,,,,,,,,,,,,,,,,,,,,,,,,,,,,,,,,,,,,,,,,,,,,,,,,,,,,,,,
person-0175,New York,Warburg Pincus LLC | ex-Bain,Warburg Pincus LLC,,,,,,,,,,,,,University of Central Florida,,,1,Bain,Bain & Company,Bain,Bain & Company,Jul 2019,Apr 2024,Warburg Pincus LLC,Executive Assistant - Human Capital,Warburg Pincus LLC,Warburg Pincus LLC,Executive Assistant - CEO Office; Executive Assistant - Human Capital,Sep 2024,Present,0,,Bain & Company,Bain & Company,Consulting Programs Specialist; Executive Assistant,Jul 2019,Apr 2024,1.0,Bain,City Campus,"Project Manager, Development & Community","Project Manager, Development & Community",Jun 2015,Jun 2019,0.0,,,,,,,,,,,,,,,,,,,,,,,,,,,,,,,,,,,,,,,,,,,,,,,,,,,,,,,,,,,,,,,,,,,,,,,,,,,,,,,,,,,,,,,,,,,,,,,,,,,,,,,,,,,,,,,,,,,,,,,,,,,,,,,,,,,,,,,,,,,,,,,,,,,,,,,,,,,,,,,,,,,,,,,,,,,,,,,,,,,,,,,,,,,,,,,,,,,,,,,,,,,,
person-0176,Sequim,"Writer, editor, content developer with 30 years experience in communications and strategy for business and public sector clients. Especially interested in progressive, nonprofit, or animal welfare organizations.",TalentWave,,,,,,,Kent State University,1997.0,1992.0,,,,Helsingin yliopisto / University of Helsinki,1989.0,1988.0,1,McKinsey,McKinsey & Company,McKinsey,McKinsey & Company,1997,2000,McKinsey & Company,Pricing Communications Expert,TalentWave,Senior Editor,Senior Editor,Apr 2022,Present,0,,Leff,Senior Content Editor,Senior Content Editor,Nov 2020,Mar 2022,0.0,,McKinsey & Company,McKinsey & Company,Senior Editor; Associate Editor; Pricing Communications Expert,May 2000,Sep 2020,1.0,McKinsey,McKinsey & Company,McKinsey & Company,Communications Specialist; Team Assistant,1997,2000,1.0,McKinsey,Kent State University,"Program Coordinator, Critical Languages & Adjunct Professor, English","Program Coordinator, Critical Languages & Adjunct Professor, English",1991,1997,0.0,,US Air Force,Morse Systems Specialist,Morse Systems Specialist,1982,1986,0.0,,,,,,,,,,,,,,,,,,,,,,,,,,,,,,,,,,,,,,,,,,,,,,,,,,,,,,,,,,,,,,,,,,,,,,,,,,,,,,,,,,,,,,,,,,,,,,,,,,,,,,,,,,,,,,,,,,,,,,,,,,,,,,,,,,,,,,,,,,,,,,,,,,,,,,,,,,,,,,,,,,,,,,,,,,,,,,,,,,,,,,,
person-0177,New York,Senior Administration Professional,cityWell brooklyn,,,,,,,,,,,,,Brandeis University,1994.0,1990.0,1,BCG,Boston Consulting Group (BCG),BCG,Executive Assistant,May 2023,Mar 2024,cityWell brooklyn,Strategic Operations Lead,cityWell brooklyn,Strategic Operations Lead,Strategic Operations Lead,Oct 2024,Present,0,,Boston Consulting Group (BCG),Executive Assistant,Executive Assistant,May 2023,Mar 2024,1.0,BCG,"Dr. Orna Guralnik- Star of the Showtime Series ""Couples Therapy""",Administrative Manager,Administrative Manager,Sep 2019,Apr 2023,0.0,,Noom,German Health Coach,German Health Coach,Jan 2022,Jan 2023,0.0,,Condé Nast International,Condé Nast International,Production Director & US Correspondent / German VOGUE; Senior Assistant Editor,Nov 1998,Sep 2022,0.0,,Shooting Star International Photo Agency,Shooting Star International Photo Agency,Editorial Production Associate; Research Librarian,Jan 1997,Jun 1998,0.0,,,,,,,,,,,,,,,,,,,,,,,,,,,,,,,,,,,,,,,,,,,,,,,,,,,,,,,,,,,,,,,,,,,,,,,,,,,,,,,,,,,,,,,,,,,,,,,,,,,,,,,,,,,,,,,,,,,,,,,,,,,,,,,,,,,,,,,,,,,,,,,,,,,,,,,,,,,,,,,,,,,,,,,,,,,,,,,,,,,,,,,
person-0178,Durham,President at CD La Equidad | Ex-McKinsey | Strategy | Transformation,Internacional de Bogotá,Duke University - The Fuqua School of Business,2012.0,2010.0,,,,,,,,,,,2006.0,2002.0,1,McKinsey,McKinsey & Company,McKinsey,McKinsey & Company,Sep 2012,Nov 2021,Private Family Office,Operating Partner - Football,Club Deportivo La Equidad,Club Deportivo La Equidad,President and Board Member; CEO and Board Member,Jan 2025,Present,0,,Independent Consultant,Independent Consultant - Sports investments and operations,Independent Consultant - Sports investments and operations,Aug 2024,Dec 2024,0.0,,Vasco da Gama SAF,Board Member,Board Member,Jul 2023,Jun 2024,0.0,,Genoa Cricket and Football Club S.P.A.,Board Member,Board Member,Mar 2022,Jun 2024,0.0,,Private Family Office,Operating Partner - Football,Operating Partner - Football,Nov 2021,Jun 2024,0.0,,McKinsey & Company,McKinsey & Company,Associate Partner & Senior Solution Leader; Solution Leader; Engagement Manager; Associate,Sep 2012,Nov 2021,1.0,McKinsey,McKinsey & Company,Summer Associate,Summer Associate,Jun 2011,Aug 2011,1.0,McKinsey,Ministry of Defense,Strategic Studies Advisor,Strategic Studies Advisor,Jul 2008,May 2010,0.0,,B.O.T. Consulting,Analyst,Analyst,Feb 2007,May 2008,0.0,,,,,,,,,,,,,,,,,,,,,,,,,,,,,,,,,,,,,,,,,,,,,,,,,,,,,,,,,,,,,,,,,,,,,,,,,,,,,,,,,,,,,,,,,,,,,,,,,,,,,,,,,,,,,,,,,,,,,,,,,,,,,,,,,,,,,,,,,,,,,,,,,,,,,,,,,,,,,,,,,,
person-0179,San Diego,People & Inclusion Manager at PwC,PwC,,,,,,,,,,,,,Babson College,2009.0,2005.0,1,BCG,The Boston Consulting Group,BCG,Recruiting Coordinator,Sep 2012,Mar 2013,PwC,Northeast Experienced Talent Acquisition Associate,PwC,PwC,People and Inclusion Manager; Northeast Entry Level Talent Acquisition Manager; Northeast Entry Level Talent Acquisition Senior Associate; Northeast Experienced Talent Acquisition Associate,Mar 2013,Present,0,,The Boston Consulting Group,Recruiting Coordinator,Recruiting Coordinator,Sep 2012,Mar 2013,1.0,BCG,Smart Woman Securities,Executive Director,Executive Director,Oct 2011,Jul 2012,0.0,,Student Health 101,Student Health 101,Business Manager; Production Coordinator,Oct 2009,Oct 2011,0.0,,,,,,,,,,,,,,,,,,,,,,,,,,,,,,,,,,,,,,,,,,,,,,,,,,,,,,,,,,,,,,,,,,,,,,,,,,,,,,,,,,,,,,,,,,,,,,,,,,,,,,,,,,,,,,,,,,,,,,,,,,,,,,,,,,,,,,,,,,,,,,,,,,,,,,,,,,,,,,,,,,,,,,,,,,,,,,,,,,,,,,,,,,,,,,,,,,,,,
person-0180,,MBA Candidate at Harvard Business School | BCG & TikTok Alumni,TikTok Shop,Harvard Business School,2027.0,2025.0,,,,,,,,,,,2019.0,2015.0,1,BCG,Boston Consulting Group (BCG),BCG,Boston Consulting Group (BCG),Aug 2019,Mar 2022,TikTok Shop,Category Strategy Senior Associate,TikTok Shop,TikTok Shop,Program Manager; Campaign & Resource Management Lead (Shop | Tokopedia); Category Strategy Senior Associate,Apr 2022,Present,0,,Boston Consulting Group (BCG),Boston Consulting Group (BCG),Associate; Business Analyst,Aug 2019,Mar 2022,1.0,BCG,CNOOC Southeast Sumatera,Engineer Production Intern,Engineer Production Intern,Jun 2018,Aug 2018,0.0,,Traveloka,Search Engine Marketing Intern,Search Engine Marketing Intern,Jun 2017,Aug 2017,0.0,,,,,,,,,,,,,,,,,,,,,,,,,,,,,,,,,,,,,,,,,,,,,,,,,,,,,,,,,,,,,,,,,,,,,,,,,,,,,,,,,,,,,,,,,,,,,,,,,,,,,,,,,,,,,,,,,,,,,,,,,,,,,,,,,,,,,,,,,,,,,,,,,,,,,,,,,,,,,,,,,,,,,,,,,,,,,,,,,,,,,,,,,,,,,,,,,,,,,
person-0181,,Executive Coordinator,Takeda,,,,,,,,,,,,,University of Vermont,2001.0,1997.0,1,Bain,Bain & Company,Bain,Graphics Designer/Marketing Coordinator,Feb 2003,Aug 2004,Circles Company Associ,"Sales Associate, Business and Client Development",Takeda,Executive Coordinator,Executive Coordinator,Jul 2022,Present,0,,Biogen,Biogen,Project Manager - Early Access Programs; Executive Assistant,Feb 2013,Jul 2022,0.0,,"Circles, A Sodexo Company",Event Manager,Event Manager,Oct 2010,Feb 2013,0.0,,Summit Partners,Executive Assistant Marketing Coordinator,Executive Assistant Marketing Coordinator,Jul 2007,Oct 2010,0.0,,PricewaterhouseCoopers,Senior Marketing Coordinator,Senior Marketing Coordinator,Jan 2006,Jul 2007,0.0,,Circles Company Associ,"Sales Associate, Business and Client Development","Sales Associate, Business and Client Development",Aug 2004,Dec 2005,0.0,,Bain & Company,Graphics Designer/Marketing Coordinator,Graphics Designer/Marketing Coordinator,Feb 2003,Aug 2004,1.0,Bain,,,,,,,,,,,,,,,,,,,,,,,,,,,,,,,,,,,,,,,,,,,,,,,,,,,,,,,,,,,,,,,,,,,,,,,,,,,,,,,,,,,,,,,,,,,,,,,,,,,,,,,,,,,,,,,,,,,,,,,,,,,,,,,,,,,,,,,,,,,,,,,,,,,,,,,,,,,,,,,,,,,,,,,,,,,,,,,
person-0182,Charlotte,Manager at Falfurrias Management Partners,Falfurrias Management Partners,,,,,,,,,,,,,Georgia Institute of Technology,2022.0,2018.0,1,McKinsey,McKinsey & Company,McKinsey,McKinsey & Company,Apr 2023,May 2025,Falfurrias Management Partners,"Manager, Strategy",Falfurrias Management Partners,"Manager, Strategy","Manager, Strategy",Jun 2025,Present,0,,McKinsey & Company,McKinsey & Company,Senior Business Analyst; Business Analyst,Apr 2023,May 2025,1.0,McKinsey,McKinsey & Company,Summer Business Analyst,Summer Business Analyst,May 2022,Jul 2022,1.0,McKinsey,bp,Chemical and Process Engineering Intern,Chemical and Process Engineering Intern,May 2021,Aug 2021,0.0,,Georgia Institute of Technology,Undergraduate Research Assistant,Undergraduate Research Assistant,Aug 2019,Sep 2020,0.0,,Air Products,Computational Technology Intern,Computational Technology Intern,Jun 2020,Aug 2020,0.0,,Marathon Petroleum Corporation,Operations Research Engineering Intern,Operations Research Engineering Intern,Jan 2020,May 2020,0.0,,Staples,Print and Marketing Associate,Print and Marketing Associate,Apr 2018,Jan 2020,0.0,,Georgia Institute of Technology,Undergraduate Research Assistant,Undergraduate Research Assistant,Jan 2019,May 2019,0.0,,,,,,,,,,,,,,,,,,,,,,,,,,,,,,,,,,,,,,,,,,,,,,,,,,,,,,,,,,,,,,,,,,,,,,,,,,,,,,,,,,,,,,,,,,,,,,,,,,,,,,,,,,,,,,,,,,,,,,,,,,,,,,,,,,,,,,,,,,,,,,,,,,,,,,,,,,,,,,,,,,
person-0183,,Director - Transformation | Strategy and Operations Expert | Ex-McKinsey,Fidium Fiber,,,,,,,,,,,,,McGill University,2007.0,2003.0,1,McKinsey,McKinsey & Company,McKinsey,McKinsey & Company,Jul 2014,Jun 2019,Hewlett Packard Enterprise,Business Operations Manager,Fidium Fiber,Director - Transformation Office,Director - Transformation Office,Apr 2024,Present,0,,Hewlett Packard Enterprise,Business Operations Manager,Business Operations Manager,Jun 2019,Mar 2024,0.0,,McKinsey & Company,McKinsey & Company,Manager - Digital Capability Center; Senior Implementation Consultant; Implementation Consultant,Jul 2014,Jun 2019,1.0,McKinsey,"Sudbury Integrated Nickel Operations, A Glencore Company","Sudbury Integrated Nickel Operations, A Glencore Company",Business Improvement Lead; Business Improvement Analyst; Electrical Engineer In Training,Feb 2008,Jun 2014,0.0,,,,,,,,,,,,,,,,,,,,,,,,,,,,,,,,,,,,,,,,,,,,,,,,,,,,,,,,,,,,,,,,,,,,,,,,,,,,,,,,,,,,,,,,,,,,,,,,,,,,,,,,,,,,,,,,,,,,,,,,,,,,,,,,,,,,,,,,,,,,,,,,,,,,,,,,,,,,,,,,,,,,,,,,,,,,,,,,,,,,,,,,,,,,,,,,,,,,,
person-0184,,Student at Cornell University - School of Industrial and Labor Relations,Deloitte,,,,,,,,,,,,,Cornell University,2027.0,2023.0,1,BCG,Boston Consulting Group (BCG),BCG,BCG Advance,Apr 2025,Apr 2025,TAMID at Cornell,Consulting Project Manager,Deloitte,Incoming Strategy Summer Scholar,Incoming Strategy Summer Scholar,Oct 2025,Present,0,,TAMID at Cornell,TAMID at Cornell,Director of Recruitment; Analyst; Consulting Project Manager,Aug 2024,Present,0.0,,Accrete,Human Resources Intern,Human Resources Intern,Jun 2025,Aug 2025,0.0,,Boston Consulting Group (BCG),BCG Advance,BCG Advance,Apr 2025,Apr 2025,1.0,BCG,NBCUniversal,Paris 2024 Olympics Operations Intern,Paris 2024 Olympics Operations Intern,Jul 2024,Aug 2024,0.0,,Sunrise Association,Sunrise Association,Head Camp Counselor; Camp Counselor,2020,2023,0.0,,,,,,,,,,,,,,,,,,,,,,,,,,,,,,,,,,,,,,,,,,,,,,,,,,,,,,,,,,,,,,,,,,,,,,,,,,,,,,,,,,,,,,,,,,,,,,,,,,,,,,,,,,,,,,,,,,,,,,,,,,,,,,,,,,,,,,,,,,,,,,,,,,,,,,,,,,,,,,,,,,,,,,,,,,,,,,,,,,,,,,,
person-0185,,Sr. Manager Verkada | HBS MBA | Ex-Bain,Verkada,Harvard Business School,2020.0,2018.0,,,,,,,,,,,2013.0,2009.0,1,Bain,Bain & Company,Bain,Bain & Company,Oct 2020,Oct 2023,Verkada,Sr. Manager Sales Strategy and Operations - Enterprise Lead,Verkada,Sr. Manager Sales Strategy and Operations - Enterprise Lead,Sr. Manager Sales Strategy and Operations - Enterprise Lead,Oct 2023,Present,0,,Bain & Company,Bain & Company,Manager; Consultant,Oct 2020,Oct 2023,1.0,Bain,Mercury Capital Advisors,Associate,Associate,Jul 2020,Oct 2020,0.0,,Bain & Company,Summer Associate,Summer Associate,Jun 2019,Aug 2019,1.0,Bain,Pratt & Whitney,Pratt & Whitney,Senior Engineer; Engineer,Jan 2015,Jul 2018,0.0,,Georgia Institute of Technology,Graduate Research Assistant,Graduate Research Assistant,Aug 2013,Dec 2014,0.0,,"Area-I, Inc.",Intern,Intern,Apr 2013,Aug 2013,0.0,,Sikorsky,Mechanical Engineering Intern,Mechanical Engineering Intern,Jun 2012,Aug 2012,0.0,,Sikorsky,Mechanical Engineering Intern,Mechanical Engineering Intern,Jun 2011,Aug 2011,0.0,,,,,,,,,,,,,,,,,,,,,,,,,,,,,,,,,,,,,,,,,,,,,,,,,,,,,,,,,,,,,,,,,,,,,,,,,,,,,,,,,,,,,,,,,,,,,,,,,,,,,,,,,,,,,,,,,,,,,,,,,,,,,,,,,,,,,,,,,,,,,,,,,,,,,,,,,,,,,,,,,,
person-0186,,CBRN Strategist @ GDM,Google DeepMind,,,,,,,,,,,,,Yale University,2025.0,2023.0,1,McKinsey,McKinsey & Company,McKinsey,McKinsey & Company,Oct 2020,Oct 2022,Royal Free London NHS Foundation Trust,Medical Doctor,Google DeepMind,CBRN Strategist,CBRN Strategist,Aug 2025,Present,0,,Yale Law School,LEAP Fellow,LEAP Fellow,Sep 2023,May 2025,0.0,,Ireland and the World,Founder and Host,Founder and Host,Jan 2024,Apr 2025,0.0,,Pharos Global Health Advisors,Senior Program Officer,Senior Program Officer,2024,2024,0.0,,Royal Free London NHS Foundation Trust,Medical Doctor,Medical Doctor,Mar 2023,Aug 2023,0.0,,Open Philanthropy,Cause Prioritization Fellow,Cause Prioritization Fellow,2023,2023,0.0,,McKinsey & Company,McKinsey & Company,Associate; Junior Associate,Oct 2020,Oct 2022,1.0,McKinsey,Oxford University Hospitals NHS Foundation Trust,Medical Doctor,Medical Doctor,Jul 2019,Aug 2020,0.0,,"Penn Medicine, University of Pennsylvania Health System",Sub-Intern,Sub-Intern,Jan 2019,Feb 2019,0.0,,Great Ormond Street Hospital for Children NHS Foundation Trust,Medical Student,Medical Student,Jan 2019,Jan 2019,0.0,,Muhimbili National Hospital,Medical Student,Medical Student,Jul 2018,Aug 2018,0.0,,Brigham and Women's Hospital,Research Assistant,Research Assistant,Jul 2017,Aug 2017,0.0,,Harvard Medical School,Research Assistant,Research Assistant,Jul 2017,Aug 2017,0.0,,Partners In Health,Intern,Intern,Jul 2017,Aug 2017,0.0,,"University of California, Berkeley",Camp Counsellor,Camp Counsellor,Jun 2016,Aug 2016,0.0,,Paddy Power Betfair,Part-time Sports Trader,Part-time Sports Trader,Feb 2014,May 2016,0.0,,The Dawson Hotel,Waiter,Waiter,Nov 2013,Feb 2014,0.0,,,,,,,,,,,,,,,,,,,,,,,,,,,,,,,,,,,,,,,,,,,,,,,,,,,,,,,,,,,,,,,,,,,,,,,,,,,,,,,,,,,,,,,,,,,,,,,,,,,,,,,,,,
person-0187,Burlingame,Head of Managed Investing Solutions,Charles Schwab,Stanford University Graduate School of Business,,,,,,,,,,,,Brown University,,,1,McKinsey,McKinsey & Company,McKinsey,Associate,1998,2000,"Dolores Group, Inc.",Chief Operating Officer,Charles Schwab,Charles Schwab,"Head of Managed Investing Solutions; Head of ESG Strategy; Senior Client Portfolio Strategist; Managing Director, Strategy & Product Development",2011,Present,0,,"Farr Investments, LLC",Founder & Managing Principal,Founder & Managing Principal,2003,2010,0.0,,Esurance,"Director, Insurance Operations","Director, Insurance Operations",2001,2005,0.0,,"Dolores Group, Inc.",Chief Operating Officer,Chief Operating Officer,2000,2001,0.0,,McKinsey & Company,Associate,Associate,1998,2000,1.0,McKinsey,Prudential Financial,"Associate, PACE (Prudential Accelerated Career Entry) Program","Associate, PACE (Prudential Accelerated Career Entry) Program",1992,1996,0.0,,,,,,,,,,,,,,,,,,,,,,,,,,,,,,,,,,,,,,,,,,,,,,,,,,,,,,,,,,,,,,,,,,,,,,,,,,,,,,,,,,,,,,,,,,,,,,,,,,,,,,,,,,,,,,,,,,,,,,,,,,,,,,,,,,,,,,,,,,,,,,,,,,,,,,,,,,,,,,,,,,,,,,,,,,,,,,,,,,,,,,,
person-0188,New York,VP of New Ventures @ Planet 9 Studio,Planet 9 Studio,The Wharton School,,,,,,,,,,,,University of Pennsylvania,,,1,BCG,Boston Consulting Group (BCG),BCG,Boston Consulting Group (BCG),Aug 2017,Jul 2020,Boston Consulting Group (BCG),Consultant,Planet 9 Studio,Planet 9 Studio,VP of New Ventures; Director of New Ventures,Sep 2023,Present,0,,Boston Consulting Group (BCG),Consultant,Consultant,Sep 2022,Sep 2023,1.0,BCG,Fellow,MBA Intern - Customization Strategy & Operations,MBA Intern - Customization Strategy & Operations,Jan 2021,May 2022,0.0,,Boston Consulting Group (BCG),Boston Consulting Group (BCG),Consultant; Associate,Aug 2017,Jul 2020,1.0,BCG,Save the Children International,Global Strategy Manager (BCG Secondee),Global Strategy Manager (BCG Secondee),Jul 2019,Jun 2020,0.0,,The Boston Consulting Group,Summer Associate,Summer Associate,Jun 2016,Aug 2016,1.0,BCG,Vertex Pharmaceuticals,Protein Sciences Intern,Protein Sciences Intern,Jun 2015,Aug 2015,0.0,,,,,,,,,,,,,,,,,,,,,,,,,,,,,,,,,,,,,,,,,,,,,,,,,,,,,,,,,,,,,,,,,,,,,,,,,,,,,,,,,,,,,,,,,,,,,,,,,,,,,,,,,,,,,,,,,,,,,,,,,,,,,,,,,,,,,,,,,,,,,,,,,,,,,,,,,,,,,,,,,,,,,,,,,,,,,,,,
person-0189,Bristol,Principal at Aveson Associates,"Japanese Consulate, Boston",,,,,,,,,,,,,UC Santa Barbara,,,1,McKinsey,McKinsey & Company,McKinsey,Consultant,2005,2008,New England Cable News,Anchor/Correspondent/Host,"Japanese Consulate, Boston",Honorary Consul General for Japan in Rhode Island,Honorary Consul General for Japan in Rhode Island,Jul 2024,Present,0,,Friends of the Rogers Free Library,Board Member,Board Member,Nov 2022,Present,0.0,,KRON4TV,News Anchor,News Anchor,May 2016,Present,0.0,,Aveson Associates,Aveson Associates,"Chief Collaborator, Cook and Bottle Washer; Narrator",Jan 1990,Present,0.0,,Japan America Society of Rhode Island (JASRI),Emeritus Vice President,Emeritus Vice President,Jun 2015,Jan 2025,0.0,,Wheelock College,Former Trustee,Former Trustee,Jan 2001,Jun 2016,0.0,,New England Cable News,Anchor/Correspondent/Host,Anchor/Correspondent/Host,Jun 2010,Dec 2015,0.0,,McKinsey & Company,Consultant,Consultant,2005,2008,1.0,McKinsey,WPRI/FOX PROVIDENCE,News Anchor,News Anchor,2001,2008,0.0,,WFXT/FOX Boston,Anchor,Anchor,2000,2002,0.0,,"ABC News 20/20,Good Morning America,Discovery News",Anchor/Correspondent/Host,Anchor/Correspondent/Host,1997,2000,0.0,,ABC News,Anchor/Correspondent,Anchor/Correspondent,1997,2000,0.0,,WXIA TV,Host/Correspondent/Anchor,Host/Correspondent/Anchor,1993,1997,0.0,,The Christian Science Monitor,Anchor/Correspondent,Anchor/Correspondent,1991,1992,0.0,,WBZ/TV Boston,Correspondent/Contributing Host,Correspondent/Contributing Host,1981,1986,0.0,,,,,,,,,,,,,,,,,,,,,,,,,,,,,,,,,,,,,,,,,,,,,,,,,,,,,,,,,,,,,,,,,,,,,,,,,,,,,,,,,,,,,,,,,,,,,,,,,,,,,,,,,,,,,,,,,,,,,,,,
person-0190,Chicago,"Strategic Advisor | Managed Care Financial Services, External Affairs & Communications",BRG,,,,,,,,,,,,,Northwestern University,,,1,BCG,Boston Consulting Group (BCG),BCG,Senior Communications Strategist,Jun 2022,Apr 2023,Guidehouse,Senior Consultant,BRG,Managing Consultant,Managing Consultant,Apr 2025,Present,0,,Guidehouse,Guidehouse,Managing Consultant; Senior Consultant,Apr 2023,Apr 2025,0.0,,Boston Consulting Group (BCG),Senior Communications Strategist,Senior Communications Strategist,Jun 2022,Apr 2023,1.0,BCG,Better Government Association,Investigative Intern & Contributing Writer,Investigative Intern & Contributing Writer,Dec 2021,Apr 2023,0.0,,Center for Public Integrity,Contributing Writer,Contributing Writer,Aug 2022,Oct 2022,0.0,,Energy News Network,Contributing Writer,Contributing Writer,Jan 2022,Sep 2022,0.0,,South Side Weekly,Contributing Writer & Fact-Checker,Contributing Writer & Fact-Checker,Oct 2020,Jun 2022,0.0,,General Lattice,Lead Communications Strategist,Lead Communications Strategist,Jan 2019,Jun 2022,0.0,,Gazette Chicago,Staff Reporter,Staff Reporter,Oct 2017,Jun 2022,0.0,,Chicago Sun-Times,Contributing Writer,Contributing Writer,Nov 2021,Dec 2021,0.0,,Belt Magazine,Contributing Writer,Contributing Writer,Aug 2021,Oct 2021,0.0,,Gaynor Law,Paralegal,Paralegal,Jun 2018,May 2021,0.0,,Evanston RoundTable,News Reporter,News Reporter,Jun 2017,Dec 2017,0.0,,,,,,,,,,,,,,,,,,,,,,,,,,,,,,,,,,,,,,,,,,,,,,,,,,,,,,,,,,,,,,,,,,,,,,,,,,,,,,,,,,,,,,,,,,,,,,,,,,,,,,,,,,,,,,,,,,,,,,,,,,,,,,,,,,,,,,
person-0191,New York,"Tech Executive | Go-to-Market Strategy, Analytics & Operations",Intuit,Harvard Business School,2009.0,2007.0,,,,,,,,,,,2019.0,2018.0,1,McKinsey,McKinsey & Company,McKinsey,Management Consultant,2005,2010,Google,"Head of Strategy and Analytics, Americas Go-to-Market",Intuit,Intuit,Global Head Revenue Strategy and Operations at Intuit; Global Head Revenue Strategy & Operations at Mailchimp,May 2024,Present,0,,Meta,Director of Monetization Analytics,Director of Monetization Analytics,2021,2024,0.0,,Google,Google,"Head of Sales Analytics; Head of Strategy and Analytics, Americas Go-to-Market",2010,2021,0.0,,McKinsey & Company,Management Consultant,Management Consultant,2005,2010,1.0,McKinsey,JP Morgan,"Investment Banking, Summer Associate","Investment Banking, Summer Associate",Jun 2008,Aug 2008,0.0,,,,,,,,,,,,,,,,,,,,,,,,,,,,,,,,,,,,,,,,,,,,,,,,,,,,,,,,,,,,,,,,,,,,,,,,,,,,,,,,,,,,,,,,,,,,,,,,,,,,,,,,,,,,,,,,,,,,,,,,,,,,,,,,,,,,,,,,,,,,,,,,,,,,,,,,,,,,,,,,,,,,,,,,,,,,,,,,,,,,,,,,,,,,,,
person-0192,,Silicon Valley HR Executive with business focus,Fastly,Harvard Business School,,,,,,,,,,,,Cornell University,,,1,McKinsey,McKinsey & Company,McKinsey,McKinsey & Company,Sep 1994,Apr 1998,Russell Reynolds Associates,"Associate, North America Marketing Practice",Fastly,"Vice President, Global People Partners and Employee Relations","Vice President, Global People Partners and Employee Relations",Mar 2025,Present,0,,Google,Google,"Director, People Operations [HR Director, Americas Large Customer Sales]; Manager, HR Business Partner, Americas Large Customer Sales",Jun 2014,Jul 2024,0.0,,McKinsey & Company,McKinsey & Company,"Director & Chief of Staff, Functional Practices; Director, Global Mobility; Deputy Director, Personnel, Consulting; Director, Professional Development",Nov 1999,May 2014,1.0,McKinsey,Russell Reynolds Associates,"Associate, North America Marketing Practice","Associate, North America Marketing Practice",May 1998,Oct 1999,0.0,,McKinsey & Company,McKinsey & Company,"Manager, Professional Development; Engagement Manager",Sep 1994,Apr 1998,1.0,McKinsey,,,,,,,,,,,,,,,,,,,,,,,,,,,,,,,,,,,,,,,,,,,,,,,,,,,,,,,,,,,,,,,,,,,,,,,,,,,,,,,,,,,,,,,,,,,,,,,,,,,,,,,,,,,,,,,,,,,,,,,,,,,,,,,,,,,,,,,,,,,,,,,,,,,,,,,,,,,,,,,,,,,,,,,,,,,,,,,,,,,,,,,,,,,,,
person-0193,Houston,Candidate for a BA in Business & Data Science class of 2026,Goldman Sachs,,,,,,,,,,,,,Rice University,2026.0,2022.0,1,Bain,Bain Capital,Bain,Bain Capital Investors of Tomorrow Summit Participant,Jan 2024,Jan 2024,Bain & Company,Bain CREW Participant,Goldman Sachs,Goldman Sachs,Incoming Investment Banking Analyst; Investment Banking Summer Analyst,Jun 2025,Present,0,,Rice Undergraduate Investment Fund,Senior Analyst,Senior Analyst,Dec 2023,Present,0.0,,Rice University,Tour Guide & Owl Interviewer,Tour Guide & Owl Interviewer,Mar 2023,Aug 2025,0.0,,Rice Management Company,Operations Summer Analyst,Operations Summer Analyst,May 2024,Aug 2024,0.0,,Rice Business - Jones Graduate School of Business,Strategy Research Assistant,Strategy Research Assistant,Dec 2023,Jun 2024,0.0,,Bain & Company,Bain CREW Participant,Bain CREW Participant,Dec 2023,Feb 2024,1.0,Bain,Bain Capital,Bain Capital Investors of Tomorrow Summit Participant,Bain Capital Investors of Tomorrow Summit Participant,Jan 2024,Jan 2024,1.0,Bain,True Food Kitchen,Finance Intern,Finance Intern,Jun 2019,Jul 2019,0.0,,,,,,,,,,,,,,,,,,,,,,,,,,,,,,,,,,,,,,,,,,,,,,,,,,,,,,,,,,,,,,,,,,,,,,,,,,,,,,,,,,,,,,,,,,,,,,,,,,,,,,,,,,,,,,,,,,,,,,,,,,,,,,,,,,,,,,,,,,,,,,,,,,,,,,,,,,,,,,,,,,,,,,,,,
person-0194,St Louis,Associate at McKinsey & Company | PhD in Biomedical Engineering,The National Institutes of Health,,,,,,,,,,,,,Washington University in St. Louis,2025.0,2019.0,1,McKinsey,McKinsey & Company,McKinsey,McKinsey Insight,Apr 2023,Apr 2023,The BALSA Group,Director of Marketing,The National Institutes of Health,Ruth L. Kirschstein Predoctoral Individual National Research Service Award,Ruth L. Kirschstein Predoctoral Individual National Research Service Award,Mar 2022,May 2025,0,,Nerinx Hall High School,Head Varsity Lacrosse Coach,Head Varsity Lacrosse Coach,Sep 2021,May 2025,0.0,,Washington University in St. Louis,PHD Candidate,PHD Candidate,Jul 2019,May 2025,0.0,,Gilead Sciences,Research Strategy Innovation and Portfolio Intern,Research Strategy Innovation and Portfolio Intern,Jun 2024,Aug 2024,0.0,,The BALSA Group,The BALSA Group,Advisor; Project Manager; Co President; Consultant; Director of Marketing,Feb 2022,Aug 2024,0.0,,McKinsey & Company,McKinsey Insight,McKinsey Insight,Apr 2023,Apr 2023,1.0,McKinsey,Midwest Healthcare Case Competition,Organizing Team Member,Organizing Team Member,Apr 2022,Nov 2022,0.0,,UC Davis Institute for Regenerative Cures,Student Researcher,Student Researcher,Jun 2017,Sep 2020,0.0,,UC Davis Department of Orthopedic Surgery,Student Researcher,Student Researcher,Mar 2017,Sep 2020,0.0,,Boehringer Ingelheim,Immunology and Respiratory Intern,Immunology and Respiratory Intern,Jun 2018,Feb 2020,0.0,,Private,Private,Nanny; Private Lacrosse Instructor; Administrative Assistant,Jun 2016,Sep 2019,0.0,,UC Davis Athletics,Division I Lacrosse Player,Division I Lacrosse Player,Sep 2014,Jun 2019,0.0,,Gold Coast Lacrosse Club,Assisant Coach,Assisant Coach,Jun 2013,Sep 2018,0.0,,Ridgefield Ice Cream Shop,Sales Clerk,Sales Clerk,Jan 2013,Sep 2014,0.0,,,,,,,,,,,,,,,,,,,,,,,,,,,,,,,,,,,,,,,,,,,,,,,,,,,,,,,,,,,,,,,,,,,,,,,,,,,,,,,,,,,,,,,,,,,,,,,,,,,,,,,,,,,,,,,,,,,,,,,,,,,,,,,
person-0195,Minneapolis,"Sr. Manager, Video & Programmatic Media at Ovative Group",Ovative Group,University of Denver - Daniels College of Business,2017.0,2013.0,,,,,,,,,,,2015.0,2015.0,1,Bain,Bain & Company,Bain,Bain & Company,Jul 2018,Mar 2019,Ovative Group,"Analyst, Display & Paid Social",Ovative Group,Ovative Group,"Sr. Manager, Video & Programmatic Media; Manager, Video & Programmatic Media; Manager, Display & Paid Social; Senior Analyst, Display & Paid Social; Analyst, Display & Paid Social",Mar 2019,Present,0,,Bain & Company,Bain & Company,"Senior Associate, Digital Media; Associate, Digital Media",Jul 2018,Mar 2019,1.0,Bain,FRWD,FRWD,"Senior Associate, Digital Media; Assistant Media Planner",Oct 2017,Mar 2019,0.0,,Daniels College of Business,"""Gateway to Business"" Teaching Assistant","""Gateway to Business"" Teaching Assistant",Oct 2014,Jun 2017,0.0,,Magnet 360,Marketing Intern,Marketing Intern,Jun 2016,Aug 2016,0.0,,,,,,,,,,,,,,,,,,,,,,,,,,,,,,,,,,,,,,,,,,,,,,,,,,,,,,,,,,,,,,,,,,,,,,,,,,,,,,,,,,,,,,,,,,,,,,,,,,,,,,,,,,,,,,,,,,,,,,,,,,,,,,,,,,,,,,,,,,,,,,,,,,,,,,,,,,,,,,,,,,,,,,,,,,,,,,,,,,,,,,,,,,,,,,
person-0196,,Chief Operating Officer at M.A. Jewelers,M.A. Jewelers,,,,,,,,,,,,,Rutgers University-New Brunswick,2018.0,2014.0,1,McKinsey,McKinsey & Company,McKinsey,Optimize Services Procurement Analyst,Feb 2020,Feb 2021,Morgan Stanley,Associate,M.A. Jewelers,Chief Operating Officer,Chief Operating Officer,May 2023,Present,0,,Morgan Stanley,Morgan Stanley,Assistant Vice President; Associate,Feb 2021,May 2023,0.0,,McKinsey & Company,Optimize Services Procurement Analyst,Optimize Services Procurement Analyst,Feb 2020,Feb 2021,1.0,McKinsey,Abacus Group,Procurement Analyst,Procurement Analyst,Feb 2019,Feb 2020,0.0,,Proactive Technologies,Technology Solutions Analyst,Technology Solutions Analyst,May 2018,Feb 2019,0.0,,Rutgers Business School,Ambassador,Ambassador,Jul 2016,May 2018,0.0,,Johnson & Johnson,Business Services PMO Co-Op,Business Services PMO Co-Op,Jul 2017,Jan 2018,0.0,,M.A. Jewelers,Assistant Manager,Assistant Manager,May 2010,Sep 2014,0.0,,,,,,,,,,,,,,,,,,,,,,,,,,,,,,,,,,,,,,,,,,,,,,,,,,,,,,,,,,,,,,,,,,,,,,,,,,,,,,,,,,,,,,,,,,,,,,,,,,,,,,,,,,,,,,,,,,,,,,,,,,,,,,,,,,,,,,,,,,,,,,,,,,,,,,,,,,,,,,,,,,,,,,,,,
person-0197,Northport,Government Program Management Analyst,MSC Industrial Supply Co.,,,,,,,,,,,,,Stony Brook University,,,1,McKinsey,McKinsey & Company,McKinsey,Project Coordinator ( Contract Position),Apr 2002,Aug 2002,American International Group,Ariba Business Analyst,MSC Industrial Supply Co.,MSC Industrial Supply Co.,Government Program Analyst; Database Specialist/Analyst,Dec 2016,Present,0,,The Estée Lauder Companies Inc.,Service delivery/Operations/Project Analyst – Global End User Services – (Contract Position),Service delivery/Operations/Project Analyst – Global End User Services – (Contract Position),Jan 2015,Nov 2016,0.0,,Analytic Energy LLC,Operations/Business Analyst ( Contract Position),Operations/Business Analyst ( Contract Position),Jul 2013,Dec 2014,0.0,,BlackRock,Analyst ( Contract Position),Analyst ( Contract Position),2012,2012,0.0,,Integretech Consulting,Sr. Recruiter,Sr. Recruiter,2006,2012,0.0,,American International Group,Ariba Business Analyst,Ariba Business Analyst,2002,2005,0.0,,McKinsey & Company,Project Coordinator ( Contract Position),Project Coordinator ( Contract Position),Apr 2002,Aug 2002,1.0,McKinsey,Kiodex - SunGard,IT Coordinator,IT Coordinator,2000,2002,0.0,,Lancer Insurance Company,Property Adjuster/Recovery Specialist,Property Adjuster/Recovery Specialist,Nov 1995,Sep 2000,0.0,,GEICO,Claims Service Representative,Claims Service Representative,Jan 1994,Jan 1995,0.0,,,,,,,,,,,,,,,,,,,,,,,,,,,,,,,,,,,,,,,,,,,,,,,,,,,,,,,,,,,,,,,,,,,,,,,,,,,,,,,,,,,,,,,,,,,,,,,,,,,,,,,,,,,,,,,,,,,,,,,,,,,,,,,,,,,,,,,,,,,,,,,,,,,,,,,,,,,
person-0198,Laguna Beach,Ops @ Anduril | ex-Bain,Anduril Industries,University of Georgia - Terry College of Business,2023.0,2019.0,,,,,,,,,,,2019.0,2019.0,1,Bain,Bain & Company,Bain,Associate Consultant,Oct 2023,Dec 2024,Anduril Industries,"Ops Analyst, Tactical Recon & Strike",Anduril Industries,Anduril Industries,"Ops Associate, Tactical Recon & Strike; Ops Analyst, Tactical Recon & Strike",Jan 2025,Present,0,,Bain & Company,Associate Consultant,Associate Consultant,Oct 2023,Dec 2024,1.0,Bain,Initium,Co-Founder,Co-Founder,Mar 2023,May 2024,0.0,,,,,,,,,,,,,,,,,,,,,,,,,,,,,,,,,,,,,,,,,,,,,,,,,,,,,,,,,,,,,,,,,,,,,,,,,,,,,,,,,,,,,,,,,,,,,,,,,,,,,,,,,,,,,,,,,,,,,,,,,,,,,,,,,,,,,,,,,,,,,,,,,,,,,,,,,,,,,,,,,,,,,,,,,,,,,,,,,,,,,,,,,,,,,,,,,,,,,,,,,,,,
person-0199,New York,Metropolitan Transportation Authority,Metropolitan Transportation Authority,NYU Stern School of Business,2015.0,2012.0,,,,,,,,,,,2007.0,2003.0,1,BCG,Boston Consulting Group (BCG),BCG,Boston Consulting Group (BCG),Jul 2015,Jul 2022,Metropolitan Transportation Authority,Senior Advisor at NYC Transit Authority,Metropolitan Transportation Authority,Metropolitan Transportation Authority,Budget Director; Chief Change Officer at NYC Transit Authority; Chief of Staff at NYC Transit Authority; Senior Advisor at NYC Transit Authority,Jul 2022,Present,0,,Boston Consulting Group (BCG),Boston Consulting Group (BCG),Partner; Principal; Project Leader; Consultant,Jul 2015,Jul 2022,1.0,BCG,New York City Office of Management and Budget,Senior Advisor for Recovery,Senior Advisor for Recovery,Jan 2014,Jul 2015,0.0,,Mayor's Office of Housing Recovery Operations,Chief of Staff,Chief of Staff,Feb 2013,Jan 2014,0.0,,Mayor's Office of Contract Services,Mayor's Office of Contract Services,Asst. Director; Dep. Chief of Staff; Discretionary Award Coordinator; Vendor Responsibility Analyst,Dec 2007,Jan 2013,0.0,,,,,,,,,,,,,,,,,,,,,,,,,,,,,,,,,,,,,,,,,,,,,,,,,,,,,,,,,,,,,,,,,,,,,,,,,,,,,,,,,,,,,,,,,,,,,,,,,,,,,,,,,,,,,,,,,,,,,,,,,,,,,,,,,,,,,,,,,,,,,,,,,,,,,,,,,,,,,,,,,,,,,,,,,,,,,,,,,,,,,,,,,,,,,,
person-0200,Pasadena,Actionist | Ex-McKinsey | Yale,Actionist Consulting,Yale University,,,University of Cambridge,,,,,,,,,"University of California, Berkeley",,,1,McKinsey,McKinsey & Company,McKinsey,McKinsey & Company,Sep 2018,Sep 2022,Actionist Consulting,Engagement Manager,Actionist Consulting,Engagement Manager,Engagement Manager,Oct 2022,Present,0,,McKinsey & Company,McKinsey & Company,Manager (McKinsey Academy); Associate,Sep 2018,Sep 2022,1.0,McKinsey,McKinsey & Company,Summer Associate,Summer Associate,Jun 2017,Aug 2017,1.0,McKinsey,Capital Group | American Funds,Capital Group | American Funds,"Senior Associate, Strategy & Innovation; TAP Associate (Corporate Strategy, Equity Research & Analysis)",Sep 2011,Jul 2016,0.0,,Teach For America,Corps Member,Corps Member,Jul 2009,Jun 2011,0.0,,Uncommon Schools,Teacher,Teacher,Jul 2009,Jun 2011,0.0,,,,,,,,,,,,,,,,,,,,,,,,,,,,,,,,,,,,,,,,,,,,,,,,,,,,,,,,,,,,,,,,,,,,,,,,,,,,,,,,,,,,,,,,,,,,,,,,,,,,,,,,,,,,,,,,,,,,,,,,,,,,,,,,,,,,,,,,,,,,,,,,,,,,,,,,,,,,,,,,,,,,,,,,,,,,,,,,,,,,,,,
person-0201,,Producer | Writer | Speaker | Activist | Creator,Without Wax Productions,,,,,,,,,,,,,,,,1,Bain,Bain & Company,Bain,Senior Project Manager,Oct 2012,May 2017,ReSource Pro,Digital Marketing Manager,Without Wax Productions,Founder,Founder,Feb 2021,Present,0,,St. Martin's Press,Author - You'll Never Believe Me *PREORDER NOW*,Author - You'll Never Believe Me *PREORDER NOW*,Aug 2022,Present,0.0,,ReSource Pro,ReSource Pro,"Senior Digital Marketing Consultant; Senior Director, Digital Marketing + Communications; Digital Marketing Manager",2017,Aug 2022,0.0,,Bain & Company,Senior Project Manager,Senior Project Manager,Oct 2012,May 2017,1.0,Bain,Macquarie Group,Corporate Access Events Coordinator,Corporate Access Events Coordinator,May 2011,Oct 2012,0.0,,AC Entertainment,Events Coordinator,Events Coordinator,Jan 2008,May 2011,0.0,,,,,,,,,,,,,,,,,,,,,,,,,,,,,,,,,,,,,,,,,,,,,,,,,,,,,,,,,,,,,,,,,,,,,,,,,,,,,,,,,,,,,,,,,,,,,,,,,,,,,,,,,,,,,,,,,,,,,,,,,,,,,,,,,,,,,,,,,,,,,,,,,,,,,,,,,,,,,,,,,,,,,,,,,,,,,,,,,,,,,,,
person-0202,Evanston,Retired Executive,Northwestern University,Kellogg Graduate School of Management,1990.0,1988.0,,,,,,,,,,,1986.0,1981.0,1,McKinsey,McKinsey & Company,McKinsey,"Associate, Engagement Manager & Senior Engagement Manager",1990,1997,GE Capital Rail Services,"Executive VP, Marketing, Portfolio Management & Business Development",Northwestern University,Office of Provost and SVP Business/Finance,Office of Provost and SVP Business/Finance,Dec 2020,Oct 2021,0,,Northwestern University - Kellogg School of Management,Northwestern University - Kellogg School of Management,Chief Operating Officer; Associate Dean of Executive Education,2012,Dec 2020,0.0,,McKinsey & Company,Principal & Director of Global Strategy Practice Operations,Principal & Director of Global Strategy Practice Operations,2001,2012,1.0,McKinsey,GE Capital Rail Services,"Executive VP, Marketing, Portfolio Management & Business Development","Executive VP, Marketing, Portfolio Management & Business Development",1997,2000,0.0,,McKinsey & Company,"Associate, Engagement Manager & Senior Engagement Manager","Associate, Engagement Manager & Senior Engagement Manager",1990,1997,1.0,McKinsey,Chicago Capital Fund,Summer Associate,Summer Associate,1989,1989,0.0,,Westinghouse Electric Company,Program Development Engineer & Marketing Account Manager,Program Development Engineer & Marketing Account Manager,1986,1988,0.0,,General Motors,"Packard Electric Division- Sales, Application & Reliability Engineer","Packard Electric Division- Sales, Application & Reliability Engineer",1982,1985,0.0,,,,,,,,,,,,,,,,,,,,,,,,,,,,,,,,,,,,,,,,,,,,,,,,,,,,,,,,,,,,,,,,,,,,,,,,,,,,,,,,,,,,,,,,,,,,,,,,,,,,,,,,,,,,,,,,,,,,,,,,,,,,,,,,,,,,,,,,,,,,,,,,,,,,,,,,,,,,,,,,,,,,,,,,,
person-0203,,Strategy | Sales Operations | MBA/MEng at UC Berkeley,Hippo Insurance,"University of California, Berkeley, Haas School of Business",2021.0,2019.0,,,,,,,,,,,2013.0,2008.0,1,McKinsey,McKinsey & Company,McKinsey,Project Analyst,Jan 2013,Jun 2014,UBS,Associate,Hippo Insurance,Hippo Insurance,Senior Manager; Manager; Senior Associate,Jul 2021,Present,0,,"University of California, Berkeley, Haas School of Business",MBA/MEng,MBA/MEng,Aug 2019,May 2021,0.0,,Amazon,Finance Leadership Development Program - MBA Intern,Finance Leadership Development Program - MBA Intern,Jun 2020,Aug 2020,0.0,,UBS,UBS,Associate Director; Associate,Jul 2014,Apr 2019,0.0,,McKinsey & Company,Project Analyst,Project Analyst,Jan 2013,Jun 2014,1.0,McKinsey,McKinsey & Company,Research Intern,Research Intern,Jun 2011,Jul 2012,1.0,McKinsey,,,,,,,,,,,,,,,,,,,,,,,,,,,,,,,,,,,,,,,,,,,,,,,,,,,,,,,,,,,,,,,,,,,,,,,,,,,,,,,,,,,,,,,,,,,,,,,,,,,,,,,,,,,,,,,,,,,,,,,,,,,,,,,,,,,,,,,,,,,,,,,,,,,,,,,,,,,,,,,,,,,,,,,,,,,,,,,,,,,,,,
person-0204,,Data Science & AI Executive | Expert in Machine Learning | Specialist in cardiac assistance,Edwards Lifesciences,,,,The Johns Hopkins University,,,,,,,,,University of Florida,,,1,BCG,Boston Consulting Group (BCG),BCG,Boston Consulting Group (BCG),2008,2020,Mended hearts of Osceola,President,Edwards Lifesciences,Partner,Partner,Apr 2020,Present,0,,Mended hearts of Osceola,President,President,Jan 2015,Present,0.0,,Boston Consulting Group (BCG),Boston Consulting Group (BCG),"Partner, Digital Health & AI Healthcare; Senior Engagement Manager; Associate Consultant",2008,2020,1.0,BCG,Osceola Regional Medical Center,Volunteer - Pres of the Mended Hearts Chapter at ORMC,Volunteer - Pres of the Mended Hearts Chapter at ORMC,2009,2015,0.0,,Stryker,Biomedical Engineer,Biomedical Engineer,2004,2008,0.0,,,,,,,,,,,,,,,,,,,,,,,,,,,,,,,,,,,,,,,,,,,,,,,,,,,,,,,,,,,,,,,,,,,,,,,,,,,,,,,,,,,,,,,,,,,,,,,,,,,,,,,,,,,,,,,,,,,,,,,,,,,,,,,,,,,,,,,,,,,,,,,,,,,,,,,,,,,,,,,,,,,,,,,,,,,,,,,,,,,,,,,,,,,,,,
person-0205,,Operations Director,Outcomes4Me,,,,,,,,,,,,,Massachusetts Institute of Technology,2015.0,2013.0,1,BCG,Boston Consulting Group (BCG),BCG,Boston Consulting Group (BCG),2008,2010,Sanofi,Project Manager,Outcomes4Me,Director of Operations,Director of Operations,2017,2020,0,,Novartis,Global Oncology Policy and Market Access Manager,Global Oncology Policy and Market Access Manager,2015,2017,0.0,,Sanofi,Sanofi,Deputy External Innovation and Science Policy Manager; Project Manager,2010,2013,0.0,,Boston Consulting Group (BCG),Boston Consulting Group (BCG),Project Consultant; Consultant Trainee,2008,2010,1.0,BCG,,,,,,,,,,,,,,,,,,,,,,,,,,,,,,,,,,,,,,,,,,,,,,,,,,,,,,,,,,,,,,,,,,,,,,,,,,,,,,,,,,,,,,,,,,,,,,,,,,,,,,,,,,,,,,,,,,,,,,,,,,,,,,,,,,,,,,,,,,,,,,,,,,,,,,,,,,,,,,,,,,,,,,,,,,,,,,,,,,,,,,,,,,,,,,,,,,,,
person-0206,New York,Strategy @ FanDuel,FanDuel,,,,,,,,,,,,,"University of California, Los Angeles",,,1,Bain,Bain & Company,Bain,Bain & Company,Jun 2022,Aug 2025,FanDuel,Strategy Extern,FanDuel,FanDuel,Corporate Strategy; Strategy Extern,Feb 2025,Present,0,,Bain & Company,Bain & Company,Senior Associate Consultant; Associate Consultant,Jun 2022,Aug 2025,1.0,Bain,Northrop Grumman,Northrop Grumman,Systems Engineer; Associate Systems Engineer,Aug 2021,Jun 2022,0.0,,UCLA Engineering Ambassadors,UCLA Engineering Ambassadors,President; Engineering Ambassador,Apr 2018,Jun 2021,0.0,,Northrop Grumman,Northrop Grumman,Systems Engineering Intern; Manufacturing Engineering Intern,Jun 2019,Sep 2020,0.0,,,,,,,,,,,,,,,,,,,,,,,,,,,,,,,,,,,,,,,,,,,,,,,,,,,,,,,,,,,,,,,,,,,,,,,,,,,,,,,,,,,,,,,,,,,,,,,,,,,,,,,,,,,,,,,,,,,,,,,,,,,,,,,,,,,,,,,,,,,,,,,,,,,,,,,,,,,,,,,,,,,,,,,,,,,,,,,,,,,,,,,,,,,,,,
person-0207,,Psychologist | Talent Assessment | ex-McKinsey,Next Summit Consulting,,,,The Catholic University of America,,,The Catholic University of America,,,,,,United States Military Academy at West Point,,,1,McKinsey,McKinsey & Company,McKinsey,Defense & Security Specialist,Aug 2023,Jul 2025,US Army,Psychologist,Next Summit Consulting,Founder | Consulting Psychologist,Founder | Consulting Psychologist,Feb 2019,Present,0,,US Army,Psychologist,Psychologist,Feb 2022,Present,0.0,,McKinsey & Company,Defense & Security Specialist,Defense & Security Specialist,Aug 2023,Jul 2025,1.0,McKinsey,"KBR, Inc.",Psychologist,Psychologist,Oct 2015,Jun 2022,0.0,,The Catholic University of America,The Catholic University of America,Research Assistant Professor; Research Associate,Aug 2009,Aug 2017,0.0,,RAND Corporation,Summer Associate,Summer Associate,Jun 2011,Oct 2011,0.0,,US Army,Infantry Officer,Infantry Officer,Jun 2001,Sep 2009,0.0,,,,,,,,,,,,,,,,,,,,,,,,,,,,,,,,,,,,,,,,,,,,,,,,,,,,,,,,,,,,,,,,,,,,,,,,,,,,,,,,,,,,,,,,,,,,,,,,,,,,,,,,,,,,,,,,,,,,,,,,,,,,,,,,,,,,,,,,,,,,,,,,,,,,,,,,,,,,,,,,,,,,,,,,,,,,,,,,
person-0208,Portland,Strategy at Nike,Nike,University of Virginia - Darden Graduate School of Business Administration,2015.0,2013.0,,,,,,,,,,,2006.0,2002.0,1,McKinsey,McKinsey & Company,McKinsey,McKinsey & Company,Aug 2015,Sep 2018,Shield AI,Chief Of Staff to the CEO,Nike,Nike,"NAO - Business Transformation Senior Principal; Head of Strategy, Nike Virtual Studios; Director, Corporate Strategy",Jan 2020,Present,0,,Shield AI,Chief Of Staff to the CEO,Chief Of Staff to the CEO,Oct 2018,Dec 2019,0.0,,McKinsey & Company,McKinsey & Company,Engagement Manager; Associate,Aug 2015,Sep 2018,1.0,McKinsey,US Army,"Captain, Infantry & Intelligence","Captain, Infantry & Intelligence",Jun 2006,Jul 2013,0.0,,,,,,,,,,,,,,,,,,,,,,,,,,,,,,,,,,,,,,,,,,,,,,,,,,,,,,,,,,,,,,,,,,,,,,,,,,,,,,,,,,,,,,,,,,,,,,,,,,,,,,,,,,,,,,,,,,,,,,,,,,,,,,,,,,,,,,,,,,,,,,,,,,,,,,,,,,,,,,,,,,,,,,,,,,,,,,,,,,,,,,,,,,,,,,,,,,,,,
person-0209,San Francisco,"Energy Project Leader, BCG | Cambridge",Baseload Power US,,,,University of Cambridge,,,,,,,,,City of London School for Girls,,,1,BCG,Boston Consulting Group (BCG),BCG,Boston Consulting Group (BCG),Mar 2021,Feb 2023,BCG Digital Ventures,Senior Venture Architect,Boston Consulting Group (BCG),Boston Consulting Group (BCG),Project Leader; Consultant; Consultant,Aug 2023,Present,1,BCG,BCG Digital Ventures,Senior Venture Architect,Senior Venture Architect,Feb 2023,Feb 2024,1.0,BCG,Boston Consulting Group (BCG),Boston Consulting Group (BCG),Senior Associate; Associate,Mar 2021,Feb 2023,1.0,BCG,Goldman Sachs,EMEA Trading Intern,EMEA Trading Intern,2019,2020,0.0,,bp,BP Scholar,BP Scholar,2017,2020,0.0,,Energy Aspects,Natural Gas Analyst,Natural Gas Analyst,2019,2019,0.0,,Royal Society of Biology,Royal Society of Biology,International Biology Olympiad - UK Team; British Biology Olympiad Winner,Mar 2017,Aug 2017,0.0,,Met Office,Intern,Intern,Jul 2016,Jul 2016,0.0,,Anadarko Petroleum Corporation,Intern,Intern,Jul 2015,Jul 2015,0.0,,,,,,,,,,,,,,,,,,,,,,,,,,,,,,,,,,,,,,,,,,,,,,,,,,,,,,,,,,,,,,,,,,,,,,,,,,,,,,,,,,,,,,,,,,,,,,,,,,,,,,,,,,,,,,,,,,,,,,,,,,,,,,,,,,,,,,,,,,,,,,,,,,,,,,,,,,,,,,,,,,
person-0210,Miami,Principal at Operating Advisory Group - Advisor to Comvest Partners,Operating Advisory Group - Advisor to Comvest Partners,Harvard Business School,2012.0,2010.0,,,,,,,,,,,2005.0,2001.0,1,McKinsey,McKinsey & Company,McKinsey,McKinsey & Company,Jul 2012,Sep 2015,Operating Advisory Group - Advisor to Comvest Partners,Vice President,Operating Advisory Group - Advisor to Comvest Partners,Operating Advisory Group - Advisor to Comvest Partners,Principal; Vice President,Oct 2015,Present,0,,McKinsey & Company,McKinsey & Company,Engagement Manager; Associate,Jul 2012,Sep 2015,1.0,McKinsey,McKinsey & Company,Summer Associate,Summer Associate,2011,2011,1.0,McKinsey,"Pistorino and Alam Consulting Engineers, Inc.",Mechanical Engineer,Mechanical Engineer,Jul 2006,Jul 2010,0.0,,H.A. Contracting Corp.,Assistant Project Manager,Assistant Project Manager,Jan 2006,Jul 2006,0.0,,,,,,,,,,,,,,,,,,,,,,,,,,,,,,,,,,,,,,,,,,,,,,,,,,,,,,,,,,,,,,,,,,,,,,,,,,,,,,,,,,,,,,,,,,,,,,,,,,,,,,,,,,,,,,,,,,,,,,,,,,,,,,,,,,,,,,,,,,,,,,,,,,,,,,,,,,,,,,,,,,,,,,,,,,,,,,,,,,,,,,,,,,,,,,
person-0211,Austin,Dell Strategy | Duke MBA | UCL | Bain | KPMG,Dell Technologies,Duke University - The Fuqua School of Business,2024.0,2022.0,,,,,,,,,,,2011.0,1998.0,1,Bain,Bain & Company,Bain,Project Leader,Sep 2021,Apr 2022,Niiti Consulting,Independent Consultant,Dell Technologies,"Senior Advisor, ISG Strategy","Senior Advisor, ISG Strategy",Jul 2024,Present,0,,"Valencell, Inc.",Engagement Manager,Engagement Manager,Oct 2023,Mar 2024,0.0,,Dell Technologies,Strategy Intern,Strategy Intern,May 2023,Aug 2023,0.0,,Niiti Consulting,Independent Consultant,Independent Consultant,Apr 2022,Jul 2022,0.0,,Bain & Company,Project Leader,Project Leader,Sep 2021,Apr 2022,1.0,Bain,KPMG India,KPMG India,Senior Consultant; Consultant; Associate Consultant,Jan 2017,Sep 2021,0.0,,Liberis UK,Intern - Credit Risk,Intern - Credit Risk,Jun 2016,Sep 2016,0.0,,American Express,"Intern - Risk Management, Global Business Services","Intern - Risk Management, Global Business Services",Jan 2015,Feb 2015,0.0,,BNP Paribas,Intern - Investment Banking (MNC Coverage),Intern - Investment Banking (MNC Coverage),Dec 2014,Jan 2015,0.0,,Deloitte U.S. India offices,Intern - Business Technology Analyst,Intern - Business Technology Analyst,Jun 2014,Aug 2014,0.0,,,,,,,,,,,,,,,,,,,,,,,,,,,,,,,,,,,,,,,,,,,,,,,,,,,,,,,,,,,,,,,,,,,,,,,,,,,,,,,,,,,,,,,,,,,,,,,,,,,,,,,,,,,,,,,,,,,,,,,,,,,,,,,,,,,,,,,,,,,,,,,,,,,,,,,,,,,
person-0212,New York,Chief of Staff @ JPMorganChase | Ex-McKinsey | Berkeley Haas MBA,JPMorganChase,"University of California, Berkeley, Haas School of Business",2022.0,2020.0,,,,,,,,,,,,,1,McKinsey,McKinsey & Company,McKinsey,Associate,Sep 2022,Aug 2024,JPMorganChase,"Vice President, Business Manager- Business Banking",JPMorganChase,"Vice President, Business Manager- Business Banking","Vice President, Business Manager- Business Banking",Aug 2024,Present,0,,McKinsey & Company,Associate,Associate,Sep 2022,Aug 2024,1.0,McKinsey,McKinsey & Company,Summer Associate,Summer Associate,Jun 2021,Aug 2021,1.0,McKinsey,Berkeley Innovative Solutions Consulting,Consultant,Consultant,Sep 2020,Dec 2020,0.0,,ClearBridge Compensation Group,ClearBridge Compensation Group,Principal; Senior Associate; Associate; Analyst,Jul 2012,Jun 2020,0.0,,,,,,,,,,,,,,,,,,,,,,,,,,,,,,,,,,,,,,,,,,,,,,,,,,,,,,,,,,,,,,,,,,,,,,,,,,,,,,,,,,,,,,,,,,,,,,,,,,,,,,,,,,,,,,,,,,,,,,,,,,,,,,,,,,,,,,,,,,,,,,,,,,,,,,,,,,,,,,,,,,,,,,,,,,,,,,,,,,,,,,,,,,,,,,
person-0213,Chicago,,Shore Capital Partners,,,,,,,,,,,,,University of Illinois at Urbana-Champaign,2017.0,2013.0,1,Bain,Bain & Company,Bain,Bain & Company,Jul 2021,May 2023,Shore Capital Partners,Manager,Shore Capital Partners,Shore Capital Partners,Senior Director; Director; Manager,May 2023,Present,0,,Bain & Company,Bain & Company,Performance Improvement Practice Manager; Performance Improvement Practice Consultant,Jul 2021,May 2023,1.0,Bain,RSM US LLP,Senior Management Consultant,Senior Management Consultant,Nov 2020,Jul 2021,0.0,,KPMG US,KPMG US,Senior Strategy Associate; Strategy Associate; Deal Advisory Associate,Aug 2017,Nov 2020,0.0,,KPMG,Deal Advisory Intern,Deal Advisory Intern,Jun 2016,Aug 2016,0.0,,Parker Hannifin,Accounting and Finance Intern,Accounting and Finance Intern,May 2015,Aug 2015,0.0,,Edward Don & Company,Accounts Receivable Intern,Accounts Receivable Intern,May 2014,Aug 2014,0.0,,,,,,,,,,,,,,,,,,,,,,,,,,,,,,,,,,,,,,,,,,,,,,,,,,,,,,,,,,,,,,,,,,,,,,,,,,,,,,,,,,,,,,,,,,,,,,,,,,,,,,,,,,,,,,,,,,,,,,,,,,,,,,,,,,,,,,,,,,,,,,,,,,,,,,,,,,,,,,,,,,,,,,,,,,,,,,,,
person-0214,Boston,Business Consultant @ Lenovo,Lenovo,,,,,,,,,,,,,University of Minnesota,,,1,McKinsey,McKinsey & Company,McKinsey,C&I Research,2023,2023,3M,Technical Product Manager,Lenovo,Lenovo,Consultant; Chief of Staff Associate,2025,Present,0,,Pennant,"product, growth, strategy","product, growth, strategy",2024,2025,0.0,,3M,Technical Product Manager,Technical Product Manager,2023,2024,0.0,,McKinsey & Company,C&I Research,C&I Research,2023,2023,1.0,McKinsey,KPMG,Consultant,Consultant,2022,2022,0.0,,RISE Programme,Data Analyst,Data Analyst,2021,2022,0.0,,,,,,,,,,,,,,,,,,,,,,,,,,,,,,,,,,,,,,,,,,,,,,,,,,,,,,,,,,,,,,,,,,,,,,,,,,,,,,,,,,,,,,,,,,,,,,,,,,,,,,,,,,,,,,,,,,,,,,,,,,,,,,,,,,,,,,,,,,,,,,,,,,,,,,,,,,,,,,,,,,,,,,,,,,,,,,,,,,,,,,,
person-0215,Dallas,Partner at EY-Parthenon | Former PE Operator,EY-Parthenon,Columbia University - Columbia Business School,2007.0,2005.0,,,,,,,,,,,2001.0,1997.0,1,BCG,The Boston Consulting Group,BCG,The Boston Consulting Group,Jul 2007,Jun 2010,Mars,Corporate Strategy Director,EY-Parthenon,Partner/Principal,Partner/Principal,Jan 2024,Present,0,,RTIC Outdoors,Chief Operating Officer,Chief Operating Officer,Jun 2021,Sep 2023,0.0,,Boston Consulting Group (BCG),Boston Consulting Group (BCG),Managing Director and Partner; Partner,Apr 2013,Jun 2021,1.0,BCG,Mars,Corporate Strategy Director,Corporate Strategy Director,Jun 2010,Apr 2013,0.0,,The Boston Consulting Group,The Boston Consulting Group,Project Leader; Consultant,Jul 2007,Jun 2010,1.0,BCG,The Boston Consulting Group,Summer Consultant,Summer Consultant,2006,2006,1.0,BCG,National Instruments,National Instruments,Product Marketing Manager; Applications Engineer,Dec 2001,May 2005,0.0,,Laboratory for Atmospheric and Space Physics,Undergraduate Research Assistant,Undergraduate Research Assistant,1999,2000,0.0,,,,,,,,,,,,,,,,,,,,,,,,,,,,,,,,,,,,,,,,,,,,,,,,,,,,,,,,,,,,,,,,,,,,,,,,,,,,,,,,,,,,,,,,,,,,,,,,,,,,,,,,,,,,,,,,,,,,,,,,,,,,,,,,,,,,,,,,,,,,,,,,,,,,,,,,,,,,,,,,,,,,,,,,,
person-0216,,Account Strategist,Change Media Group,,,,,,,,,,,,,University of Missouri-Columbia,2019.0,2015.0,1,Bain,Bain & Company,Bain,Digital Media Associate,Jun 2019,Jan 2020,Amy for America,Digital Content Associate,Change Media Group,Account Strategist,Account Strategist,Apr 2023,Present,0,,Walz-Flanagan for Minnesota,Deputy Digital Director,Deputy Digital Director,May 2022,Nov 2022,0.0,,Office of Governor Tim Walz & Lt. Governor Peggy Flanagan,Digital Communications Specialist,Digital Communications Specialist,Jun 2021,May 2022,0.0,,Biden for President,Minnesota Deputy Digital Organizing Director,Minnesota Deputy Digital Organizing Director,Aug 2020,Nov 2020,0.0,,Amy for America,Amy for America,Social Media Manager; Digital Content Associate,Jan 2020,Aug 2020,0.0,,Bain & Company,Digital Media Associate,Digital Media Associate,Jun 2019,Jan 2020,1.0,Bain,MOJO AD,Media Planner,Media Planner,Aug 2018,May 2019,0.0,,University of Missouri-Columbia,University of Missouri-Columbia,MU Student Success Center Lead Student Ambassador; MU Office of Service-Learning Communications Intern; MU Student Success Center Student Ambassador,Apr 2016,May 2019,0.0,,Missouri House of Representatives,Legislative Intern for Representative Lavender,Legislative Intern for Representative Lavender,Jan 2017,May 2017,0.0,,KOMU 8 & Mid-Missouri CW,Digital Producer,Digital Producer,May 2016,Aug 2016,0.0,,,,,,,,,,,,,,,,,,,,,,,,,,,,,,,,,,,,,,,,,,,,,,,,,,,,,,,,,,,,,,,,,,,,,,,,,,,,,,,,,,,,,,,,,,,,,,,,,,,,,,,,,,,,,,,,,,,,,,,,,,,,,,,,,,,,,,,,,,,,,,,,,,,,,,,,,,,
person-0217,New York,Global Head of Macro & Sovereign Research / Capital Markets Banker to Sovereigns,Citi,,,,,,,,,,,,,Haverford College,,,1,McKinsey,McKinsey & Company,McKinsey,Associate,Aug 2003,Feb 2004,Goldman Sachs,"Associate/Analyst, Sovereign Risk Management & Advisory, Credit Department",Citi,Citi,"Global Head of Sovereign Credit Management; Head of Global Country Risk Management; Managing Director, Head of Macro & Sovereign Credit Analysis, Global Country Risk Management; Director, Head of Macro & Sovereign Credit Analysis, Global Country Risk Management",Oct 2013,Present,0,,International Monetary Fund,"Economist, Global Markets Analysis","Economist, Global Markets Analysis",Nov 2011,Oct 2013,0.0,,Goldman Sachs,"Executive Director, Emerging Markets","Executive Director, Emerging Markets",Jun 2008,Nov 2011,0.0,,BlueBay Asset Management,Economist & Portfolio Manager,Economist & Portfolio Manager,Sep 2006,Jun 2008,0.0,,Goldman Sachs,"Associate/Analyst, Sovereign Risk Management & Advisory, Credit Department","Associate/Analyst, Sovereign Risk Management & Advisory, Credit Department",May 1999,Aug 2006,0.0,,McKinsey & Company,Associate,Associate,Aug 2003,Feb 2004,1.0,McKinsey,,,,,,,,,,,,,,,,,,,,,,,,,,,,,,,,,,,,,,,,,,,,,,,,,,,,,,,,,,,,,,,,,,,,,,,,,,,,,,,,,,,,,,,,,,,,,,,,,,,,,,,,,,,,,,,,,,,,,,,,,,,,,,,,,,,,,,,,,,,,,,,,,,,,,,,,,,,,,,,,,,,,,,,,,,,,,,,,,,,,,,
person-0218,New York,Business Operations & Analytics,Jerry,Yale School of Management,2020.0,2018.0,,,,,,,,,,,2011.0,2008.0,1,McKinsey,McKinsey & Company,McKinsey,McKinsey & Company,Jul 2020,Sep 2024,Jerry,Business Operations & Analytics,Jerry,Business Operations & Analytics,Business Operations & Analytics,Nov 2024,Present,0,,McKinsey & Company,McKinsey & Company,Engagement Manager; Associate,Jul 2020,Sep 2024,1.0,McKinsey,McKinsey & Company,Summer Associate,Summer Associate,Jun 2019,Aug 2019,1.0,McKinsey,J.P. Morgan,J.P. Morgan,Investment Banking Associate; Investment Banking Analyst; Investment Banking Intern,Jun 2012,May 2018,0.0,,,,,,,,,,,,,,,,,,,,,,,,,,,,,,,,,,,,,,,,,,,,,,,,,,,,,,,,,,,,,,,,,,,,,,,,,,,,,,,,,,,,,,,,,,,,,,,,,,,,,,,,,,,,,,,,,,,,,,,,,,,,,,,,,,,,,,,,,,,,,,,,,,,,,,,,,,,,,,,,,,,,,,,,,,,,,,,,,,,,,,,,,,,,,,,,,,,,,
person-0219,Palo Alto,"MBA @ Stanford GSB | Investing, Growing, Operating in Health & Wellbeing | Ex-Bain",GreyMatter,Stanford University Graduate School of Business,2026.0,2024.0,,,,,,,,,,,2017.0,2013.0,1,Bain,Bain & Company,Bain,Bain & Company,Aug 2017,Jul 2021,SonderMind,Analytics Lead,GreyMatter,Summer Venture Associate,Summer Venture Associate,Jul 2025,Aug 2025,0,,SonderMind,SonderMind,Enterprise Growth & Ops Lead; Corporate Development Manager; Analytics Lead,Aug 2021,Jul 2024,0.0,,Bain & Company,Bain & Company,Consultant; Senior Associate Consultant; Data Science Specialist (6 month rotation); Associate Consultant,Aug 2017,Jul 2021,1.0,Bain,Cambridge Associates,Summer Investment Associate,Summer Investment Associate,Jun 2016,Aug 2016,0.0,,Harvard Kennedy School,Research Assistant,Research Assistant,Jun 2015,Mar 2016,0.0,,,,,,,,,,,,,,,,,,,,,,,,,,,,,,,,,,,,,,,,,,,,,,,,,,,,,,,,,,,,,,,,,,,,,,,,,,,,,,,,,,,,,,,,,,,,,,,,,,,,,,,,,,,,,,,,,,,,,,,,,,,,,,,,,,,,,,,,,,,,,,,,,,,,,,,,,,,,,,,,,,,,,,,,,,,,,,,,,,,,,,,,,,,,,,
person-0220,New York,Growth @ Book of the Month | Harvard Business School | Ex-McKinsey,Book of the Month,Harvard Business School,2024.0,2022.0,,,,,,,,,,,2014.0,2007.0,1,McKinsey,McKinsey & Company,McKinsey,McKinsey & Company,Oct 2018,Aug 2022,The Harbus News Corporation,Editor in Chief,Book of the Month,"Senior Manager, Growth","Senior Manager, Growth",Aug 2024,Present,0,,Harvard Business School,Research Associate,Research Associate,Feb 2024,Aug 2024,0.0,,Boston Globe Media,Innovation and Strategic Initiatives Intern,Innovation and Strategic Initiatives Intern,Sep 2023,Jul 2024,0.0,,The Harbus News Corporation,Editor in Chief,Editor in Chief,Dec 2022,Dec 2023,0.0,,The Juilliard School,Summer Fellow in the Office of the COO,Summer Fellow in the Office of the COO,Jun 2023,Aug 2023,0.0,,McKinsey & Company,McKinsey & Company,"Deputy Chief of Staff, CEO Communications & Special Projects; Senior Business Analyst",Oct 2018,Aug 2022,1.0,McKinsey,Inter-Sorority Council @ UVA,President,President,Jan 2017,Jan 2018,0.0,,Oliver Wyman,Consulting Intern,Consulting Intern,Jun 2017,Aug 2017,0.0,,Virginia Literary Review,Editor In Chief,Editor In Chief,Aug 2016,Jul 2017,0.0,,"WillowTree, Inc.",Marketing Intern,Marketing Intern,Sep 2016,Apr 2017,0.0,,MtoM Consulting LLC,Intern,Intern,Jun 2016,Aug 2016,0.0,,Forge,Marketing and Communication Manager,Marketing and Communication Manager,May 2015,May 2016,0.0,,,,,,,,,,,,,,,,,,,,,,,,,,,,,,,,,,,,,,,,,,,,,,,,,,,,,,,,,,,,,,,,,,,,,,,,,,,,,,,,,,,,,,,,,,,,,,,,,,,,,,,,,,,,,,,,,,,,,,,,,,,,,,,,,,,,,,,,,,,,,
person-0221,,Florida's Turnpike Enterprise; McKinsey & Company,Florida’s Turnpike Enterprise (InNovo Partners sub to AtkinsRealis),,,,,,,,,,,,,Wilkes University,,,1,McKinsey,McKinsey & Company,McKinsey,McKinsey & Company,Feb 2002,Jul 2015,Robert Half Management Resources,Consultant,Florida’s Turnpike Enterprise (InNovo Partners sub to AtkinsRealis),Senior Analyst,Senior Analyst,Jul 2018,May 2024,0,,Robert Half Management Resources,Consultant,Consultant,Jan 2016,Jul 2018,0.0,,McKinsey & Company,McKinsey & Company,Senior Metrics and Reporting Specialist; Senior Financial Analyst,Feb 2002,Jul 2015,1.0,McKinsey,Elsevier,Financial Analyst,Financial Analyst,1993,2002,0.0,,,,,,,,,,,,,,,,,,,,,,,,,,,,,,,,,,,,,,,,,,,,,,,,,,,,,,,,,,,,,,,,,,,,,,,,,,,,,,,,,,,,,,,,,,,,,,,,,,,,,,,,,,,,,,,,,,,,,,,,,,,,,,,,,,,,,,,,,,,,,,,,,,,,,,,,,,,,,,,,,,,,,,,,,,,,,,,,,,,,,,,,,,,,,,,,,,,,,
person-0222,Los Angeles,Director of Business Development at Simpson Thacher & Bartlett,Simpson Thacher & Bartlett LLP,University of Virginia Darden School of Business,2017.0,2015.0,,,,,,,,,,,2011.0,2007.0,1,Bain,Bain & Company,Bain,Bain & Company,Jan 2022,Jun 2025,Simpson Thacher & Bartlett LLP,"Director, Client Development & Engagement",Simpson Thacher & Bartlett LLP,"Director, Client Development & Engagement","Director, Client Development & Engagement",Jul 2025,Present,0,,Bain & Company,Bain & Company,"Associate Partner, Private Equity Group (PEG); Senior Manager",Jan 2022,Jun 2025,1.0,Bain,EY-Parthenon,EY-Parthenon,Senior Director; Director; Consultant,Sep 2017,Dec 2021,0.0,,J.P. Morgan,Summer Associate - Private Bank,Summer Associate - Private Bank,Jun 2016,Aug 2016,0.0,,"Integrated Capital, LLC","Integrated Capital, LLC",Associate; Analyst,Jun 2011,Jul 2015,0.0,,,,,,,,,,,,,,,,,,,,,,,,,,,,,,,,,,,,,,,,,,,,,,,,,,,,,,,,,,,,,,,,,,,,,,,,,,,,,,,,,,,,,,,,,,,,,,,,,,,,,,,,,,,,,,,,,,,,,,,,,,,,,,,,,,,,,,,,,,,,,,,,,,,,,,,,,,,,,,,,,,,,,,,,,,,,,,,,,,,,,,,,,,,,,,
person-0223,Washington,Consultant at PwC,PwC,,,,,,,,,,,,,Georgetown University,2024.0,2020.0,1,BCG,Boston Consulting Group (BCG),BCG,BCG Advance Participant,Apr 2022,Apr 2022,McDounough Business Strategy Challenge,VP of Judging Relations,PwC,Associate | Financial Services,Associate | Financial Services,Oct 2024,Present,0,,Innovo Consulting,Innovo Consulting,Executive Director; Director of Consulting; Project Manager; Consultant,Sep 2020,May 2024,0.0,,Georgetown Blue & Gray Tour Guide Society,Campus Tour Guide,Campus Tour Guide,Mar 2021,Dec 2023,0.0,,PwC,Intern | Financial Services,Intern | Financial Services,May 2023,Aug 2023,0.0,,Business for Impact,Global Lead,Global Lead,Feb 2022,Jun 2023,0.0,,PwC,Womens Consulting Experience Participant,Womens Consulting Experience Participant,Jun 2022,Jun 2022,0.0,,Georgetown Sustainable Business Fellowship,Student Advisory Committee Member / Fellow,Student Advisory Committee Member / Fellow,Aug 2021,May 2022,0.0,,McDounough Business Strategy Challenge,VP of Judging Relations,VP of Judging Relations,Aug 2021,May 2022,0.0,,Social Impact 360,Social Impact 360,Mentor; Fellow,Sep 2020,May 2022,0.0,,Boston Consulting Group (BCG),BCG Advance Participant,BCG Advance Participant,Apr 2022,Apr 2022,1.0,BCG,ZMH Advisors,Intern,Intern,Jan 2022,Feb 2022,0.0,,South Asian Society,Underclassmen Representative,Underclassmen Representative,Sep 2020,May 2021,0.0,,DECA Inc.,DECA Inc.,Chapter President; Chapter Vice President; Member,Jul 2017,Jun 2020,0.0,,U.S. House of Representatives,Intern,Intern,Jun 2019,Jun 2019,0.0,,American Legion Auxiliary Unit 178,Delegate,Delegate,Jun 2019,Jun 2019,0.0,,Environmentalist Foundation of India (E.F.I),Intern,Intern,Jul 2017,Aug 2017,0.0,,,,,,,,,,,,,,,,,,,,,,,,,,,,,,,,,,,,,,,,,,,,,,,,,,,,,,,,,,,,,,,,,,,,,,,,,,,,,,,,,,,,,,,,,,,,,,,,,,,,,,,,,,,,,,,,,
person-0224,Cambridge,Recruiting & Talent Acquisition Manager | Talent Strategy Partner | Talent Development Manager,Analysis Group,,,,,,,,,,,,,,,,1,Bain,Bain & Company,Bain,Bain & Company,Sep 2011,Jan 2016,Boston College,"Associate Director, Alumni Chapters & Regional Engagement",Analysis Group,Recruiting Manager,Recruiting Manager,Oct 2019,Oct 2024,0,,Boston College,Boston College,"Senior Associate Director, Alumni Chapters & Regional Engagement; Associate Director, Alumni Chapters & Regional Engagement",Jan 2016,Oct 2019,0.0,,Bain & Company,Bain & Company,"Specialist, Global Recruiting; Global Recruiter",Sep 2011,Jan 2016,1.0,Bain,MITX,Program Specialist,Program Specialist,Mar 2010,Sep 2011,0.0,,Forrester,Forrester,Events Associate; Forrester Leadership Boards Coordinator,Jan 2005,Mar 2010,0.0,,,,,,,,,,,,,,,,,,,,,,,,,,,,,,,,,,,,,,,,,,,,,,,,,,,,,,,,,,,,,,,,,,,,,,,,,,,,,,,,,,,,,,,,,,,,,,,,,,,,,,,,,,,,,,,,,,,,,,,,,,,,,,,,,,,,,,,,,,,,,,,,,,,,,,,,,,,,,,,,,,,,,,,,,,,,,,,,,,,,,,,,,,,,,,
person-0225,,Inter-American Development Bank | Transport and Infrastructure,Inter-American Development Bank,,,,,,,,,,,,,Harris School of Public Policy at the University of Chicago,2016.0,2014.0,1,McKinsey,McKinsey & Company,McKinsey,Senior Management Consultant - Transportation,Sep 2022,Jul 2024,Inter-American Development Bank,"Economics, Public Policy, PPPs - Transport and Infrastructure",Inter-American Development Bank,"Economics, Public Policy, PPPs - Transport and Infrastructure","Economics, Public Policy, PPPs - Transport and Infrastructure",Aug 2024,Present,0,,McKinsey & Company,Senior Management Consultant - Transportation,Senior Management Consultant - Transportation,Sep 2022,Jul 2024,1.0,McKinsey,Inter-American Development Bank,"Senior Consultant - Public Policy, PPPs, Transport and Infrastructure","Senior Consultant - Public Policy, PPPs, Transport and Infrastructure",Jan 2019,Dec 2021,0.0,,The World Bank,"Senior Consultant - Public Policy, Transport and Infrastructure, Fiscal Costs and Risks, PPPs","Senior Consultant - Public Policy, Transport and Infrastructure, Fiscal Costs and Risks, PPPs",Jan 2017,Dec 2018,0.0,,Inter-American Development Bank,"Senior Consultant - Public Policy and PPPs, Transport and Infrastructure","Senior Consultant - Public Policy and PPPs, Transport and Infrastructure",Oct 2016,Jan 2017,0.0,,Chicago Policy Review,Director of Innovation Projects and Staff Writer on Labor and Finance,Director of Innovation Projects and Staff Writer on Labor and Finance,Oct 2014,Apr 2016,0.0,,ProInversión Perú,Adviser of CEO,Adviser of CEO,Apr 2012,Jul 2014,0.0,,Universidad del Pacifico,Universidad del Pacifico,Professor of Competition Policy in Transport and Networks Industries; Professor of Microeconomics II; Associate Researcher,Aug 2010,Mar 2013,0.0,,LIMA AIRPORT PARTNERS,Senior Economist,Senior Economist,Mar 2007,Jul 2010,0.0,,,,,,,,,,,,,,,,,,,,,,,,,,,,,,,,,,,,,,,,,,,,,,,,,,,,,,,,,,,,,,,,,,,,,,,,,,,,,,,,,,,,,,,,,,,,,,,,,,,,,,,,,,,,,,,,,,,,,,,,,,,,,,,,,,,,,,,,,,,,,,,,,,,,,,,,,,,,,,,,,,
person-0226,New York,Senior Consultant | Vivaldi NYC,VIVALDI_,,,,,,,,,,,,,Tufts University,,,1,BCG,Boston Consulting Group (BCG),BCG,Strategy,Jul 2019,Jul 2019,Boston Consulting Group (BCG),Strategy,VIVALDI_,VIVALDI_,Senior Consultant; Consultant; Analyst,Sep 2021,Present,0,,WIN: Women in Innovation,Global Development Associate,Global Development Associate,Sep 2023,Present,0.0,,Boston Consulting Group (BCG),Strategy,Strategy,Jun 2020,Jul 2020,1.0,BCG,Boston Consulting Group (BCG),Strategy,Strategy,Jul 2019,Jul 2019,1.0,BCG,Strategy&,Intern,Intern,Jun 2019,Jun 2019,0.0,,ING,Intern,Intern,Jun 2018,Jun 2018,0.0,,Borusan Holding,Intern,Intern,Jul 2016,Aug 2016,0.0,,,,,,,,,,,,,,,,,,,,,,,,,,,,,,,,,,,,,,,,,,,,,,,,,,,,,,,,,,,,,,,,,,,,,,,,,,,,,,,,,,,,,,,,,,,,,,,,,,,,,,,,,,,,,,,,,,,,,,,,,,,,,,,,,,,,,,,,,,,,,,,,,,,,,,,,,,,,,,,,,,,,,,,,,,,,,,,,
person-0227,Seattle,HR @ Amazon,Amazon,,,,,,,,,,,,,Portland State University,2021.0,2021.0,1,Bain,Bain & Company,Bain,Bain & Company,Jun 2022,Mar 2025,Amazon,HR Generalist,Amazon,HR Generalist,HR Generalist,Aug 2025,Present,0,,Bain & Company,Bain & Company,"Specialist, HR; Coordinator, HR",Jun 2022,Mar 2025,1.0,Bain,Autodesk,Candidate Support Advisor,Candidate Support Advisor,Oct 2021,Jun 2022,0.0,,Oregon Health & Science University,Research Study Coordinator,Research Study Coordinator,Nov 2019,Jun 2021,0.0,,Starbucks,Barista,Barista,Mar 2020,May 2021,0.0,,Women’s Resource Center at Portland State University,Student Support Specialist,Student Support Specialist,Jan 2020,Jun 2020,0.0,,Starbucks,Barista,Barista,May 2018,Sep 2019,0.0,,Pacific Cookie Company,Sales Associate Trainer,Sales Associate Trainer,Oct 2017,May 2018,0.0,,Time Out Clothing Co,Sales Associate,Sales Associate,Jun 2013,Sep 2017,0.0,,,,,,,,,,,,,,,,,,,,,,,,,,,,,,,,,,,,,,,,,,,,,,,,,,,,,,,,,,,,,,,,,,,,,,,,,,,,,,,,,,,,,,,,,,,,,,,,,,,,,,,,,,,,,,,,,,,,,,,,,,,,,,,,,,,,,,,,,,,,,,,,,,,,,,,,,,,,,,,,,,
person-0228,New York,MBA Candidate at The Wharton School,Genesys,The Wharton School,2027.0,2025.0,,,,,,,,,,,2021.0,2017.0,1,BCG,Boston Consulting Group (BCG),BCG,Aspire Middle East Participant,Apr 2019,Apr 2019,Strategy&,"Associate, Deals Strategy",Genesys,Senior Strategy Analyst,Senior Strategy Analyst,Jan 2024,Aug 2025,0,,Strategy&,Strategy&,"Experienced Associate, Technology Deals Strategy; Associate, Deals Strategy",May 2021,Jan 2024,0.0,,BlackRock,ETF & Index Investing Strategy Summer Analyst,ETF & Index Investing Strategy Summer Analyst,Jun 2020,Aug 2020,0.0,,Deutsche Bank,Summer Analyst,Summer Analyst,Jun 2019,Aug 2019,0.0,,Boston Consulting Group (BCG),Aspire Middle East Participant,Aspire Middle East Participant,Apr 2019,Apr 2019,1.0,BCG,J.P. Morgan,Diversity Program Participant,Diversity Program Participant,Feb 2019,Feb 2019,0.0,,,,,,,,,,,,,,,,,,,,,,,,,,,,,,,,,,,,,,,,,,,,,,,,,,,,,,,,,,,,,,,,,,,,,,,,,,,,,,,,,,,,,,,,,,,,,,,,,,,,,,,,,,,,,,,,,,,,,,,,,,,,,,,,,,,,,,,,,,,,,,,,,,,,,,,,,,,,,,,,,,,,,,,,,,,,,,,,,,,,,,,
person-0229,New York,Principal at Apollo | LBS Alumni Council Member,"Apollo Global Management, Inc.",London Business School,2019.0,2017.0,,,,,,,,,,,2012.0,2008.0,1,Bain,Bain & Company,Bain,Bain & Company,Sep 2012,Jul 2015,AEA Investors LP,Associate,"Apollo Global Management, Inc.","Principal, Climate Private Equity","Principal, Climate Private Equity",Aug 2022,Present,0,,AEA Investors LP,Vice President,Vice President,Aug 2019,Jun 2022,0.0,,London Business School,"Student Association President and Governor, LBS Governing Body","Student Association President and Governor, LBS Governing Body",Jun 2018,May 2019,0.0,,AEA Investors LP,Associate,Associate,Aug 2015,Jul 2017,0.0,,Bain & Company,Bain & Company,Senior Associate Consultant; Associate Consultant,Sep 2012,Jul 2015,1.0,Bain,Accenture,Application Development Intern,Application Development Intern,Jun 2011,Aug 2011,0.0,,Blue Ridge Product Solutions,Chief Operations Officer | Partner,Chief Operations Officer | Partner,Aug 2009,Sep 2010,0.0,,,,,,,,,,,,,,,,,,,,,,,,,,,,,,,,,,,,,,,,,,,,,,,,,,,,,,,,,,,,,,,,,,,,,,,,,,,,,,,,,,,,,,,,,,,,,,,,,,,,,,,,,,,,,,,,,,,,,,,,,,,,,,,,,,,,,,,,,,,,,,,,,,,,,,,,,,,,,,,,,,,,,,,,,,,,,,,,
person-0230,Redmond,"Director, Microsoft Cloud Sourcing and Material Management",Microsoft,,,,,,,,,,,,,University of Cambridge,2012.0,2011.0,1,BCG,The Boston Consulting Group,BCG,Associate Consultant,Sep 2008,Jun 2011,Roland Berger Strategy Consultants,Senior Consultant,Microsoft,Microsoft,"Director, Cloud Sourcing and Supply Management; Director, Cloud Sourcing and Supply Chain Strategy; Principal, Cloud Supply Chain Strategy",Jun 2018,Present,0,,Dell,Dell,Corporate Development and Strategy Director; Corporate Development and Strategy Consultant,Sep 2013,Jun 2018,0.0,,Roland Berger Strategy Consultants,Senior Consultant,Senior Consultant,Sep 2012,Aug 2013,0.0,,The Boston Consulting Group,Associate Consultant,Associate Consultant,Sep 2008,Jun 2011,1.0,BCG,Capital One,Summer Intern,Summer Intern,May 2007,Jul 2007,0.0,,,,,,,,,,,,,,,,,,,,,,,,,,,,,,,,,,,,,,,,,,,,,,,,,,,,,,,,,,,,,,,,,,,,,,,,,,,,,,,,,,,,,,,,,,,,,,,,,,,,,,,,,,,,,,,,,,,,,,,,,,,,,,,,,,,,,,,,,,,,,,,,,,,,,,,,,,,,,,,,,,,,,,,,,,,,,,,,,,,,,,,,,,,,,,
person-0231,,Talent Strategy Manager at Accenture,Accenture,,,,,,,,,,,,,Fordham University,2014.0,2010.0,1,Bain,Bain & Company,Bain,Recruiting Assistant,Aug 2014,Feb 2015,Accenture,Campus Recruiter,Accenture,Accenture,Global Networks HR Talent Strategy Manager; Global Networks HR Talent Strategist Associate Manager; Campus Recruiting Team Location Lead; Accenture Strategy Campus Recruiting Specialist; Recruiting Specialist; Campus Recruiter,Apr 2015,Present,0,,Bain & Company,Recruiting Assistant,Recruiting Assistant,Aug 2014,Feb 2015,1.0,Bain,,,,,,,,,,,,,,,,,,,,,,,,,,,,,,,,,,,,,,,,,,,,,,,,,,,,,,,,,,,,,,,,,,,,,,,,,,,,,,,,,,,,,,,,,,,,,,,,,,,,,,,,,,,,,,,,,,,,,,,,,,,,,,,,,,,,,,,,,,,,,,,,,,,,,,,,,,,,,,,,,,,,,,,,,,,,,,,,,,,,,,,,,,,,,,,,,,,,,,,,,,,,,,,,,,
person-0232,Cambridge,Population Health Sciences PhD student at Harvard T.H. Chan School of Public Health,Harvard T.H. Chan School of Public Health,,,,,,,,,,,,,Harvard T.H. Chan School of Public Health,2021.0,2019.0,1,McKinsey,McKinsey & Company,McKinsey,McKinsey & Company,Oct 2021,Aug 2023,GenderSci Lab,Research Lab Member,Harvard T.H. Chan School of Public Health,PhD Student - Population Health Sciences,PhD Student - Population Health Sciences,Aug 2023,Present,0,,GenderSci Lab,Research Lab Member,Research Lab Member,Apr 2020,Present,0.0,,McKinsey & Company,McKinsey & Company,Associate; Junior Associate,Oct 2021,Aug 2023,1.0,McKinsey,European Centre for Disease Prevention and Control (ECDC),Interim Junior Expert,Interim Junior Expert,Mar 2021,Aug 2021,0.0,,Yale University,Postgraduate Research Associate,Postgraduate Research Associate,Sep 2015,Jul 2017,0.0,,,,,,,,,,,,,,,,,,,,,,,,,,,,,,,,,,,,,,,,,,,,,,,,,,,,,,,,,,,,,,,,,,,,,,,,,,,,,,,,,,,,,,,,,,,,,,,,,,,,,,,,,,,,,,,,,,,,,,,,,,,,,,,,,,,,,,,,,,,,,,,,,,,,,,,,,,,,,,,,,,,,,,,,,,,,,,,,,,,,,,,,,,,,,,
person-0233,Minneapolis,Emergency Medicine Physician,Emergency Physicians Professional Association,,,,,,,,,,,,,Harvard Medical School,2021.0,2017.0,1,BCG,The Boston Consulting Group (BCG),BCG,The Boston Consulting Group (BCG),Jan 2015,May 2017,UC Health,Emergency Medicine Resident,Emergency Physicians Professional Association,Emergency Medicine Physician,Emergency Medicine Physician,Jul 2025,Present,0,,UC Health,Emergency Medicine Resident,Emergency Medicine Resident,Jun 2021,Jul 2025,0.0,,The Boston Consulting Group (BCG),The Boston Consulting Group (BCG),Consultant; Associate Consultant,Jan 2015,May 2017,1.0,BCG,"Center for Disease Dynamics, Economics & Policy",Research Analyst,Research Analyst,Jun 2014,Jan 2015,0.0,,The Fulbright Program,Fulbright Fellow,Fulbright Fellow,Jun 2013,May 2014,0.0,,Hospital for Special Surgery,Research Assistant,Research Assistant,Jun 2012,Aug 2012,0.0,,,,,,,,,,,,,,,,,,,,,,,,,,,,,,,,,,,,,,,,,,,,,,,,,,,,,,,,,,,,,,,,,,,,,,,,,,,,,,,,,,,,,,,,,,,,,,,,,,,,,,,,,,,,,,,,,,,,,,,,,,,,,,,,,,,,,,,,,,,,,,,,,,,,,,,,,,,,,,,,,,,,,,,,,,,,,,,,,,,,,,,
person-0234,New York,Tech | Consulting | MBA Candidate,Columbia Business School,Columbia Business School,2026.0,2024.0,,,,,,,,,,,2018.0,2013.0,1,Bain,Bain & Company,Bain,Bain & Company,Feb 2019,Jan 2022,Elevva,Head of Development,Columbia Business School,MBA Candidate,MBA Candidate,Aug 2024,Present,0,,Microsoft,Business Planning MBA Intern,Business Planning MBA Intern,May 2025,Aug 2025,0.0,,Achs,Advanced Analytics Senior Translator,Advanced Analytics Senior Translator,Sep 2022,Jul 2024,0.0,,Elevva,Head of Development,Head of Development,Jan 2022,Sep 2022,0.0,,Bain & Company,Bain & Company,Senior Associate Consultant; Associate Consultant,Feb 2019,Jan 2022,1.0,Bain,Dimerc Labs,Key Account Manager,Key Account Manager,Aug 2018,Nov 2018,0.0,,Boab IT,Marketing Analyst,Marketing Analyst,Dec 2017,Mar 2018,0.0,,Rio Exploradores SpA,Business Analyst,Business Analyst,Nov 2012,Dec 2012,0.0,,,,,,,,,,,,,,,,,,,,,,,,,,,,,,,,,,,,,,,,,,,,,,,,,,,,,,,,,,,,,,,,,,,,,,,,,,,,,,,,,,,,,,,,,,,,,,,,,,,,,,,,,,,,,,,,,,,,,,,,,,,,,,,,,,,,,,,,,,,,,,,,,,,,,,,,,,,,,,,,,,,,,,,,,
person-0235,Seattle,Strategy & Planning @ T-Mobile | ex-Bain | Foster MBA,T-Mobile,University of Washington - Michael G. Foster School of Business,,,,,,,,,,,,Purdue University,,,1,Bain,Bain & Company,Bain,Consultant,Jul 2022,Sep 2024,T-Mobile,Sr Commercial Marketing Manager,T-Mobile,Sr Commercial Marketing Manager,Sr Commercial Marketing Manager,Oct 2024,Present,0,,Bain & Company,Consultant,Consultant,Jul 2022,Sep 2024,1.0,Bain,eBay,MBA Intern - Competitive Insights,MBA Intern - Competitive Insights,Jun 2021,Sep 2021,0.0,,Accenture,Accenture,Industry Solutions and Services Delivery Specialist; Industry Solutions and Services Senior Analyst; Industry Solutions and Services Analyst,Sep 2017,Aug 2020,0.0,,Ford Motor Company,Product Development Engineer Intern,Product Development Engineer Intern,May 2016,Aug 2016,0.0,,Accenture,Technology Analyst Intern,Technology Analyst Intern,Jun 2015,Aug 2015,0.0,,,,,,,,,,,,,,,,,,,,,,,,,,,,,,,,,,,,,,,,,,,,,,,,,,,,,,,,,,,,,,,,,,,,,,,,,,,,,,,,,,,,,,,,,,,,,,,,,,,,,,,,,,,,,,,,,,,,,,,,,,,,,,,,,,,,,,,,,,,,,,,,,,,,,,,,,,,,,,,,,,,,,,,,,,,,,,,,,,,,,,,
person-0236,,Asso Mgr Statistical Geneticist @Regeneron,Regeneron,,,,,,,,,,,,,Boston University,2020.0,2018.0,1,BCG,Boston Consulting Group (BCG),BCG,Business Analyst Assistant(Part-time),Nov 2017,Dec 2017,Boston University,Statistical Consultant,Regeneron,Regeneron,Associate Manager; Sr Statistical Geneticist; Biostatistician,Dec 2020,Present,0,,DayToDay Health,Data Scientist - Biostatistician,Data Scientist - Biostatistician,Jan 2020,Dec 2020,0.0,,Boston University,Boston University,Graduate Research Assistant; Teaching Assistant; Statistical Consultant,Oct 2018,Jan 2020,0.0,,"China Real Estate Information Corp. (""CRIC"")",Data Scientist Intern,Data Scientist Intern,Dec 2017,May 2018,0.0,,Boston Consulting Group (BCG),Business Analyst Assistant(Part-time),Business Analyst Assistant(Part-time),Nov 2017,Dec 2017,1.0,BCG,,,,,,,,,,,,,,,,,,,,,,,,,,,,,,,,,,,,,,,,,,,,,,,,,,,,,,,,,,,,,,,,,,,,,,,,,,,,,,,,,,,,,,,,,,,,,,,,,,,,,,,,,,,,,,,,,,,,,,,,,,,,,,,,,,,,,,,,,,,,,,,,,,,,,,,,,,,,,,,,,,,,,,,,,,,,,,,,,,,,,,,,,,,,,
person-0237,Tampa,"13+ years experience in Human Resources, with a focus on training, development, onboarding, and benefits. Note: I am not a recruiter.",Citi,Temple University - Fox School of Business and Management,2016.0,2015.0,,,,,,,,,,,2010.0,2006.0,1,McKinsey,McKinsey & Company,McKinsey,McKinsey & Company,Feb 2017,Apr 2021,Citi,Senior Recruiting Specialist,Citi,Citi,Recruiting Operations Analyst; Senior Recruiting Specialist,Aug 2021,Present,0,,McKinsey & Company,McKinsey & Company,Benefits Coordinator; Benefits Administrator,Feb 2017,Apr 2021,1.0,McKinsey,Philadelphia Community Corps,HR Intern,HR Intern,Aug 2016,Dec 2016,0.0,,Osher Lifelong Learning Institute,Student Administrative Assistant,Student Administrative Assistant,Jan 2016,Dec 2016,0.0,,Value Care at Home,Human Resources Coordinator,Human Resources Coordinator,Jan 2014,Jul 2015,0.0,,Centurion Concepts,Human Resources and Payroll Administrator,Human Resources and Payroll Administrator,Jun 2013,Jan 2014,0.0,,Macy's,Customer Service Representative,Customer Service Representative,Jun 2012,Jun 2013,0.0,,South East Eye Specialists,Front Office Clerk,Front Office Clerk,Aug 2011,Jun 2012,0.0,,Wannado City,Lead Photographer,Lead Photographer,2005,2008,0.0,,,,,,,,,,,,,,,,,,,,,,,,,,,,,,,,,,,,,,,,,,,,,,,,,,,,,,,,,,,,,,,,,,,,,,,,,,,,,,,,,,,,,,,,,,,,,,,,,,,,,,,,,,,,,,,,,,,,,,,,,,,,,,,,,,,,,,,,,,,,,,,,,,,,,,,,,,,,,,,,,,
person-0238,Salt Lake City,Tech + Impact | Investor | ex-Bain | Wharton MBA,Entrata,The Wharton School,,,,,,,,,,,,"University of California, Irvine",,,1,Bain,Bain & Company,Bain,Consultant,Mar 2023,Oct 2024,Brydge Club,Founding Member,Entrata,"Senior Program Manager, Strategy & Business Operations","Senior Program Manager, Strategy & Business Operations",May 2025,Present,0,,Brydge Club,Founding Member,Founding Member,Apr 2025,Present,0.0,,Bain & Company,Consultant,Consultant,Mar 2023,Oct 2024,1.0,Bain,RAD Intel,Investor,Investor,Sep 2024,Sep 2024,0.0,,Aura Health,Investor,Investor,Jun 2024,Jun 2024,0.0,,Bain & Company,Summer Associate,Summer Associate,Jun 2022,Aug 2022,1.0,Bain,Accenture,Senior Strategy Consultant,Senior Strategy Consultant,Jun 2021,Aug 2021,0.0,,EssenceMediacom,EssenceMediacom,"Associate Director, Client Solutions; North America Business Manager",May 2018,Jun 2021,0.0,,Wolf & Wilhelmine,Project Manager,Project Manager,May 2016,Apr 2018,0.0,,MedXPrime,Strategy & Operations Manager,Strategy & Operations Manager,Jun 2014,Apr 2016,0.0,,,,,,,,,,,,,,,,,,,,,,,,,,,,,,,,,,,,,,,,,,,,,,,,,,,,,,,,,,,,,,,,,,,,,,,,,,,,,,,,,,,,,,,,,,,,,,,,,,,,,,,,,,,,,,,,,,,,,,,,,,,,,,,,,,,,,,,,,,,,,,,,,,,,,,,,,,,
person-0239,Stamford,MVP | Customer Insights and Data Analytics | Gartner,Gartner,IESE Business School,2012.0,2010.0,,,,,,,,,,,2007.0,2004.0,1,McKinsey,McKinsey & Company,McKinsey,McKinsey & Company,Aug 2012,Jun 2017,Gartner,Vice President - Client Success - Marketing & Supply Chain,Gartner,Gartner,Managing Vice President - Data Analytics and Productivity; Managing Vice President - Customer Success - IT End User; Vice President - Client Success - Marketing & Supply Chain,Sep 2017,Present,0,,McKinsey & Company,McKinsey & Company,Engagement Manager; Engagement Manager; Associate,Aug 2012,Jun 2017,1.0,McKinsey,BTS,Summer Associate,Summer Associate,Jun 2011,Aug 2011,0.0,,Banco CR2,Analyst,Analyst,Jan 2007,Mar 2010,0.0,,,,,,,,,,,,,,,,,,,,,,,,,,,,,,,,,,,,,,,,,,,,,,,,,,,,,,,,,,,,,,,,,,,,,,,,,,,,,,,,,,,,,,,,,,,,,,,,,,,,,,,,,,,,,,,,,,,,,,,,,,,,,,,,,,,,,,,,,,,,,,,,,,,,,,,,,,,,,,,,,,,,,,,,,,,,,,,,,,,,,,,,,,,,,,,,,,,,,
person-0240,,Investment Compliance Senior Specialist at MFS Investment Management,MFS Investment Management,,,,,,,,,,,,,University of Westminster,,,1,BCG,The Boston Consulting Group (BCG),BCG,Finance Operations Analyst,Jan 2017,Aug 2017,Wellington Management,Client Reporting Analyst,MFS Investment Management,MFS Investment Management,Investment Compliance Senior Specialist; Client Reporting Analyst,Apr 2018,Present,0,,Wellington Management,Client Reporting Analyst,Client Reporting Analyst,Sep 2017,Mar 2018,0.0,,The Boston Consulting Group (BCG),Finance Operations Analyst,Finance Operations Analyst,Jan 2017,Aug 2017,1.0,BCG,State Street,Client Trust Account Analyst,Client Trust Account Analyst,Feb 2012,Sep 2015,0.0,,Daniel Orjiako Foundation,Operations Assistant to Board of Directors,Operations Assistant to Board of Directors,May 2009,Sep 2015,0.0,,Mercer,Participant Service Representative,Participant Service Representative,Sep 2010,Feb 2012,0.0,,,,,,,,,,,,,,,,,,,,,,,,,,,,,,,,,,,,,,,,,,,,,,,,,,,,,,,,,,,,,,,,,,,,,,,,,,,,,,,,,,,,,,,,,,,,,,,,,,,,,,,,,,,,,,,,,,,,,,,,,,,,,,,,,,,,,,,,,,,,,,,,,,,,,,,,,,,,,,,,,,,,,,,,,,,,,,,,,,,,,,,
person-0241,Seattle,Product @ Airbnb | Ex-McKinsey,Airbnb,Columbia University - Columbia Business School,2015.0,2014.0,,,,,,,,,,,2012.0,2012.0,1,McKinsey,McKinsey & Company,McKinsey,McKinsey & Company,Mar 2018,Aug 2024,Airbnb,Product Manager - Safety (Interim),Airbnb,Airbnb,Product Manager; Strategic Partnerships Manager; Product Manager - Safety (Interim),Jan 2025,Present,0,,McKinsey & Company,McKinsey & Company,Engagement Manager; Senior Business Analyst; Business Analyst,Mar 2018,Aug 2024,1.0,McKinsey,Medidata Solutions,Medidata Solutions,Commercial Operations; Commercial Strategic Programs Intern,Jun 2015,Feb 2018,0.0,,HKUST,Research Assistant in Department of Marketing,Research Assistant in Department of Marketing,May 2011,Jun 2013,0.0,,,,,,,,,,,,,,,,,,,,,,,,,,,,,,,,,,,,,,,,,,,,,,,,,,,,,,,,,,,,,,,,,,,,,,,,,,,,,,,,,,,,,,,,,,,,,,,,,,,,,,,,,,,,,,,,,,,,,,,,,,,,,,,,,,,,,,,,,,,,,,,,,,,,,,,,,,,,,,,,,,,,,,,,,,,,,,,,,,,,,,,,,,,,,,,,,,,,,
person-0242,La Grange,Chief of Staff | McKinsey Alum | Strategy | Org Development | People Analytics,McDonald's,,,,,,,,,,,,,University of Hartford,2022.0,2020.0,1,McKinsey,McKinsey & Company,McKinsey,McKinsey & Company,May 2018,Apr 2024,KeHE Distributors,"Senior Manager, Human Resources Strategy & Effectiveness",McDonald's,"Manager, Strategic Alignment","Manager, Strategic Alignment",Sep 2025,Present,0,,KeHE Distributors,"Senior Manager, Human Resources Strategy & Effectiveness","Senior Manager, Human Resources Strategy & Effectiveness",Jul 2024,Jun 2025,0.0,,McKinsey & Company,McKinsey & Company,"Senior Digital Learning Analyst, Digital Learning Analyst; Executive Assistant",May 2018,Apr 2024,1.0,McKinsey,MDHearingAid,Human Resources & Operations Manager,Human Resources & Operations Manager,Apr 2017,May 2018,0.0,,North Shore Pediatric Therapy,People Operations Manager,People Operations Manager,Nov 2014,Apr 2017,0.0,,,,,,,,,,,,,,,,,,,,,,,,,,,,,,,,,,,,,,,,,,,,,,,,,,,,,,,,,,,,,,,,,,,,,,,,,,,,,,,,,,,,,,,,,,,,,,,,,,,,,,,,,,,,,,,,,,,,,,,,,,,,,,,,,,,,,,,,,,,,,,,,,,,,,,,,,,,,,,,,,,,,,,,,,,,,,,,,,,,,,,,,,,,,,,
person-0243,Somerville,"Public Transit and Intercity Rail Planning Professional, MCP",Steer,,,,,,,,,,,,,University of Pennsylvania,2020.0,2018.0,1,BCG,The Boston Consulting Group (BCG),BCG,The Boston Consulting Group (BCG),Jul 2015,Jul 2018,Steer,Consultant,Steer,Steer,Principal Consultant; Senior Consultant; Consultant,Jul 2021,Present,0,,University of Pennsylvania,University of Pennsylvania,"Research Assistant, Transportation Planning; Candidate, Master of City Planning - Concentration in Transportation and Infrastructure Planning",Aug 2018,Jun 2020,0.0,,"City of Philadelphia - Office of Transportation, Infrastructure and Sustainability",Transportation Planning Intern,Transportation Planning Intern,May 2019,Aug 2019,0.0,,The Boston Consulting Group (BCG),The Boston Consulting Group (BCG),Senior Researcher; Researcher,Jul 2015,Jul 2018,1.0,BCG,Harvard Business School,Research Associate,Research Associate,Aug 2013,Jul 2015,0.0,,AsiAmerica Research,Research Assistant,Research Assistant,Jan 2013,Jul 2013,0.0,,PwC,Transfer Pricing Analyst,Transfer Pricing Analyst,Jul 2011,Jun 2012,0.0,,,,,,,,,,,,,,,,,,,,,,,,,,,,,,,,,,,,,,,,,,,,,,,,,,,,,,,,,,,,,,,,,,,,,,,,,,,,,,,,,,,,,,,,,,,,,,,,,,,,,,,,,,,,,,,,,,,,,,,,,,,,,,,,,,,,,,,,,,,,,,,,,,,,,,,,,,,,,,,,,,,,,,,,,,,,,,,,
person-0244,,,Highspring,,,,,,,,,,,,,James Madison University,,,1,BCG,Boston Consulting Group (BCG),BCG,Talent Acquisition Senior Specialist,Nov 2024,Jan 2025,MorganFranklin Consulting,Talent Acquisition Manager,MorganFranklin Consulting,Talent Acquisition Manager,Talent Acquisition Manager,Mar 2025,Present,0,,Boston Consulting Group (BCG),Talent Acquisition Senior Specialist,Talent Acquisition Senior Specialist,Nov 2024,Jan 2025,1.0,BCG,MorganFranklin Consulting,MorganFranklin Consulting,Resource Manager; Talent Acquisition Manager; Senior Talent Acquisition Associate; Recruiter,Apr 2019,Feb 2024,0.0,,SpectrumCareers,Recruiting Associate,Recruiting Associate,Feb 2017,Apr 2019,0.0,,Kinetix Technology,Technical Recruiter,Technical Recruiter,May 2016,Feb 2017,0.0,,,,,,,,,,,,,,,,,,,,,,,,,,,,,,,,,,,,,,,,,,,,,,,,,,,,,,,,,,,,,,,,,,,,,,,,,,,,,,,,,,,,,,,,,,,,,,,,,,,,,,,,,,,,,,,,,,,,,,,,,,,,,,,,,,,,,,,,,,,,,,,,,,,,,,,,,,,,,,,,,,,,,,,,,,,,,,,,,,,,,,,,,,,,,,
person-0245,Windermere,"President at Next Stage Resort Development, LLC","Next Stage Resort Development, LLC",The Wharton School,,,,,,,,,,,,Amherst College,,,1,Bain,Bain and Company,Bain,Case Team Leader,1985,1988,Tupperware Asia Pacific,Vice President Strategic Planning Worldwide,"Next Stage Resort Development, LLC",President,President,Jul 2017,Present,0,,"Resort Finance America, LLC",President,President,Sep 2010,Present,0.0,,"Lantern Asset Management, LLC",Senior Managing Director,Senior Managing Director,Sep 2010,Aug 2014,0.0,,Marriott Vacation Club International,Marriott Vacation Club International,"Executive Vice President and Chief Operating Officer; Executive Vice President, Resort Development; Senior Vice President Brand Management",1998,2010,0.0,,Avon Cosmetics,Executive Vice President and General Manager Avon Japan,Executive Vice President and General Manager Avon Japan,1996,1997,0.0,,Avon Cosmetics,Vice President Sales and Marketing Avon United Kingdom,Vice President Sales and Marketing Avon United Kingdom,1995,1995,0.0,,Tupperware Asia Pacific,Tupperware Asia Pacific,Executive Vice President and Chief Operating Officer; Vice President Strategic Planning Worldwide,1991,1994,0.0,,Bain and Company,Case Team Leader,Case Team Leader,1985,1988,1.0,Bain,Amoco Production Company,Senior Economic Analyst,Senior Economic Analyst,1982,1985,0.0,,U.S. Department of Energy (DOE),Economic Analyst and Special Assistant for Regional Operations,Economic Analyst and Special Assistant for Regional Operations,1978,1980,0.0,,,,,,,,,,,,,,,,,,,,,,,,,,,,,,,,,,,,,,,,,,,,,,,,,,,,,,,,,,,,,,,,,,,,,,,,,,,,,,,,,,,,,,,,,,,,,,,,,,,,,,,,,,,,,,,,,,,,,,,,,,,,,,,,,,,,,,,,,,,,,,,,,,,,,,,,,,,
person-0246,,"📚 Learning is not about rushing, but about seeing the scenery better",Family Office,The University of Chicago Booth School of Business,2014.0,2012.0,,,,,,,,,,University of Chicago,2009.0,2005.0,1,McKinsey,McKinsey & Company,McKinsey,McKinsey & Company,2009,2012,US Financial Consulting Group,Senior Strategy Analyst,Family Office,Partner,Partner,2018,Present,0,,US Financial Consulting Group,Senior Strategy Analyst,Senior Strategy Analyst,2014,2017,0.0,,McKinsey & Company,McKinsey & Company,Consulting; Business Analyst,2009,2012,1.0,McKinsey,,,,,,,,,,,,,,,,,,,,,,,,,,,,,,,,,,,,,,,,,,,,,,,,,,,,,,,,,,,,,,,,,,,,,,,,,,,,,,,,,,,,,,,,,,,,,,,,,,,,,,,,,,,,,,,,,,,,,,,,,,,,,,,,,,,,,,,,,,,,,,,,,,,,,,,,,,,,,,,,,,,,,,,,,,,,,,,,,,,,,,,,,,,,,,,,,,,,,,,,,,,
person-0247,Waukegan,Scientist I at Abbvie,AbbVie,,,,,,,,,,,,,University of South Florida,2019.0,2017.0,1,McKinsey,McKinsey,McKinsey,Executive Assistant,Jul 2018,Jul 2019,AbbVie,Associate Scientist II,AbbVie,AbbVie,Scientist; Associate Scientist II,Jul 2020,Present,0,,SGN Nanopharma Inc,Graduate Student Researcher,Graduate Student Researcher,Jun 2019,Dec 2019,0.0,,McKinsey,Executive Assistant,Executive Assistant,Jul 2018,Jul 2019,1.0,McKinsey,University of South Florida,Research Assistant,Research Assistant,May 2014,Jul 2018,0.0,,,,,,,,,,,,,,,,,,,,,,,,,,,,,,,,,,,,,,,,,,,,,,,,,,,,,,,,,,,,,,,,,,,,,,,,,,,,,,,,,,,,,,,,,,,,,,,,,,,,,,,,,,,,,,,,,,,,,,,,,,,,,,,,,,,,,,,,,,,,,,,,,,,,,,,,,,,,,,,,,,,,,,,,,,,,,,,,,,,,,,,,,,,,,,,,,,,,,
person-0248,Atlanta,Strategy & Operations Leader | Interim-CEO/COO | Operations Transformation Advisor | Complex Program Management,SEI,,,,,,,,,,,,,Georgia Institute of Technology,1995.0,1993.0,1,McKinsey,McKinsey & Company,McKinsey,Associate / Engagement Manager,Jan 2001,Mar 2003,Metro Atlanta Chamber of Commerce,"Vice President, Transportation",SEI,SEI,Senior Consultant; Consultant,Oct 2023,Present,0,,COLLEGE PARK HOUSING AUTHORITY,Commissioner,Commissioner,Jan 2021,Dec 2024,0.0,,"Gauge Consulting, LLC","President, Founder","President, Founder",May 2008,Oct 2023,0.0,,Stratfield Consulting,Principal Consultant,Principal Consultant,Oct 2021,Nov 2022,0.0,,Metro Atlanta Chamber of Commerce,"Vice President, Transportation","Vice President, Transportation",Mar 2003,Nov 2007,0.0,,McKinsey & Company,Associate / Engagement Manager,Associate / Engagement Manager,Jan 2001,Mar 2003,1.0,McKinsey,GE Energy,Commercial Director / Black Belt,Commercial Director / Black Belt,Sep 1998,Dec 2000,0.0,,US Navy,"Lieutenant, Submarines","Lieutenant, Submarines",Jun 1993,Sep 1998,0.0,,,,,,,,,,,,,,,,,,,,,,,,,,,,,,,,,,,,,,,,,,,,,,,,,,,,,,,,,,,,,,,,,,,,,,,,,,,,,,,,,,,,,,,,,,,,,,,,,,,,,,,,,,,,,,,,,,,,,,,,,,,,,,,,,,,,,,,,,,,,,,,,,,,,,,,,,,,,,,,,,,,,,,,,,
person-0249,,Accountant,Precision Value & Health,,,,,,,,,,,,,Valdosta State University,2018.0,2014.0,1,BCG,Boston Consulting Group (BCG),BCG,Boston Consulting Group (BCG),Jan 2019,Sep 2021,Atlantic Union Bank,Financial Analyst,Precision Value & Health,Staff Accountant,Staff Accountant,Sep 2021,Present,0,,Atlantic Union Bank,Financial Analyst,Financial Analyst,Jan 2023,May 2023,0.0,,Boston Consulting Group (BCG),Boston Consulting Group (BCG),Finance Specialist; Finance Assistant,Jan 2019,Sep 2021,1.0,BCG,PwC,Audit Specialist,Audit Specialist,Sep 2018,Dec 2018,0.0,,YMCA of the USA,Site Leader,Site Leader,Sep 2017,Apr 2018,0.0,,Volunteer Income Tax Assistance,Tax Preparer,Tax Preparer,Jan 2017,May 2017,0.0,,,,,,,,,,,,,,,,,,,,,,,,,,,,,,,,,,,,,,,,,,,,,,,,,,,,,,,,,,,,,,,,,,,,,,,,,,,,,,,,,,,,,,,,,,,,,,,,,,,,,,,,,,,,,,,,,,,,,,,,,,,,,,,,,,,,,,,,,,,,,,,,,,,,,,,,,,,,,,,,,,,,,,,,,,,,,,,,,,,,,,,
person-0250,New York,"Data scientist; award-winning speculative fiction writer; publisher & founder, khōréō magazine | ex-BCG",Shopify,,,,,,,,,,,,,Columbia University in the City of New York,2017.0,2012.0,1,BCG,Boston Consulting Group (BCG),BCG,Boston Consulting Group (BCG),Aug 2017,Jul 2020,The Janssen Pharmaceutical Companies of Johnson & Johnson,"Senior Manager, Product Management & Operations, Data Platforms & Privacy",Shopify,Product Data Scientist,Product Data Scientist,Apr 2025,Present,0,,"khōréō magazine, Inc.","Founder and Publisher | Magazine publication, editing, and nonprofit management","Founder and Publisher | Magazine publication, editing, and nonprofit management",Mar 2020,Present,0.0,,J2 Health,Senior Data Scientist | Healthcare data ETL and analytics,Senior Data Scientist | Healthcare data ETL and analytics,Nov 2023,Dec 2024,0.0,,Blue Almond LLC,"Strategy & Data Consultant | Data science, product management, and user-centered strategy","Strategy & Data Consultant | Data science, product management, and user-centered strategy",Mar 2021,Nov 2023,0.0,,Recurse Center,"Participant | Backend engineering, Python, and Data Structures & Algorithms","Participant | Backend engineering, Python, and Data Structures & Algorithms",May 2023,Sep 2023,0.0,,The New School,"Teaching Assistant, Immersive Storytelling | Creative Writing, Unity, and Immersive Technologies","Teaching Assistant, Immersive Storytelling | Creative Writing, Unity, and Immersive Technologies",Aug 2021,Dec 2021,0.0,,The Janssen Pharmaceutical Companies of Johnson & Johnson,"Senior Manager, Product Management & Operations, Data Platforms & Privacy","Senior Manager, Product Management & Operations, Data Platforms & Privacy",Jul 2020,Feb 2021,0.0,,Boston Consulting Group (BCG),Boston Consulting Group (BCG),Project Leader; Consultant,Aug 2017,Jul 2020,1.0,BCG,Columbia University Medical Center,"Graduate Student Researcher | Machine learning, biological networks, and python","Graduate Student Researcher | Machine learning, biological networks, and python",Aug 2012,Jun 2017,0.0,,,,,,,,,,,,,,,,,,,,,,,,,,,,,,,,,,,,,,,,,,,,,,,,,,,,,,,,,,,,,,,,,,,,,,,,,,,,,,,,,,,,,,,,,,,,,,,,,,,,,,,,,,,,,,,,,,,,,,,,,,,,,,,,,,,,,,,,,,,,,,,,,,,,,,,,,,,,,,,,,,
person-0251,,"Senior Associate, PSS Partners",PSS Partners,,,,,,,,,,,,,Georgia Institute of Technology,2020.0,2019.0,1,McKinsey,McKinsey & Company,McKinsey,Senior Knowledge Analyst,Nov 2022,Jan 2024,"Insight Sourcing Group, Part of Accenture LLC",Associate,PSS Partners,Senior Associate,Senior Associate,Aug 2025,Present,0,,"Insight Sourcing Group, Part of Accenture LLC",Associate,Associate,Jan 2024,Aug 2025,0.0,,McKinsey & Company,Senior Knowledge Analyst,Senior Knowledge Analyst,Nov 2022,Jan 2024,1.0,McKinsey,Accenture,Accenture,Senior Strategy Analyst; Strategy Analyst,Feb 2021,Nov 2022,0.0,,Amazon,Innovation and Design Engineering Intern,Innovation and Design Engineering Intern,May 2020,Aug 2020,0.0,,Accenture,Summer Strategy Analyst,Summer Strategy Analyst,Jun 2019,Aug 2019,0.0,,Management Leadership for Tomorrow,MLT Fellow,MLT Fellow,May 2017,Sep 2018,0.0,,Accenture,Summer Consulting Analyst,Summer Consulting Analyst,Jun 2018,Aug 2018,0.0,,Georgia Institute of Technology,Student Assistant - Housing Department,Student Assistant - Housing Department,May 2016,Aug 2018,0.0,,Horizons Atlanta,After School Mentor/Tutor,After School Mentor/Tutor,Sep 2017,Apr 2018,0.0,,MBA JumpStart,Jumpstart Ugrad Diversity Forum Participant,Jumpstart Ugrad Diversity Forum Participant,Aug 2017,Aug 2017,0.0,,Caterpillar Inc.,Corporate Procurement Intern - Global Purchasing,Corporate Procurement Intern - Global Purchasing,May 2017,Aug 2017,0.0,,,,,,,,,,,,,,,,,,,,,,,,,,,,,,,,,,,,,,,,,,,,,,,,,,,,,,,,,,,,,,,,,,,,,,,,,,,,,,,,,,,,,,,,,,,,,,,,,,,,,,,,,,,,,,,,,,,,,,,,,,,,,,,,,,,,,,,,,,,,,
person-0252,Los Angeles,Economics & Sociology at UCLA | William F. Sharpe Fellow,Capital One,,,,,,,,,,,,,UCLA,2027.0,2023.0,1,Bain,Bain & Company,Bain,CREW Participant,Feb 2025,Feb 2025,Depop,Campus Brand Manager,WSP,Associate Consultant Intern,Associate Consultant Intern,Jun 2025,Sep 2025,0,,UCLA Anderson School of Management,Administrative Assistant | Master of Business Analytics Program @ UCLA Anderson,Administrative Assistant | Master of Business Analytics Program @ UCLA Anderson,Sep 2024,Jun 2025,0.0,,Net Impact UCLA - Undergraduate,Net Impact UCLA - Undergraduate,Vice President of Member Engagement; Associate Consultant,Jan 2024,Jun 2025,0.0,,UCLA,UCLA,Resident Assistant (2024-2025) | Residential Life; Research Assistant | Department of Sociology; Special Project Assistant | Residential Life: Leadership & Involvement,Oct 2023,Jun 2025,0.0,,Depop,Campus Brand Manager,Campus Brand Manager,Dec 2024,Apr 2025,0.0,,Bain & Company,CREW Participant,CREW Participant,Feb 2025,Feb 2025,1.0,Bain,Volley 4 Change,Founder,Founder,Mar 2021,Jul 2023,0.0,,City of Evanston,Committee Lead | City of Evanston Youth Advisory Committee,Committee Lead | City of Evanston Youth Advisory Committee,Jan 2022,Jun 2023,0.0,,Evanston Township High School (ETHS),Evanston Township High School (ETHS),Executive Editor | The Evanstonian; Outreach Director | Students Organized Against Racism; Criminal Justice Committee Chair | Emerge: Leadership & Community Development Program; Assistant In-Depth Editor | The Evanstonian; Staff Writer | The Evanstonain,Aug 2019,May 2023,0.0,,Restore Justice,Marketing & Fundraising Intern,Marketing & Fundraising Intern,Jun 2022,Sep 2022,0.0,,Evanston History Center,Research Intern,Research Intern,Jun 2022,Aug 2022,0.0,,,,,,,,,,,,,,,,,,,,,,,,,,,,,,,,,,,,,,,,,,,,,,,,,,,,,,,,,,,,,,,,,,,,,,,,,,,,,,,,,,,,,,,,,,,,,,,,,,,,,,,,,,,,,,,,,,,,,,,,,,,,,,,,,,,,,,,,,,,,,,,,,,,,
person-0253,,Head of External Innovation and Science Policy||Enthusiastic||Passionate||Learner||Continuously Developable,Sanofi,,,,,,,,,,,,,Massachusetts Institute of Technology,2009.0,2007.0,1,BCG,Boston Consulting Group (BCG),BCG,Boston Consulting Group (BCG),Aug 2015,Nov 2020,Sanofi,Head of External Innovation and Science Policy,Sanofi,Head of External Innovation and Science Policy,Head of External Innovation and Science Policy,Jan 2021,Oct 2022,0,,Boston Consulting Group (BCG),Boston Consulting Group (BCG),Partner; Project Leader; Consultant,Aug 2015,Nov 2020,1.0,BCG,PARC,PARC,Research Assistant; Research Assistant Internship,Sep 2009,May 2013,0.0,,,,,,,,,,,,,,,,,,,,,,,,,,,,,,,,,,,,,,,,,,,,,,,,,,,,,,,,,,,,,,,,,,,,,,,,,,,,,,,,,,,,,,,,,,,,,,,,,,,,,,,,,,,,,,,,,,,,,,,,,,,,,,,,,,,,,,,,,,,,,,,,,,,,,,,,,,,,,,,,,,,,,,,,,,,,,,,,,,,,,,,,,,,,,,,,,,,,,,,,,,,,
person-0254,New York,Founder at Gebruder Partners,Gebruder Partners,,,,,,,,,,,,,Yale University,2011.0,2007.0,1,BCG,The Boston Consulting Group,BCG,The Boston Consulting Group,Sep 2011,Nov 2013,National Basketball Association,"Extern, Team Marketing and Business Operations (TMBO)",Gebruder Partners,Founder,Founder,Oct 2023,Present,0,,Orangewood Partners,Managing Director,Managing Director,Nov 2015,Oct 2023,0.0,,AEA Investors LP,Associate,Associate,Aug 2014,Nov 2015,0.0,,National Basketball Association,"Extern, Team Marketing and Business Operations (TMBO)","Extern, Team Marketing and Business Operations (TMBO)",Nov 2013,May 2014,0.0,,The Boston Consulting Group,The Boston Consulting Group,Consultant; Associate,Sep 2011,Nov 2013,1.0,BCG,Barclays Capital,Summer Investment Banking Analyst,Summer Investment Banking Analyst,Jun 2010,Aug 2010,0.0,,,,,,,,,,,,,,,,,,,,,,,,,,,,,,,,,,,,,,,,,,,,,,,,,,,,,,,,,,,,,,,,,,,,,,,,,,,,,,,,,,,,,,,,,,,,,,,,,,,,,,,,,,,,,,,,,,,,,,,,,,,,,,,,,,,,,,,,,,,,,,,,,,,,,,,,,,,,,,,,,,,,,,,,,,,,,,,,,,,,,,,
person-0255,Philadelphia,"Director, Customer Insights & Analytics at Capital One",Capital One,,,,University of Pennsylvania,,,,,,,,,The University of Texas at Austin,,,1,BCG,Boston Consulting Group (BCG),BCG,Boston Consulting Group (BCG),Feb 2020,Aug 2022,Capital One,"Sr. Manager, Premium Servicing Strategy",Capital One,Capital One,"Director, Customer Experience Intelligence; Sr. Manager, Premium Servicing Strategy",Aug 2022,Present,0,,Boston Consulting Group (BCG),Boston Consulting Group (BCG),Project Leader; Consultant,Feb 2020,Aug 2022,1.0,BCG,EY,Senior,Senior,Oct 2018,Feb 2020,0.0,,DealerSocket,"Manager, Learning Development","Manager, Learning Development",May 2018,Sep 2018,0.0,,Vista Equity Partners,Consultant,Consultant,Jun 2017,May 2018,0.0,,Noble Network of Charter Schools,Founding Instructor,Founding Instructor,Jul 2016,Jun 2017,0.0,,Universal Companies,Science Instructor,Science Instructor,Aug 2014,Jul 2016,0.0,,,,,,,,,,,,,,,,,,,,,,,,,,,,,,,,,,,,,,,,,,,,,,,,,,,,,,,,,,,,,,,,,,,,,,,,,,,,,,,,,,,,,,,,,,,,,,,,,,,,,,,,,,,,,,,,,,,,,,,,,,,,,,,,,,,,,,,,,,,,,,,,,,,,,,,,,,,,,,,,,,,,,,,,,,,,,,,,
person-0256,Cambridge,,Gartner,Babson F.W. Olin Graduate School of Business,,,,,,,,,,,,Colgate University,,,1,"BCG, McKinsey","McKinsey & Company, Inc.",McKinsey,Program Manager,Jun 2000,Jul 2005,Forrester Research,Vice President and Practice Leader,Gartner,"Vice President & Analyst, Digital Technology & Business Consulting Services","Vice President & Analyst, Digital Technology & Business Consulting Services",Oct 2023,Present,0,,McKinsey & Company,McKinsey & Company,"Associate Partner & Sr. Solution Leader, RGMx; Sr. Solution Leader & Associate Partner; General Manager",Aug 2017,Oct 2023,1.0,McKinsey,The Boston Consulting Group,The Boston Consulting Group,"Global Analytics Product & Tools Business Manager; Senior Manager, BCG Center for Knowledge and Analytics, Technology Advantage Practice",Dec 2012,Jul 2017,1.0,BCG,Forrester Research,Vice President and Practice Leader,Vice President and Practice Leader,Jul 2005,Dec 2012,0.0,,"McKinsey & Company, Inc.",Program Manager,Program Manager,Jun 2000,Jul 2005,1.0,McKinsey,,,,,,,,,,,,,,,,,,,,,,,,,,,,,,,,,,,,,,,,,,,,,,,,,,,,,,,,,,,,,,,,,,,,,,,,,,,,,,,,,,,,,,,,,,,,,,,,,,,,,,,,,,,,,,,,,,,,,,,,,,,,,,,,,,,,,,,,,,,,,,,,,,,,,,,,,,,,,,,,,,,,,,,,,,,,,,,,,,,,,,,,,,,,,
person-0257,,Strategy & Operations Executive in Life Insurance and Wealth Management Sector,MassMutual,,,,,,,,,,,,,McKinsey Academy,2022.0,2022.0,1,Bain,Bain & Company,Bain,Case Team Leader,Jun 2010,Aug 2015,MassMutual,Strategy Leader | Corporate Strategy,MassMutual,MassMutual,Head of Programs & Strategic Initiatives | Global Business Services; Head of Strategy | Affiliated Distribution (MMFA and MMLIS/Trust Company BUs); Strategy Leader & Head of iMMerse | Corporate Strategy; Strategy Leader | Corporate Strategy,Aug 2015,Present,0,,Bain & Company,Case Team Leader,Case Team Leader,Jun 2010,Aug 2015,1.0,Bain,Bain & Company,Summer Associate,Summer Associate,Apr 2009,May 2009,1.0,Bain,,,,,,,,,,,,,,,,,,,,,,,,,,,,,,,,,,,,,,,,,,,,,,,,,,,,,,,,,,,,,,,,,,,,,,,,,,,,,,,,,,,,,,,,,,,,,,,,,,,,,,,,,,,,,,,,,,,,,,,,,,,,,,,,,,,,,,,,,,,,,,,,,,,,,,,,,,,,,,,,,,,,,,,,,,,,,,,,,,,,,,,,,,,,,,,,,,,,,,,,,,,
person-0258,,MBA Candidate at Wharton | Bain & Co.,The Wharton School,The Wharton School,2026.0,2024.0,,,,,,,,,,,2017.0,2005.0,1,Bain,Bain & Company,Bain,Bain & Company,Sep 2021,Aug 2024,SoGal Ventures,Investor,The Wharton School,MBA Candidate,MBA Candidate,Aug 2024,Present,0,,SoGal Ventures,Investor,Investor,May 2025,Aug 2025,0.0,,Bain & Company,Bain & Company,Senior Associate Consultant; Associate Consultant,Sep 2021,Aug 2024,1.0,Bain,Generation,Strategy Associate,Strategy Associate,Apr 2024,Jul 2024,0.0,,Bain & Company,Associate Consultant Intern,Associate Consultant Intern,Jun 2020,Aug 2020,1.0,Bain,Spectrum Chemical Mfg. Corp.,Supply Chain Intern,Supply Chain Intern,Jun 2019,Jul 2019,0.0,,Itaúsa - Investimentos Itaú S.A.,Finance and M&A Intern,Finance and M&A Intern,Aug 2018,Sep 2018,0.0,,,,,,,,,,,,,,,,,,,,,,,,,,,,,,,,,,,,,,,,,,,,,,,,,,,,,,,,,,,,,,,,,,,,,,,,,,,,,,,,,,,,,,,,,,,,,,,,,,,,,,,,,,,,,,,,,,,,,,,,,,,,,,,,,,,,,,,,,,,,,,,,,,,,,,,,,,,,,,,,,,,,,,,,,,,,,,,,
person-0259,,"Global Marketing Director, Rare Disease",Amgen,,,,,,,,,,,,,,,,1,Bain,Bain & Company,Bain,Associate Consultant,2012,Aug 2015,The Rainwater Charitable Foundation,Tau Consortium Extern,Amgen,"Global Marketing Director, Early Pipeline, Rare Disease","Global Marketing Director, Early Pipeline, Rare Disease",Nov 2022,Present,0,,CurePSP,Board Member,Board Member,2017,Present,0.0,,Horizon,Horizon,"Marketing Director, Neuroimmunology; Integration Lead; Commercial Chief of Staff",Mar 2020,Nov 2022,0.0,,Bain & Company,Bain & Company,Senior Manager; Consultant,Jul 2017,Mar 2020,1.0,Bain,The Rainwater Charitable Foundation,Tau Consortium Extern,Tau Consortium Extern,Aug 2018,Jan 2019,0.0,,Harvard Business School,Student,Student,Aug 2015,May 2017,0.0,,Bain & Company,Associate Consultant,Associate Consultant,2012,Aug 2015,1.0,Bain,Charley's Fund,Program Officer,Program Officer,Feb 2015,May 2015,0.0,,Microsoft,Intern,Intern,May 2006,Aug 2007,0.0,,,,,,,,,,,,,,,,,,,,,,,,,,,,,,,,,,,,,,,,,,,,,,,,,,,,,,,,,,,,,,,,,,,,,,,,,,,,,,,,,,,,,,,,,,,,,,,,,,,,,,,,,,,,,,,,,,,,,,,,,,,,,,,,,,,,,,,,,,,,,,,,,,,,,,,,,,,,,,,,,,
person-0260,,"Transformation Leader dedicated to unlocking value through driving growth, operational excellence, and seamless integration of human potential with AI application",C3 AI,Northwestern University - Kellogg School of Management,2016.0,2014.0,,,,,,,,,,,2010.0,2005.0,1,McKinsey,McKinsey & Company,McKinsey,McKinsey & Company,Sep 2016,Aug 2024,C3 AI,"Senior Director, Customer Solutions",C3 AI,"Senior Director, Customer Solutions","Senior Director, Customer Solutions",Dec 2024,Present,0,,McKinsey & Company,McKinsey & Company,Associate Partner; Engagement Manager; Associate,Sep 2016,Aug 2024,1.0,McKinsey,S2G Ventures (Seed 2 Growth),Investment Intern,Investment Intern,Jan 2016,Mar 2016,0.0,,McKinsey & Company,Summer Associate,Summer Associate,Jun 2015,Aug 2015,1.0,McKinsey,Mars,Mars,"Process Improvement Manager, Strategy & Operations; Business Activity Manager for DOVE GALAXY® brand, Strategy & Operations; Trade Marketing & Business Development Supervisor",Aug 2010,Aug 2014,0.0,,Novartis,Management Trainee Intern,Management Trainee Intern,Aug 2008,Aug 2009,0.0,,KPMG,Summer Intern,Summer Intern,Jul 2008,Jul 2008,0.0,,Synovate,Freelancer,Freelancer,Oct 2006,Jun 2008,0.0,,,,,,,,,,,,,,,,,,,,,,,,,,,,,,,,,,,,,,,,,,,,,,,,,,,,,,,,,,,,,,,,,,,,,,,,,,,,,,,,,,,,,,,,,,,,,,,,,,,,,,,,,,,,,,,,,,,,,,,,,,,,,,,,,,,,,,,,,,,,,,,,,,,,,,,,,,,,,,,,,,,,,,,,,
person-0261,Hooksett,IT Support Analyst for hire,Unemployed at this time,,,,,,,,,,,,,Middlesex Community College,2018.0,2015.0,1,BCG,Boston Consulting Group (BCG),BCG,IT Specialist,Apr 2018,May 2018,Brandeis University,Tier 1 support technician,Unemployed at this time,Unemployed,Unemployed,Sep 2025,Present,0,,Merrimack College,Merrimack College,Technical Support Analyst; Information Technology Support Analyst; Help Desk Support Specialist; Help Desk Support Specialist,Mar 2020,Present,0.0,,Brandeis University,Tier 1 support technician,Tier 1 support technician,Nov 2018,Dec 2018,0.0,,Boston Consulting Group (BCG),IT Specialist,IT Specialist,Apr 2018,May 2018,1.0,BCG,Minuteman Regional VoTech Hish School,PC Technician,PC Technician,Jun 2017,Aug 2017,0.0,,Fidelity Investments,Desktop Builder,Desktop Builder,Jul 2016,Sep 2016,0.0,,,,,,,,,,,,,,,,,,,,,,,,,,,,,,,,,,,,,,,,,,,,,,,,,,,,,,,,,,,,,,,,,,,,,,,,,,,,,,,,,,,,,,,,,,,,,,,,,,,,,,,,,,,,,,,,,,,,,,,,,,,,,,,,,,,,,,,,,,,,,,,,,,,,,,,,,,,,,,,,,,,,,,,,,,,,,,,,,,,,,,,
person-0262,New York,Associate - Rothschild & Co,Rothschild & Co,,,,,,,,,,,,,Universidad Pontificia Comillas ICAI-ICADE,2020.0,2016.0,1,BCG,Boston Consulting Group (BCG),BCG,Traction Europe - Strategy Workshop for Engineers,Oct 2019,Oct 2019,Rothschild & Co,Off-Cycle Analyst,Rothschild & Co,Rothschild & Co,Associate - Restructuring & Debt Advisory; Associate; Investment Banking Analyst; Off-Cycle Analyst,Sep 2020,Present,0,,SENER,Project Intern,Project Intern,May 2019,Jun 2020,0.0,,Boston Consulting Group (BCG),Traction Europe - Strategy Workshop for Engineers,Traction Europe - Strategy Workshop for Engineers,Oct 2019,Oct 2019,1.0,BCG,,,,,,,,,,,,,,,,,,,,,,,,,,,,,,,,,,,,,,,,,,,,,,,,,,,,,,,,,,,,,,,,,,,,,,,,,,,,,,,,,,,,,,,,,,,,,,,,,,,,,,,,,,,,,,,,,,,,,,,,,,,,,,,,,,,,,,,,,,,,,,,,,,,,,,,,,,,,,,,,,,,,,,,,,,,,,,,,,,,,,,,,,,,,,,,,,,,,,,,,,,,
person-0263,New York,Antin Infrastructure Partners,Antin Infrastructure Partners,New York University,,,,,,,,,,,,University of Southern California,,,1,BCG,Boston Consulting Group (BCG),BCG,Boston Consulting Group (BCG),Jan 2021,May 2024,Antin Infrastructure Partners,Associate - Performance Improvement,Antin Infrastructure Partners,Associate - Performance Improvement,Associate - Performance Improvement,May 2024,Present,0,,Boston Consulting Group (BCG),Boston Consulting Group (BCG),Project Leader; Consultant,Jan 2021,May 2024,1.0,BCG,MetaProp,Innovation Advisory Intern,Innovation Advisory Intern,Oct 2020,Dec 2020,0.0,,Boston Consulting Group (BCG),Summer Consultant,Summer Consultant,Jun 2019,Aug 2019,1.0,BCG,Accenture,Accenture,Consultant; Analyst,2015,2018,0.0,,,,,,,,,,,,,,,,,,,,,,,,,,,,,,,,,,,,,,,,,,,,,,,,,,,,,,,,,,,,,,,,,,,,,,,,,,,,,,,,,,,,,,,,,,,,,,,,,,,,,,,,,,,,,,,,,,,,,,,,,,,,,,,,,,,,,,,,,,,,,,,,,,,,,,,,,,,,,,,,,,,,,,,,,,,,,,,,,,,,,,,,,,,,,,
person-0264,Huntington Beach,Texas Ex and Tuck School of Business alum,Maran Legacy Partners,The Tuck School of Business at Dartmouth,2023.0,2021.0,,,,,,,,,,,2018.0,2014.0,1,Bain,Bain & Company,Bain,Bain & Company,Oct 2017,Jul 2021,Maran Legacy Partners,Principal,Maran Legacy Partners,Principal,Principal,Sep 2023,Jan 2024,0,,The Tuck School of Business at Dartmouth,MBA Candidate,MBA Candidate,Jul 2021,Sep 2023,0.0,,Bain & Company,Bain & Company,Senior Associate Consultant; Associate Consultant; Incoming Associate Consultant,Oct 2017,Jul 2021,1.0,Bain,PricewaterhouseCoopers,Summer Intern - Advisory,Summer Intern - Advisory,Jun 2017,Aug 2017,0.0,,,,,,,,,,,,,,,,,,,,,,,,,,,,,,,,,,,,,,,,,,,,,,,,,,,,,,,,,,,,,,,,,,,,,,,,,,,,,,,,,,,,,,,,,,,,,,,,,,,,,,,,,,,,,,,,,,,,,,,,,,,,,,,,,,,,,,,,,,,,,,,,,,,,,,,,,,,,,,,,,,,,,,,,,,,,,,,,,,,,,,,,,,,,,,,,,,,,,
person-0265,Ossining,Dean’s List Business Administration Student at the University of Southern California,Project Destined,,,,,,,,,,,,,University of Southern California,2028.0,2024.0,1,Bain,Bain & Company,Bain,Consulting Kickstart Participant,May 2025,May 2025,La Placita Market Corp,Family Business Associate,USC MREFA,USC MREFA,Mentors & Leaders Program; General Member,Sep 2025,Present,0,,Trojan Venture Partners,Trojan Venture Partners,Capstone Analyst; General Member,Sep 2025,Present,0.0,,La Placita Market Corp,Family Business Associate,Family Business Associate,Jun 2020,Present,0.0,,Bain & Company,Consulting Kickstart Participant,Consulting Kickstart Participant,May 2025,May 2025,1.0,Bain,USC Global Investment Society,USC Global Investment Society,Investment Academy; Explore,Sep 2024,Apr 2025,0.0,,PeakSpan Capital,Growth Equity Immersion Program,Growth Equity Immersion Program,Jan 2025,Jan 2025,0.0,,Clemson University,Research Affiliate & Intern,Research Affiliate & Intern,Nov 2021,Jun 2024,0.0,,Morgan Stanley,Morgan Stanley Finance Academy,Morgan Stanley Finance Academy,Nov 2023,Apr 2024,0.0,,Westchester Kicks,Business Owner,Business Owner,May 2021,Aug 2023,0.0,,,,,,,,,,,,,,,,,,,,,,,,,,,,,,,,,,,,,,,,,,,,,,,,,,,,,,,,,,,,,,,,,,,,,,,,,,,,,,,,,,,,,,,,,,,,,,,,,,,,,,,,,,,,,,,,,,,,,,,,,,,,,,,,,,,,,,,,,,,,,,,,,,,,,,,,,,,,,,,,,,
person-0266,New York,Investor in Energy solutions for AI data centers | BCG | Google | X moonshot factory,Passkey Inc.,"University of California, Berkeley, Haas School of Business",,,,,,,,,,,,The London School of Economics and Political Science (LSE),,,1,BCG,Boston Consulting Group (BCG),BCG,Boston Consulting Group (BCG),Sep 2017,Aug 2020,Google,Account Manager,PassKey Inc.,Senior Strategy Manager,Senior Strategy Manager,Jul 2024,Present,0,,"X, the moonshot factory",Business Development & Strategy PM,Business Development & Strategy PM,Feb 2024,May 2024,0.0,,"X, the moonshot factory",Climate+ Strategy Resident,Climate+ Strategy Resident,Jun 2023,Oct 2023,0.0,,ORGANICA,Head of Business Strategy,Head of Business Strategy,May 2022,Jul 2022,0.0,,Fittacker Inc.,CEO/Co-Founder,CEO/Co-Founder,Jun 2021,May 2022,0.0,,Boston Consulting Group (BCG),Consultant,Consultant,Feb 2022,Mar 2022,1.0,BCG,Google,Account Manager,Account Manager,Aug 2020,Jun 2021,0.0,,Boston Consulting Group (BCG),Boston Consulting Group (BCG),Senior Associate; Associate,Sep 2017,Aug 2020,1.0,BCG,Deloitte,Research Assistant,Research Assistant,Aug 2015,Sep 2015,0.0,,Samsung Venture Investment,Research Assistant,Research Assistant,Jun 2015,Jul 2015,0.0,,,,,,,,,,,,,,,,,,,,,,,,,,,,,,,,,,,,,,,,,,,,,,,,,,,,,,,,,,,,,,,,,,,,,,,,,,,,,,,,,,,,,,,,,,,,,,,,,,,,,,,,,,,,,,,,,,,,,,,,,,,,,,,,,,,,,,,,,,,,,,,,,,,,,,,,,,,
person-0267,Atlanta,Manager of EcoMech Geothermal,Green Water Partners,,,,,,,,,,,,,University of Virginia,2016.0,2012.0,1,Bain,Bain & Company,Bain,Bain & Company,Sep 2016,Aug 2019,Sycamore Partners,Associate,Green Water Partners,Managing Director,Managing Director,Sep 2021,Present,0,,EcoMech,Manager,Manager,Sep 2021,Present,0.0,,Sycamore Partners,Associate,Associate,Sep 2019,Sep 2021,0.0,,Bain & Company,Bain & Company,Senior Associate Consultant; Associate Consultant,Sep 2016,Aug 2019,1.0,Bain,Advanced Microgrid Solutions,Bain & Co Extern,Bain & Co Extern,Sep 2018,Dec 2018,0.0,,Houlihan Lokey,Summer Financial Analyst,Summer Financial Analyst,Jun 2015,Aug 2015,0.0,,,,,,,,,,,,,,,,,,,,,,,,,,,,,,,,,,,,,,,,,,,,,,,,,,,,,,,,,,,,,,,,,,,,,,,,,,,,,,,,,,,,,,,,,,,,,,,,,,,,,,,,,,,,,,,,,,,,,,,,,,,,,,,,,,,,,,,,,,,,,,,,,,,,,,,,,,,,,,,,,,,,,,,,,,,,,,,,,,,,,,,
person-0268,Phoenix,Managing Director at Freelancer,Freelancer,Northwestern University - Kellogg School of Management,2015.0,2013.0,,,,,,,,,,,1991.0,1987.0,1,McKinsey,McKinsey & Company,McKinsey,McKinsey & Company,Oct 1998,Jul 2007,Freelancer,Managing Director,Freelancer,Managing Director,Managing Director,,,0,,McKinsey & Company,McKinsey & Company,Management Consultant; Junior Project Manager,Oct 1998,Jul 2007,1.0,McKinsey,IBM,Intern,Intern,Jan 1992,Oct 1993,0.0,,,,,,,,,,,,,,,,,,,,,,,,,,,,,,,,,,,,,,,,,,,,,,,,,,,,,,,,,,,,,,,,,,,,,,,,,,,,,,,,,,,,,,,,,,,,,,,,,,,,,,,,,,,,,,,,,,,,,,,,,,,,,,,,,,,,,,,,,,,,,,,,,,,,,,,,,,,,,,,,,,,,,,,,,,,,,,,,,,,,,,,,,,,,,,,,,,,,,,,,,,,,
person-0269,Philadelphia,PhD student at UZH | ex - Associate Economist at PWBM,University of Zurich,,,,,,,,,,,,,University of Zurich,2020.0,2018.0,1,Bain,贝恩公司,Bain,Part Time Associate,Apr 2016,Sep 2016,China Taiping Insurance,Marketing Associate,University of Zurich,PHD Student,PHD Student,Aug 2025,Present,0,,The Wharton School,The Wharton School,Associate Economist; Junior Economist,Oct 2021,Jul 2025,0.0,,University of Zurich,Research Assistant,Research Assistant,Oct 2020,Sep 2021,0.0,,North Head,Healthcare&Community Consultant Intern,Healthcare&Community Consultant Intern,Mar 2018,Aug 2018,0.0,,China Taiping Insurance,Marketing Associate,Marketing Associate,Jul 2017,Aug 2017,0.0,,贝恩公司,Part Time Associate,Part Time Associate,Apr 2016,Sep 2016,1.0,Bain,,,,,,,,,,,,,,,,,,,,,,,,,,,,,,,,,,,,,,,,,,,,,,,,,,,,,,,,,,,,,,,,,,,,,,,,,,,,,,,,,,,,,,,,,,,,,,,,,,,,,,,,,,,,,,,,,,,,,,,,,,,,,,,,,,,,,,,,,,,,,,,,,,,,,,,,,,,,,,,,,,,,,,,,,,,,,,,,,,,,,,
person-0270,New York,"Founder @ Global Shop | E-Commerce | Ex-BCG, Ex-Nike | MIT & Cornell",Global Shop Group,MIT Sloan School of Management,2022.0,2020.0,,,,,,,,,,,2013.0,2009.0,1,BCG,Boston Consulting Group (BCG),BCG,Consultant,Jan 2023,Jun 2024,Noi Solutions,Director of Operations,Global Shop Group,Founder & CEO,Founder & CEO,Jul 2024,Present,0,,Noi Solutions,Director of Operations,Director of Operations,Jul 2024,Jun 2025,0.0,,Boston Consulting Group (BCG),Consultant,Consultant,Jan 2023,Jun 2024,1.0,BCG,Dakar Design Hub,Operations and Project Management Consultant,Operations and Project Management Consultant,Jun 2022,Dec 2022,0.0,,Nike,Strategic Global Operations Intern,Strategic Global Operations Intern,Jun 2021,Aug 2021,0.0,,Astra Connect,Tech Design/Production Manager,Tech Design/Production Manager,Jun 2019,May 2020,0.0,,MM.LaFleur,MM.LaFleur,Technical Designer/Product Developer Manager; Associate Technical Designer/Product Developer; Assistant Technical Designer/Product Developer,Nov 2016,Apr 2019,0.0,,"Bernard Chaus, Inc","Bernard Chaus, Inc",Assistant Technical Designer; Sample Coordinat/Production Assistant,Jan 2015,Nov 2016,0.0,,Barbara Feinman millinery,Assistant Milliner,Assistant Milliner,Jan 2014,Jul 2016,0.0,,KLS,Freelance Technical Designer / Production,Freelance Technical Designer / Production,Jul 2014,Sep 2014,0.0,,harvey faircloth,Freelancer/Production Intern,Freelancer/Production Intern,Jan 2014,Mar 2014,0.0,,Fragrance and Beauty Outlet,Sales and Customer Service Representative,Sales and Customer Service Representative,Nov 2013,Jan 2014,0.0,,Cornell University,Cornell University,Student Research Assistant; Art and Entertainment Assistant,Jan 2010,May 2013,0.0,,Cornell Fashion Collective,Designer,Designer,Jul 2009,May 2013,0.0,,creatures of comfort,Production Assistant Intern,Production Assistant Intern,Dec 2012,Jan 2013,0.0,,Diane von Furstenberg,Design Intern,Design Intern,May 2012,Aug 2012,0.0,,Misorena Limited Inc,Sales Representative and Display Assistant,Sales Representative and Display Assistant,Jun 2011,Aug 2011,0.0,,Betsey Johnson,Design Intern,Design Intern,Jun 2011,Aug 2011,0.0,,,,,,,,,,,,,,,,,,,,,,,,,,,,,,,,,,,,,,,,,,,,,,,,,,,,,,,,,,,,,,,,,,,,,,,,,,,,,,,,,,,,,,,,,,,,,,,,,,,
person-0271,,Talent Management | Learning & Development | Long Term Planning | Performance Management | Organizational Development,FTI Consulting,Emory University - Goizueta Business School,2016.0,2016.0,,,,,,,,,,,2008.0,2004.0,1,BCG,Boston Consulting Group (BCG),BCG,Boston Consulting Group (BCG),Nov 2010,Oct 2023,FTI Consulting,"Director, Global Talent Development Operations",FTI Consulting,"Director, Global Talent Development Operations","Director, Global Talent Development Operations",Oct 2023,Present,0,,Boston Consulting Group (BCG),Boston Consulting Group (BCG),"Consulting Team Talent Director; Senior Talent Manager; Talent Manager; Staffing and Career Development Manager; Staffing, Training, and Career Development Lead; Staffing, Training, and Career Development Coordinator; Staffing, Training, and Career Development Associate; Staffing, Training, and Career Development Assistant",Nov 2010,Oct 2023,1.0,BCG,Airo Wireless,International Marketing Specialist,International Marketing Specialist,Oct 2009,Oct 2010,0.0,,Atlanta On The Go,Director,Director,2009,Mar 2010,0.0,,R.A. Clark Consulting,Recruiting Coordinator,Recruiting Coordinator,Aug 2008,Dec 2008,0.0,,Banc of America Securities,Intern,Intern,Dec 2004,May 2006,0.0,,,,,,,,,,,,,,,,,,,,,,,,,,,,,,,,,,,,,,,,,,,,,,,,,,,,,,,,,,,,,,,,,,,,,,,,,,,,,,,,,,,,,,,,,,,,,,,,,,,,,,,,,,,,,,,,,,,,,,,,,,,,,,,,,,,,,,,,,,,,,,,,,,,,,,,,,,,,,,,,,,,,,,,,,,,,,,,,,,,,,,,
person-0272,New York,Strategy & Operations Advisor | Transformations & Value Creation,Kearney,"Indian Institute of Management, Lucknow",,,,,,,,,,,,Sardar Patel Vidyalaya,,,1,McKinsey,McKinsey & Company,McKinsey,Analyst,2011,2013,Kearney,Senior Business Analyst,Kearney,Senior Manager,Senior Manager,2020,Aug 2024,0,,Kearney,Kearney,Manager; Associate; Senior Business Analyst,2015,2019,0.0,,Kearney,Summer Intern,Summer Intern,2014,2014,0.0,,McKinsey & Company,Analyst,Analyst,2011,2013,1.0,McKinsey,,,,,,,,,,,,,,,,,,,,,,,,,,,,,,,,,,,,,,,,,,,,,,,,,,,,,,,,,,,,,,,,,,,,,,,,,,,,,,,,,,,,,,,,,,,,,,,,,,,,,,,,,,,,,,,,,,,,,,,,,,,,,,,,,,,,,,,,,,,,,,,,,,,,,,,,,,,,,,,,,,,,,,,,,,,,,,,,,,,,,,,,,,,,,,,,,,,,
person-0273,,Strategy at Microsoft AI | Ex-BCG | Columbia MBA,Microsoft AI,Columbia Business School,,,,,,,,,,,,Wellesley College,,,1,BCG,Boston Consulting Group (BCG),BCG,Consultant,2022,Dec 2024,Microsoft AI,Business Operations & Strategy,Microsoft AI,Business Operations & Strategy,Business Operations & Strategy,Jan 2025,Present,0,,Boston Consulting Group (BCG),Consultant,Consultant,2022,Dec 2024,1.0,BCG,Charles River Associates,Charles River Associates,Associate; Analyst,2019,2021,0.0,,Lazard,Investment Banking,Investment Banking,2019,2019,0.0,,Citi,Sales and Trading,Sales and Trading,2018,2018,0.0,,,,,,,,,,,,,,,,,,,,,,,,,,,,,,,,,,,,,,,,,,,,,,,,,,,,,,,,,,,,,,,,,,,,,,,,,,,,,,,,,,,,,,,,,,,,,,,,,,,,,,,,,,,,,,,,,,,,,,,,,,,,,,,,,,,,,,,,,,,,,,,,,,,,,,,,,,,,,,,,,,,,,,,,,,,,,,,,,,,,,,,,,,,,,,
person-0274,Austin,Finance & Applied Economics @ UT Austin,JPMorganChase,Texas McCombs School of Business,2027.0,2023.0,,,,,,,,,,,2023.0,2019.0,1,BCG,Boston Consulting Group (BCG),BCG,BCG Launch Participant,Jun 2024,Jul 2024,Ellison Helmsman Inc,Consulting Research Analyst,The University of Texas at Austin,UT Athletics Content Tutor,UT Athletics Content Tutor,Jan 2025,Present,0,,University Finance Association,University Finance Association,Consulting Associate; Consulting & Investment Team Analyst,Dec 2023,Present,0.0,,College Contact,College Admissions Consultant,College Admissions Consultant,Jul 2024,Present,0.0,,Abbott,Financial Planning and Analysis Intern,Financial Planning and Analysis Intern,Jun 2025,Aug 2025,0.0,,KPMG,Inspire to Hire Program,Inspire to Hire Program,Apr 2025,May 2025,0.0,,Stashrun,Growth Strategy Intern,Growth Strategy Intern,Mar 2024,Jan 2025,0.0,,Scholars of Finance,Leadership Development Program Candidate,Leadership Development Program Candidate,Aug 2024,Dec 2024,0.0,,PwC,Non-Profit Consulting Extern,Non-Profit Consulting Extern,Jul 2024,Nov 2024,0.0,,Marsh McLennan,Diversity Summer Series Scholar,Diversity Summer Series Scholar,Jul 2024,Aug 2024,0.0,,Ellison Helmsman Inc,Consulting Research Analyst,Consulting Research Analyst,Mar 2024,Aug 2024,0.0,,Boston Consulting Group (BCG),BCG Launch Participant,BCG Launch Participant,Jun 2024,Jul 2024,1.0,BCG,Mathnasium - The Math Learning Center,Lead Instructor,Lead Instructor,May 2023,Jun 2024,0.0,,,,,,,,,,,,,,,,,,,,,,,,,,,,,,,,,,,,,,,,,,,,,,,,,,,,,,,,,,,,,,,,,,,,,,,,,,,,,,,,,,,,,,,,,,,,,,,,,,,,,,,,,,,,,,,,,,,,,,,,,,,,,,,,,,,,,,,,,,,,,
person-0275,Los Angeles,"AVP, Pricing, Analytics & Personalization at Allergan Aesthetics, an AbbVie Company",Glaukos Corporation,Harvard Business School,,,,,,,,,,,,Stanford University,,,1,BCG,BCG Digital Ventures,BCG,Chief of Staff,Jun 2016,Aug 2016,Boston Consulting Group (BCG),Associate,"Allergan Aesthetics, an AbbVie Company","Allergan Aesthetics, an AbbVie Company","AVP, Pricing, Analytics & Personalization; Executive Director, Personalization & Marketing Analytics; Director of Personalization",Dec 2019,Present,0,,Boston Consulting Group (BCG),Boston Consulting Group (BCG),Project Leader; Consultant; Associate,Aug 2012,Nov 2019,1.0,BCG,BCG Digital Ventures,Chief of Staff,Chief of Staff,Jun 2016,Aug 2016,1.0,BCG,,,,,,,,,,,,,,,,,,,,,,,,,,,,,,,,,,,,,,,,,,,,,,,,,,,,,,,,,,,,,,,,,,,,,,,,,,,,,,,,,,,,,,,,,,,,,,,,,,,,,,,,,,,,,,,,,,,,,,,,,,,,,,,,,,,,,,,,,,,,,,,,,,,,,,,,,,,,,,,,,,,,,,,,,,,,,,,,,,,,,,,,,,,,,,,,,,,,,,,,,,,
person-0276,,"Firm Manager at Barker Viggato, LLP","Barker Viggato, LLP",,,,,,,,,,,,,University of Louisiana Monroe,2001.0,1999.0,1,Bain,Bain & Company,Bain,"Senior Specialist, Experienced Talent Recruiting",May 2022,Present,"Barker Viggato, LLP",Firm Manager,"Barker Viggato, LLP",Firm Manager,Firm Manager,May 2025,Present,0,,Bain & Company,"Senior Specialist, Experienced Talent Recruiting","Senior Specialist, Experienced Talent Recruiting",May 2022,Present,1.0,Bain,Hilltop Holdings,Recruiter,Recruiter,Oct 2019,Dec 2021,0.0,,Santander Consumer USA,Talent Acquisition Specialist,Talent Acquisition Specialist,Nov 2017,Oct 2019,0.0,,Ocwen Financial Corporation - US,Background & Onboarding Operations Specialist,Background & Onboarding Operations Specialist,Aug 2016,Nov 2017,0.0,,Capital One,Capital One,Recruiter; Recruiting Coordinator,Jan 2006,Aug 2016,0.0,,"Favalora Constructors, Inc.",Administrative Assistant,Administrative Assistant,May 2005,Sep 2005,0.0,,"Gibbs Construction, LLC",Receptionist,Receptionist,Feb 2004,May 2005,0.0,,,,,,,,,,,,,,,,,,,,,,,,,,,,,,,,,,,,,,,,,,,,,,,,,,,,,,,,,,,,,,,,,,,,,,,,,,,,,,,,,,,,,,,,,,,,,,,,,,,,,,,,,,,,,,,,,,,,,,,,,,,,,,,,,,,,,,,,,,,,,,,,,,,,,,,,,,,,,,,,,,,,,,,,,
person-0277,Cary,"Data Science, Finance & Math @ Duke",Duke Impact Investing Group,,,,,,,,,,,,,Duke University,2026.0,2022.0,1,BCG,Boston Consulting Group (BCG),BCG,BCG Advance,Apr 2024,Apr 2024,Duke Impact Investing Group,Consulting Analyst,Duke Impact Investing Group,Duke Impact Investing Group,Partner; Co-Director of Consulting; Project Manager; Consulting Analyst,Aug 2023,Present,0,,Deloitte,Summer Analyst,Summer Analyst,Jun 2025,Jul 2025,0.0,,John Deere,Data Science & Analytics Intern,Data Science & Analytics Intern,May 2024,Aug 2024,0.0,,Boston Consulting Group (BCG),BCG Advance,BCG Advance,Apr 2024,Apr 2024,1.0,BCG,STATProg Inc,Data Science Intern,Data Science Intern,Sep 2023,Jan 2024,0.0,,Durham Public Schools,Data Analyst & Web Developer,Data Analyst & Web Developer,May 2023,Aug 2023,0.0,,Mathnasium - The Math Learning Center,Mathematics Tutor,Mathematics Tutor,Feb 2021,Mar 2022,0.0,,,,,,,,,,,,,,,,,,,,,,,,,,,,,,,,,,,,,,,,,,,,,,,,,,,,,,,,,,,,,,,,,,,,,,,,,,,,,,,,,,,,,,,,,,,,,,,,,,,,,,,,,,,,,,,,,,,,,,,,,,,,,,,,,,,,,,,,,,,,,,,,,,,,,,,,,,,,,,,,,,,,,,,,,,,,,,,,
person-0278,Moab,,American Institutes for Research,,,,,,,,,,,,,American University,1990.0,1987.0,1,McKinsey,McKinsey & Company,McKinsey,IT Manager,1987,1991,NEOS Corporation,"Staff Analyst and Economist, Demand-Side Energy",American Institutes for Research,American Institutes for Research,Project Lead SME; Director of Strategy; Senior Consultant; Strategy Manager,Feb 2023,Present,0,,The Colorado Education Initiative,Industry Coach,Industry Coach,Sep 2019,May 2020,0.0,,"MarkWest Energy Partners, L.P.",Senior Program Manager,Senior Program Manager,Jun 2018,Oct 2018,0.0,,Colorado Workforce Development Council,Deputy Director,Deputy Director,Oct 2016,May 2018,0.0,,Colorado Technology Association,Chief Operating Officer,Chief Operating Officer,Apr 2011,Oct 2016,0.0,,The Synergy Company,Director of Sales and Customer Service,Director of Sales and Customer Service,Jun 2009,Apr 2011,0.0,,Sun Microsystems,Sun Microsystems,"Director of Operations, US GEM; Director of Operations and Chief of Staff, Services Product Management and Marketing; Strategic Account Executive, Sun Services; Business Operations Manager, Strategic Accounts, Sun Services; Customer Service Manager, Hardware Technical Support, Sun Services; Contracts Administration Manager, Sun Services",Aug 1997,Oct 2008,0.0,,Denver Metro Chamber of Commerce,Director of IT,Director of IT,Aug 1993,Jul 1997,0.0,,NEOS Corporation,"Staff Analyst and Economist, Demand-Side Energy","Staff Analyst and Economist, Demand-Side Energy",Jun 1991,Aug 1992,0.0,,McKinsey & Company,IT Manager,IT Manager,1987,1991,1.0,McKinsey,,,,,,,,,,,,,,,,,,,,,,,,,,,,,,,,,,,,,,,,,,,,,,,,,,,,,,,,,,,,,,,,,,,,,,,,,,,,,,,,,,,,,,,,,,,,,,,,,,,,,,,,,,,,,,,,,,,,,,,,,,,,,,,,,,,,,,,,,,,,,,,,,,,,,,,,,,
person-0279,Dallas,Marketing and Communications Director | Professional Services,AlixPartners,,,,,,,,,,,,,The University of Texas at Austin,1994.0,1992.0,1,McKinsey,McKinsey & Company,McKinsey,McKinsey & Company,Aug 1996,Dec 2011,AlixPartners,Marketing and Communications Professional,AlixPartners,Marketing and Communications Professional,Marketing and Communications Professional,Dec 2011,Present,0,,McKinsey & Company,McKinsey & Company,"Research Manager; Knowledge Specialist, Semiconductor Practice; Research Analyst",Aug 1996,Dec 2011,1.0,McKinsey,Motorola (Freescale),Information Specialist,Information Specialist,Jan 1995,Jul 1996,0.0,,IBM,Intern,Intern,Jan 1993,Dec 1994,0.0,,,,,,,,,,,,,,,,,,,,,,,,,,,,,,,,,,,,,,,,,,,,,,,,,,,,,,,,,,,,,,,,,,,,,,,,,,,,,,,,,,,,,,,,,,,,,,,,,,,,,,,,,,,,,,,,,,,,,,,,,,,,,,,,,,,,,,,,,,,,,,,,,,,,,,,,,,,,,,,,,,,,,,,,,,,,,,,,,,,,,,,,,,,,,,,,,,,,,
person-0280,Chicago,Helping $1M–$50M Companies Scale & Exit | Hands-On Operations Expert | Fractional Operations Leader,Fizi Advisors LLC,The University of Chicago Booth School of Business,2017.0,2015.0,,,,,,,,,,,2007.0,2003.0,1,BCG,Boston Consulting Group (BCG),BCG,Consultant,Aug 2017,Sep 2019,hear.com,Director Of Operations,Fizi Advisors LLC,Principal Consultant,Principal Consultant,Mar 2024,Present,0,,Info-Tech Research Group,Digital Transformation Consultant,Digital Transformation Consultant,Jan 2023,Mar 2024,0.0,,DoorDash,"Senior Manager, Strategy & Operations","Senior Manager, Strategy & Operations",Jan 2022,Nov 2022,0.0,,hear.com,Director Of Operations,Director Of Operations,Dec 2019,Dec 2021,0.0,,Boston Consulting Group (BCG),Consultant,Consultant,Aug 2017,Sep 2019,1.0,BCG,PwC,PwC,"Manager, Commercial & Data Assurance (RAS); Assistant Manager; Senior Associate; Associate",Oct 2008,Sep 2015,0.0,,,,,,,,,,,,,,,,,,,,,,,,,,,,,,,,,,,,,,,,,,,,,,,,,,,,,,,,,,,,,,,,,,,,,,,,,,,,,,,,,,,,,,,,,,,,,,,,,,,,,,,,,,,,,,,,,,,,,,,,,,,,,,,,,,,,,,,,,,,,,,,,,,,,,,,,,,,,,,,,,,,,,,,,,,,,,,,,,,,,,,,
person-0281,Baltimore,Historian,The Johns Hopkins University,,,,,,,,,,,,,Harvard University,2007.0,2007.0,1,McKinsey,McKinsey & Company,McKinsey,Associate,Jan 2010,Dec 2010,Cornell University ILR School,"Director, Institute for Workplace Studies",The Johns Hopkins University,Professor,Professor,Dec 2023,Present,0,,Columbia University Press,Series Editor,Series Editor,Feb 2011,Present,0.0,,Cornell University,Cornell University,Professor; Associate Professor; Assistant Professor,Aug 2011,Dec 2023,0.0,,Cornell University ILR School,"Director, Institute for Workplace Studies","Director, Institute for Workplace Studies",Sep 2016,Jun 2022,0.0,,Center for Advanced Study in Behavioral Sciences (CASBS),Andrew W. Mellon Foundation Fellow,Andrew W. Mellon Foundation Fellow,Sep 2015,Jun 2016,0.0,,McKinsey & Company,Associate,Associate,Jan 2010,Dec 2010,1.0,McKinsey,American Academy of Arts and Sciences,Visiting Scholar,Visiting Scholar,Sep 2008,May 2009,0.0,,"Harvard University, History Department",Lecturer,Lecturer,Jun 2007,Jun 2008,0.0,,,,,,,,,,,,,,,,,,,,,,,,,,,,,,,,,,,,,,,,,,,,,,,,,,,,,,,,,,,,,,,,,,,,,,,,,,,,,,,,,,,,,,,,,,,,,,,,,,,,,,,,,,,,,,,,,,,,,,,,,,,,,,,,,,,,,,,,,,,,,,,,,,,,,,,,,,,,,,,,,,,,,,,,,
person-0282,Houston,Senior Partner at Contigo Ed,Contigo Ed,,,,,,,,,,,,,The University of Texas at Austin,2017.0,2013.0,1,BCG,Boston Consulting Group (BCG),BCG,Boston Consulting Group (BCG),Sep 2017,May 2021,Contigo Ed,Senior Consultant & Analytics Manager,Contigo Ed,Contigo Ed,"Partner, Analytics; Senior Consultant & Analytics Manager",May 2021,Present,0,,Boston Consulting Group (BCG),Boston Consulting Group (BCG),Consultant; Associate,Sep 2017,May 2021,1.0,BCG,Good Reason Houston,Manager of Strategic Initiatives,Manager of Strategic Initiatives,Jan 2020,Jul 2020,0.0,,ExxonMobil,Reservoir Engineering Intern,Reservoir Engineering Intern,May 2016,Aug 2016,0.0,,BASF,PDP Engineering Intern,PDP Engineering Intern,May 2015,Aug 2015,0.0,,"Schneider Precision, LLC",Summer Intern,Summer Intern,Jun 2014,Aug 2014,0.0,,,,,,,,,,,,,,,,,,,,,,,,,,,,,,,,,,,,,,,,,,,,,,,,,,,,,,,,,,,,,,,,,,,,,,,,,,,,,,,,,,,,,,,,,,,,,,,,,,,,,,,,,,,,,,,,,,,,,,,,,,,,,,,,,,,,,,,,,,,,,,,,,,,,,,,,,,,,,,,,,,,,,,,,,,,,,,,,,,,,,,,
person-0283,,MBA at the Tuck School of Business at Dartmouth | Forté Fellow,COTTON PERU,The Tuck School of Business at Dartmouth,2023.0,2021.0,,,,,,,,,,,2011.0,2009.0,1,BCG,Boston Consulting Group (BCG),BCG,Consultant,Sep 2023,Feb 2025,COTTON PERU,Head of Marketing and Strategic Planning,COTTON PERU,Head of Marketing and Strategic Planning,Head of Marketing and Strategic Planning,Jul 2025,Present,0,,Boston Consulting Group (BCG),Consultant,Consultant,Sep 2023,Feb 2025,1.0,BCG,The Tuck School of Business at Dartmouth,MBA Candidate,MBA Candidate,Jul 2021,Jun 2023,0.0,,Boston Consulting Group (BCG),Summer Consultant,Summer Consultant,Jun 2022,Aug 2022,1.0,BCG,Alicorp,Alicorp,Business Development Lead; Business Development Executive; Corporate Strategy Analyst; Financial Planning Analyst; Financial Planning Jr Analyst,Mar 2016,Jun 2021,0.0,,LAN Peru,Intern,Intern,Feb 2015,Feb 2016,0.0,,Volcan Cia Minera SAA,Intern,Intern,Aug 2014,Feb 2015,0.0,,BBVA Continental,Intern,Intern,Jan 2013,Apr 2013,0.0,,,,,,,,,,,,,,,,,,,,,,,,,,,,,,,,,,,,,,,,,,,,,,,,,,,,,,,,,,,,,,,,,,,,,,,,,,,,,,,,,,,,,,,,,,,,,,,,,,,,,,,,,,,,,,,,,,,,,,,,,,,,,,,,,,,,,,,,,,,,,,,,,,,,,,,,,,,,,,,,,,,,,,,,,
person-0284,New York,"Outsourced Accounting for CPA Firms | Founder, SimplifyFin | CA | Ex-McKinsey | CAS, Audit Prep & Tax Support Expert",SimplifyFin,,,,,,,,,,,,,,,,1,McKinsey,McKinsey & Company,McKinsey,McKinsey & Company,Jul 2016,Mar 2021,Arihant Kothari & Co.,Chartered Accountant,SimplifyFin,Founder,Founder,Jan 2023,Present,0,,Arihant Kothari & Co.,Chartered Accountant,Chartered Accountant,Jul 2022,Present,0.0,,McKinsey & Company,McKinsey & Company,Senior Associate; Associate; Senior Business Analyst; Business Analyst,Jul 2016,Mar 2021,1.0,McKinsey,EY,Intern,Intern,Apr 2013,Apr 2016,0.0,,,,,,,,,,,,,,,,,,,,,,,,,,,,,,,,,,,,,,,,,,,,,,,,,,,,,,,,,,,,,,,,,,,,,,,,,,,,,,,,,,,,,,,,,,,,,,,,,,,,,,,,,,,,,,,,,,,,,,,,,,,,,,,,,,,,,,,,,,,,,,,,,,,,,,,,,,,,,,,,,,,,,,,,,,,,,,,,,,,,,,,,,,,,,,,,,,,,,
person-0285,Princeton,,STARVEST PLC,,,,,,,,,,,,,Harvard Law School,1995.0,1992.0,1,McKinsey,McKinsey & Company,McKinsey,Specialist in an Expert Practice Group,Feb 2006,Aug 2007,Highland Capital Management,Senior Portfolio Analyst,STARVEST PLC,STARVEST PLC,Chief Executive Officer (CEO); Director; Non Executive Director; Consultant,Oct 2018,Present,0,,Timberlake Capital Management,Timberlake Capital Management,Chief Investment Officer; Principal,Jan 2011,Present,0.0,,Princeton Girlchoir,"Board Member, Westrick Music Academy (Princeton Girlchoir & Princeton Boychoir)","Board Member, Westrick Music Academy (Princeton Girlchoir & Princeton Boychoir)",Jun 2019,Present,0.0,,Stuart Country Day School of the Sacred Heart,Stuart Country Day School of the Sacred Heart,"Trustee - Committees served on: Finance, Buildings and Grounds, Investments and Audit (Chair); Co-Chair, The Stuart Fund",Sep 2018,Present,0.0,,Ironbound Capital Management,Senior Analyst,Senior Analyst,Oct 2008,Dec 2010,0.0,,Highland Capital Management,Senior Portfolio Analyst,Senior Portfolio Analyst,Sep 2007,Oct 2008,0.0,,McKinsey & Company,Specialist in an Expert Practice Group,Specialist in an Expert Practice Group,Feb 2006,Aug 2007,1.0,McKinsey,Ironbound Capital Management,Investment Analyst,Investment Analyst,Mar 2004,Jun 2005,0.0,,Zweig-DiMenna Associates,Analyst,Analyst,2002,2004,0.0,,Merrill Lynch Investment Managers (MLIM),Analyst,Analyst,1999,2002,0.0,,Davis Polk & Wardwell,Associate,Associate,1995,1998,0.0,,,,,,,,,,,,,,,,,,,,,,,,,,,,,,,,,,,,,,,,,,,,,,,,,,,,,,,,,,,,,,,,,,,,,,,,,,,,,,,,,,,,,,,,,,,,,,,,,,,,,,,,,,,,,,,,,,,,,,,,,,,,,,,,,,,,,,,,,,,,,,,,,,,,
person-0286,Bethlehem,"Accenture/ Senior Managing Director / Working at the intersection of People, Organizations, and Technology/ International speaker, author, researcher, and advisor to senior executives",Accenture,"Auburn University, College of Business",2000.0,1996.0,,,,"Auburn University, College of Business",2000.0,1996.0,,,,Shippensburg University of Pennsylvania,1989.0,1987.0,1,McKinsey,McKinsey & Company,McKinsey,McKinsey & Company,Aug 2000,Oct 2023,Modern Executive Solutions,Senior Partner,Accenture,Senior Managing Director,Senior Managing Director,Mar 2025,Present,0,,Modern Executive Solutions,Senior Partner,Senior Partner,Oct 2023,Mar 2025,0.0,,McKinsey & Company,McKinsey & Company,Senior Partner Emeritus; Senior Partner; Partner; Associate Partner; Engagement Manager; Associate,Aug 2000,Oct 2023,1.0,McKinsey,KidsPeace National Centers,Treatment Team Leader,Treatment Team Leader,1992,1996,0.0,,,,,,,,,,,,,,,,,,,,,,,,,,,,,,,,,,,,,,,,,,,,,,,,,,,,,,,,,,,,,,,,,,,,,,,,,,,,,,,,,,,,,,,,,,,,,,,,,,,,,,,,,,,,,,,,,,,,,,,,,,,,,,,,,,,,,,,,,,,,,,,,,,,,,,,,,,,,,,,,,,,,,,,,,,,,,,,,,,,,,,,,,,,,,,,,,,,,,
person-0287,,Private Equity Partner | Empowering Businesses | Strategic Growth Advocate,"Apollo Global Management, Inc.",,,,,,,,,,,,,"University of California, Berkeley",2004.0,2001.0,1,McKinsey,McKinsey & Company,McKinsey,McKinsey & Company,Aug 2007,Aug 2016,"Apollo Global Management, Inc.",Vice President,"Apollo Global Management, Inc.","Apollo Global Management, Inc.",Managing Director / Partner; Vice President,Aug 2016,2023,0,,McKinsey & Company,McKinsey & Company,Engagement Manager; Associate,Aug 2007,Aug 2016,1.0,McKinsey,Goldman Sachs,Goldman Sachs,Investment Banking Analyst; Summer Analyst,Jan 2004,Aug 2007,0.0,,,,,,,,,,,,,,,,,,,,,,,,,,,,,,,,,,,,,,,,,,,,,,,,,,,,,,,,,,,,,,,,,,,,,,,,,,,,,,,,,,,,,,,,,,,,,,,,,,,,,,,,,,,,,,,,,,,,,,,,,,,,,,,,,,,,,,,,,,,,,,,,,,,,,,,,,,,,,,,,,,,,,,,,,,,,,,,,,,,,,,,,,,,,,,,,,,,,,,,,,,,,
person-0288,,HR Business Partner & Executive Coach,Citizens,,,,New York University,,,,,,,,,Bryant University,,,1,BCG,Boston Consulting Group (BCG),BCG,"HR Project and Change Senior Manager, Global Services",Dec 2018,Jan 2020,Taddia Consulting,Executive Coach & Development Consultant,Citizens,Citizens,"HR Business Partner, Senior Vice President - Private Bank; HR Business Partner, Vice President - Corporate Functions (Cyber Security, Audit, Legal, Risk); HR Development Consultant, Vice President - Corporate Functions (Cyber Security, Audit, Legal, Risk)",Jan 2020,Present,0,,Taddia Consulting,Executive Coach & Development Consultant,Executive Coach & Development Consultant,Mar 2020,Present,0.0,,Boston Consulting Group (BCG),"HR Project and Change Senior Manager, Global Services","HR Project and Change Senior Manager, Global Services",Dec 2018,Jan 2020,1.0,BCG,State Street,State Street,"Assistant Vice President, Global Human Resources & Investment Manager Services; Talent Management & Corporate Learning and Development; Recruiting Specialist, Global Human Resources: Talent Acquisition",Sep 2012,Nov 2018,0.0,,J.P. Morgan,"Project Manager, Private Bank: Learning and Development","Project Manager, Private Bank: Learning and Development",Feb 2011,Aug 2012,0.0,,Goldman Sachs,"Executive Assistant, Global Corporate Services","Executive Assistant, Global Corporate Services",Aug 2007,Feb 2011,0.0,,Lower Manhattan Development Corporation,"Associate Project Manager, Projects and Programs","Associate Project Manager, Projects and Programs",Jan 2005,Aug 2007,0.0,,,,,,,,,,,,,,,,,,,,,,,,,,,,,,,,,,,,,,,,,,,,,,,,,,,,,,,,,,,,,,,,,,,,,,,,,,,,,,,,,,,,,,,,,,,,,,,,,,,,,,,,,,,,,,,,,,,,,,,,,,,,,,,,,,,,,,,,,,,,,,,,,,,,,,,,,,,,,,,,,,,,,,,,,,,,,,,,
person-0289,New York,MS Artificial Intelligence in Business’26,Fordham Gabelli School of Business,Fordham Gabelli School of Business,2026.0,2025.0,,,,,,,,,,,2017.0,2014.0,1,McKinsey,McKinsey & Company,McKinsey,Capabilities and Insights Analytics Analyst,Nov 2021,Jun 2023,Fordham Gabelli School of Business,Graduate Research And Teaching Assistant,Fordham Gabelli School of Business,Graduate Research And Teaching Assistant,Graduate Research And Teaching Assistant,Feb 2025,Present,0,,McKinsey & Company,Capabilities and Insights Analytics Analyst,Capabilities and Insights Analytics Analyst,Nov 2021,Jun 2023,1.0,McKinsey,The Smart Cube,The Smart Cube,Senior Analyst; Data Analyst,Jul 2019,Oct 2021,0.0,,,,,,,,,,,,,,,,,,,,,,,,,,,,,,,,,,,,,,,,,,,,,,,,,,,,,,,,,,,,,,,,,,,,,,,,,,,,,,,,,,,,,,,,,,,,,,,,,,,,,,,,,,,,,,,,,,,,,,,,,,,,,,,,,,,,,,,,,,,,,,,,,,,,,,,,,,,,,,,,,,,,,,,,,,,,,,,,,,,,,,,,,,,,,,,,,,,,,,,,,,,,
person-0290,New York,"Officer, Head of Global Investment Operations & Services at Vanguard",Vanguard,,,,,,,,,,,,,University of Michigan,2004.0,2003.0,1,McKinsey,McKinsey & Company,McKinsey,Partner,Dec 2014,Oct 2018,Vanguard,"Officer, Head of Strategic Support (Retail Investor Group)",Vanguard,Vanguard,"Officer, Head of Global Investment Operations & Services; Officer, Head of Client Services and Operations (Retail Investor Group); Officer, Head of Strategic Support (Retail Investor Group)",Oct 2018,Present,0,,McKinsey & Company,Partner,Partner,Dec 2014,Oct 2018,1.0,McKinsey,"Strategy&, part of the PwC network (formerly Booz & Company)",Partner Elect (Vice President),Partner Elect (Vice President),Apr 2014,Nov 2014,0.0,,Booz & Company.,Booz & Company.,Principal; Senior Associate; Associate,Apr 2008,Nov 2014,0.0,,Booz Allen Hamilton,Senior Consultant,Senior Consultant,Aug 2006,Mar 2008,0.0,,Lockheed Martin,Operations Leadership Development Program,Operations Leadership Development Program,Jul 2004,Aug 2006,0.0,,,,,,,,,,,,,,,,,,,,,,,,,,,,,,,,,,,,,,,,,,,,,,,,,,,,,,,,,,,,,,,,,,,,,,,,,,,,,,,,,,,,,,,,,,,,,,,,,,,,,,,,,,,,,,,,,,,,,,,,,,,,,,,,,,,,,,,,,,,,,,,,,,,,,,,,,,,,,,,,,,,,,,,,,,,,,,,,,,,,,,,
person-0291,New York,Partnerships at PayPal,PayPal,,,,,,,,,,,,,Brown University,2011.0,2008.0,1,McKinsey,McKinsey & Company,McKinsey,McKinsey & Company,Aug 2018,Feb 2022,PayPal,Digital Wallet Strategy Lead,PayPal,PayPal,"Director, Global Partnerships; Market Insights Lead; Product Lead, Digital Wallet Trust and Customer Success; Digital Wallet Strategy Lead",Feb 2022,Present,0,,McKinsey & Company,McKinsey & Company,Engagement Manager; Associate,Aug 2018,Feb 2022,1.0,McKinsey,Monticello Consulting Group,Senior Consultant,Senior Consultant,Apr 2017,Jul 2018,0.0,,Bridgewater Associates,Bridgewater Associates,Portfolio Construction; Client Service Research Associate,Feb 2013,Dec 2016,0.0,,Deloitte Consulting,Business Analyst,Business Analyst,Aug 2011,Feb 2013,0.0,,Commodity Futures Trading Commission,Research Analyst for the Office of the Chief Economist,Research Analyst for the Office of the Chief Economist,Jun 2010,Aug 2010,0.0,,,,,,,,,,,,,,,,,,,,,,,,,,,,,,,,,,,,,,,,,,,,,,,,,,,,,,,,,,,,,,,,,,,,,,,,,,,,,,,,,,,,,,,,,,,,,,,,,,,,,,,,,,,,,,,,,,,,,,,,,,,,,,,,,,,,,,,,,,,,,,,,,,,,,,,,,,,,,,,,,,,,,,,,,,,,,,,,,,,,,,,
person-0292,Miami,7,SprintQuest Energy Services Ltd,Columbia Business School,2017.0,2015.0,,,,,,,,,,Kyoto University,2008.0,2004.0,1,BCG,Boston Consulting Group (BCG),BCG,Boston Consulting Group (BCG),Oct 2008,Jan 2015,National Youth Service Corps,Corp Member,SprintQuest Energy Services Ltd,ICT / Business Development officer,ICT / Business Development officer,Jan 2020,Apr 2020,0,,Hassan Usman Katsina Polytechnic,Instructor,Instructor,May 2018,Apr 2019,0.0,,National Youth Service Corps,Corp Member,Corp Member,Apr 2018,Mar 2019,0.0,,Boston Consulting Group (BCG),Boston Consulting Group (BCG),Project Manager; Data Analyst,Oct 2008,Jan 2015,1.0,BCG,,,,,,,,,,,,,,,,,,,,,,,,,,,,,,,,,,,,,,,,,,,,,,,,,,,,,,,,,,,,,,,,,,,,,,,,,,,,,,,,,,,,,,,,,,,,,,,,,,,,,,,,,,,,,,,,,,,,,,,,,,,,,,,,,,,,,,,,,,,,,,,,,,,,,,,,,,,,,,,,,,,,,,,,,,,,,,,,,,,,,,,,,,,,,,,,,,,,
person-0293,Seattle,MBA Candidate @ Berkeley Haas ‘26 | McKinsey & Company,"University of California, Berkeley, Haas School of Business","University of California, Berkeley, Haas School of Business",2026.0,2024.0,,,,,,,,,,,2015.0,2014.0,1,McKinsey,McKinsey & Company,McKinsey,McKinsey & Company,Feb 2020,Dec 2022,Unico IDtech,Sr Project Manager | Post Merger Integration | McKinsey’s externship,"University of California, Berkeley, Haas School of Business",MBA Candidate,MBA Candidate,Aug 2024,Present,0,,Amazon,Sr Finance Manager | MBA Summer,Sr Finance Manager | MBA Summer,May 2025,Aug 2025,0.0,,Unico IDtech,Sr Project Manager | Post Merger Integration | McKinsey’s externship,Sr Project Manager | Post Merger Integration | McKinsey’s externship,Dec 2022,May 2024,0.0,,McKinsey & Company,McKinsey & Company,"Sr Business Analyst, Management Consultant; Business Analyst, Management Consultant",Feb 2020,Dec 2022,1.0,McKinsey,Ecorodovias Infraestructure and Logistics,Ecorodovias Infraestructure and Logistics,Strategy and Finance Senior Analyst; Strategy & Finance Trainee - Accelerated Leadership Development Program,Oct 2018,Jan 2020,0.0,,Johnson & Johnson,Procurement Intern - Strategic Sourcing,Procurement Intern - Strategic Sourcing,Mar 2018,Aug 2018,0.0,,Ambev S.A (AB InBev),Manufacturing Management Intern,Manufacturing Management Intern,Aug 2016,Sep 2017,0.0,,Bosch GmbH,Supply Chain & Logistics Intern,Supply Chain & Logistics Intern,Mar 2015,Aug 2015,0.0,,,,,,,,,,,,,,,,,,,,,,,,,,,,,,,,,,,,,,,,,,,,,,,,,,,,,,,,,,,,,,,,,,,,,,,,,,,,,,,,,,,,,,,,,,,,,,,,,,,,,,,,,,,,,,,,,,,,,,,,,,,,,,,,,,,,,,,,,,,,,,,,,,,,,,,,,,,,,,,,,,,,,,,,,
person-0294,Cambridge,"CEO at ClinicalBox, Inc.",ClinicalBox Inc.,,,,"University of California, Los Angeles",,,"Brandeis University, Heller - The Heller School for Social Policy and Management",,,,,,"University of California, Los Angeles",,,1,BCG,The Boston Consulting Group,BCG,Project Leader,Aug 2007,Oct 2011,Harvard Innovation Lab,Venture Incubation Program Mentor & Advisor,ClinicalBox Inc.,CEO & Founder,CEO & Founder,Nov 2011,Present,0,,UCLA Anderson School of Management,Easton Technology Leadership Program - Industry Mentor,Easton Technology Leadership Program - Industry Mentor,Sep 2011,Nov 2020,0.0,,Brandeis University,Visiting Scholar - Care Coordination,Visiting Scholar - Care Coordination,Sep 2013,Sep 2018,0.0,,Harvard Innovation Lab,Venture Incubation Program Mentor & Advisor,Venture Incubation Program Mentor & Advisor,Sep 2013,Jun 2018,0.0,,The Boston Consulting Group,Project Leader,Project Leader,Aug 2007,Oct 2011,1.0,BCG,Amgen,Amgen,Health Economics & Outcomes Researcher; Consultant & Development Operations Researcher,Mar 2004,May 2006,0.0,,Cambridge Health Alliance,Quality of Care Researcher,Quality of Care Researcher,May 2004,Aug 2004,0.0,,Sinaiko Healthcare Consulting,Management Consultant,Management Consultant,Jun 2002,Jun 2003,0.0,,The Coding Source,Strategy & Business Development Lead,Strategy & Business Development Lead,Jun 2002,Jun 2003,0.0,,Klein Mandelblatt & Co.,Bookkeeping Assistant,Bookkeeping Assistant,Jun 2000,Mar 2001,0.0,,,,,,,,,,,,,,,,,,,,,,,,,,,,,,,,,,,,,,,,,,,,,,,,,,,,,,,,,,,,,,,,,,,,,,,,,,,,,,,,,,,,,,,,,,,,,,,,,,,,,,,,,,,,,,,,,,,,,,,,,,,,,,,,,,,,,,,,,,,,,,,,,,,,,,,,,,,
person-0295,New York,Strategy & Planning @ Meta Reality Labs,Meta,NYU Stern School of Business,2024.0,2024.0,,,,,,,,,,,,,1,BCG,Boston Consulting Group (BCG),BCG,Boston Consulting Group (BCG),2018,Aug 2020,Wayfair,"Manager, Strategy & Analytics",Meta,"Lead, Global Strategic Programs | Reality Labs (Global Retail)","Lead, Global Strategic Programs | Reality Labs (Global Retail)",Aug 2025,Present,0,,Microsoft,Microsoft,"Senior Business Planner, Strategic Initiatives; Senior Business Planner, Retail AdTech Product Strategy; Business Planning & Program Manager, Retail AdTech Product Strategy",Aug 2021,Aug 2025,0.0,,Wayfair,"Manager, Strategy & Analytics","Manager, Strategy & Analytics",2020,2021,0.0,,Boston Consulting Group (BCG),Boston Consulting Group (BCG),"Senior Analyst, BCG X; Analyst, BCG X",2018,Aug 2020,1.0,BCG,CBRE,"Associate Project Manager, Analytics","Associate Project Manager, Analytics",Jun 2016,Dec 2017,0.0,,,,,,,,,,,,,,,,,,,,,,,,,,,,,,,,,,,,,,,,,,,,,,,,,,,,,,,,,,,,,,,,,,,,,,,,,,,,,,,,,,,,,,,,,,,,,,,,,,,,,,,,,,,,,,,,,,,,,,,,,,,,,,,,,,,,,,,,,,,,,,,,,,,,,,,,,,,,,,,,,,,,,,,,,,,,,,,,,,,,,,,,,,,,,,
person-0296,Cambridge,Management Consulting,Interim Assignments,Harvard Business School,2005.0,2005.0,,,,,,,,,,,1990.0,1987.0,1,BCG,The Boston Consulting Group,BCG,Project Leader,May 2006,May 2008,BCG,Project Leader,Interim Assignments,Advisor Life Sciences & Health Care,Advisor Life Sciences & Health Care,Mar 2012,Present,0,,Sanofi,"Global Head Strategy, Project Management and Operations Drug Discovery and Early Clinical Dev.","Global Head Strategy, Project Management and Operations Drug Discovery and Early Clinical Dev.",Nov 2010,Feb 2012,0.0,,MDS Inc.,Vice President Strategy & Corporate Development,Vice President Strategy & Corporate Development,May 2008,Jan 2010,0.0,,BCG,Project Leader,Project Leader,2006,2009,1.0,BCG,The Boston Consulting Group,Project Leader,Project Leader,May 2006,May 2008,1.0,BCG,Novartis Institutes for BioMedical Research,Novartis Institutes for BioMedical Research,Associate Director - Finance Strategic Alliances; Associate Director – Global Research Management,Jul 2003,Feb 2006,0.0,,"Novartis International, Corporate - Group Strategic Planning",MBA Summer Intern,MBA Summer Intern,Aug 2002,Oct 2002,0.0,,The Boston Consulting Group,Summer Consultant,Summer Consultant,Jun 2002,Aug 2002,1.0,BCG,Johnson & Johnson,Scientist - Drug Discovery,Scientist - Drug Discovery,Oct 1999,Aug 2001,0.0,,"University of California, Irvine",Postdoctoral Researcher - Feodor-Lynen Research Scholar,Postdoctoral Researcher - Feodor-Lynen Research Scholar,Dec 1997,Sep 1999,0.0,,University of Munich,Graduate Research Assistant,Graduate Research Assistant,Oct 1993,Jun 1997,0.0,,,,,,,,,,,,,,,,,,,,,,,,,,,,,,,,,,,,,,,,,,,,,,,,,,,,,,,,,,,,,,,,,,,,,,,,,,,,,,,,,,,,,,,,,,,,,,,,,,,,,,,,,,,,,,,,,,,,,,,,,,,,,,,,,,,,,,,,,,,,,,,,,,,,
person-0297,Columbus,"Vice President at JPMorgan Chase, MBA",JPMorganChase,The Ohio State University Fisher College of Business,2023.0,2021.0,,,,,,,,,,,2017.0,2011.0,1,McKinsey,McKinsey & Company,McKinsey,Associate Consultant,Feb 2021,Jul 2021,JPMorganChase,"Senior Associate, Chase Associate Program",JPMorganChase,JPMorganChase,"Vice President, Process Improvement Manager, Business Banking Lending Strategy; Senior Associate, Chase Associate Program",Jul 2023,Present,0,,JPMorganChase,Summer Associate,Summer Associate,Jun 2022,Aug 2022,0.0,,McKinsey & Company,Associate Consultant,Associate Consultant,Feb 2021,Jul 2021,1.0,McKinsey,Falconi,Falconi,Consultant; Business Analyst; Business Analyst Trainee,Jul 2017,Feb 2021,0.0,,Anheuser-Busch InBev,People & Management Intern,People & Management Intern,Aug 2016,May 2017,0.0,,Infineum,Project Management Intern,Project Management Intern,Mar 2016,Aug 2016,0.0,,Bayer,Quality Management Intern,Quality Management Intern,Feb 2014,Jan 2016,0.0,,Fisk Centro de Ensino,Assistant English Teacher,Assistant English Teacher,Mar 2011,Jul 2013,0.0,,,,,,,,,,,,,,,,,,,,,,,,,,,,,,,,,,,,,,,,,,,,,,,,,,,,,,,,,,,,,,,,,,,,,,,,,,,,,,,,,,,,,,,,,,,,,,,,,,,,,,,,,,,,,,,,,,,,,,,,,,,,,,,,,,,,,,,,,,,,,,,,,,,,,,,,,,,,,,,,,,,,,,,,,
person-0298,Jersey City,Healthcare strategy professional,EY-Parthenon,,,,,,,,,,,,,Carnegie Mellon University - Heinz College of Information Systems and Public Policy,2019.0,2018.0,1,BCG,Boston Consulting Group (BCG),BCG,Project Leader,Jul 2022,Oct 2023,Alcon,"Senior Manager, Surgical Strategy",EY-Parthenon,Director,Director,Jul 2024,Present,0,,Alcon,"Senior Manager, Surgical Strategy","Senior Manager, Surgical Strategy",Oct 2023,Jul 2024,0.0,,Boston Consulting Group (BCG),Project Leader,Project Leader,Jul 2022,Oct 2023,1.0,BCG,EY-Parthenon,EY-Parthenon,Director; Consultant,Sep 2019,Jun 2022,0.0,,LifeCare Hospitals,Internal Consultant (Intern),Internal Consultant (Intern),Jun 2018,Oct 2018,0.0,,PRISMS Group,Research Consultant,Research Consultant,Mar 2017,Jun 2017,0.0,,Loyola University Medical Center,Research Associate,Research Associate,May 2015,Feb 2017,0.0,,Government Medical College and Hospital,Clinical Intern - Surgery and Internal Medicine,Clinical Intern - Surgery and Internal Medicine,Nov 2014,Apr 2015,0.0,,Loyola University Medical Center,Surgical Intern,Surgical Intern,Aug 2014,Oct 2014,0.0,,Loyola University Medical Center,Research Volunteer,Research Volunteer,Aug 2013,Jun 2014,0.0,,Government Multi Speciality Hospital,Clinical Intern - Emergency Room,Clinical Intern - Emergency Room,Jul 2012,Jun 2013,0.0,,,,,,,,,,,,,,,,,,,,,,,,,,,,,,,,,,,,,,,,,,,,,,,,,,,,,,,,,,,,,,,,,,,,,,,,,,,,,,,,,,,,,,,,,,,,,,,,,,,,,,,,,,,,,,,,,,,,,,,,,,,,,,,,,,,,,,,,,,,,,,,,,,,,
person-0299,Boston,Small business owner and investor,Jim's Landscaping,Babson F.W. Olin Graduate School of Business,,,Boston University,,,,,,,,,University of Maryland - Robert H. Smith School of Business,,,1,BCG,The Boston Consulting Group,BCG,Global Finance Project Leader,Mar 2015,Jul 2022,Gladstone Capital LLC,Principal,Jim's Landscaping,Owner,Owner,Jan 2021,Present,0,,Gladstone Capital LLC,Principal,Principal,2017,Present,0.0,,The Boston Consulting Group,Global Finance Project Leader,Global Finance Project Leader,Mar 2015,Jul 2022,1.0,BCG,Big 4 Bound - Big 4 Recruiting Resource,Owner,Owner,Oct 2016,Dec 2019,0.0,,PwC,PwC,Management Consultant; Associate,Aug 2010,Mar 2015,0.0,,New Markets Venture Partners,Summer Analyst,Summer Analyst,Jun 2010,Aug 2010,0.0,,United States Small Business Administration,Lender Relations,Lender Relations,May 2009,Aug 2009,0.0,,Century Bank,Commercial Loan Underwriting,Commercial Loan Underwriting,Jun 2008,Aug 2008,0.0,,,,,,,,,,,,,,,,,,,,,,,,,,,,,,,,,,,,,,,,,,,,,,,,,,,,,,,,,,,,,,,,,,,,,,,,,,,,,,,,,,,,,,,,,,,,,,,,,,,,,,,,,,,,,,,,,,,,,,,,,,,,,,,,,,,,,,,,,,,,,,,,,,,,,,,,,,,,,,,,,,,,,,,,,
person-0300,Seattle,Strategy @ Carbon Direct | Harvard Climate Sciences | McKinsey,Carbon Direct,,,,,,,,,,,,,Harvard University,,,1,McKinsey,McKinsey & Company,McKinsey,Business Analyst,2022,2024,Carbon Direct,Market Analyst,Carbon Direct,Carbon Direct,Market Strategist; Market Analyst,Apr 2024,Present,0,,McKinsey & Company,Business Analyst,Business Analyst,2022,2024,1.0,McKinsey,Global Impact LLC,Impact Analyst,Impact Analyst,2020,2021,0.0,,,,,,,,,,,,,,,,,,,,,,,,,,,,,,,,,,,,,,,,,,,,,,,,,,,,,,,,,,,,,,,,,,,,,,,,,,,,,,,,,,,,,,,,,,,,,,,,,,,,,,,,,,,,,,,,,,,,,,,,,,,,,,,,,,,,,,,,,,,,,,,,,,,,,,,,,,,,,,,,,,,,,,,,,,,,,,,,,,,,,,,,,,,,,,,,,,,,,,,,,,,,
person-0301,,Learn to love managing your money. YNAB Certified Coach & Household Finance Expert.,The Budget Brain,Duke University - The Fuqua School of Business,2018.0,2016.0,,,,,,,,,,,2006.0,2006.0,1,Bain,Bain & Company,Bain,Consultant,Sep 2018,Dec 2019,Springfield Prep Charter School,Director Of Special Projects,The Budget Brain,Founder and YNAB Certified Budget Coach,Founder and YNAB Certified Budget Coach,Jul 2023,Present,0,,Operation Fuel,Operations Manager,Operations Manager,Nov 2022,Present,0.0,,Springfield Prep Charter School,Director Of Special Projects,Director Of Special Projects,Dec 2019,Dec 2022,0.0,,Bain & Company,Consultant,Consultant,Sep 2018,Dec 2019,1.0,Bain,Duke University - The Fuqua School of Business,Master in Business Administration,Master in Business Administration,Aug 2016,May 2018,0.0,,Bain & Company,Summer Associate,Summer Associate,Jun 2017,Aug 2017,1.0,Bain,"Legrand, North America",Transportation Analyst,Transportation Analyst,Jan 2013,Aug 2016,0.0,,xpedx,Assistant Logistics & Operations Manager,Assistant Logistics & Operations Manager,Sep 2010,Mar 2013,0.0,,C&S Wholesale Grocers,C&S Wholesale Grocers,Process Excellence Analyst; Operations Leader in Development,May 2009,Nov 2010,0.0,,,,,,,,,,,,,,,,,,,,,,,,,,,,,,,,,,,,,,,,,,,,,,,,,,,,,,,,,,,,,,,,,,,,,,,,,,,,,,,,,,,,,,,,,,,,,,,,,,,,,,,,,,,,,,,,,,,,,,,,,,,,,,,,,,,,,,,,,,,,,,,,,,,,,,,,,,,,,,,,,,
person-0302,Buffalo,"SVP, M&T Tech Strategy",M&T Bank,,,,,,,,,,,,,University of Pennsylvania,2016.0,2012.0,1,BCG,The Boston Consulting Group (BCG),BCG,Associate,Aug 2016,Aug 2018,M&T Bank,Transformation Analyst | Enterprise Transformation Office,M&T Bank,M&T Bank,Senior Vice President | Tech Strategy; Fintech and Venture Capital Associate | Venture Group; Transformation Analyst | Enterprise Transformation Office,Nov 2018,Present,0,,The Boston Consulting Group (BCG),Associate,Associate,Aug 2016,Aug 2018,1.0,BCG,,,,,,,,,,,,,,,,,,,,,,,,,,,,,,,,,,,,,,,,,,,,,,,,,,,,,,,,,,,,,,,,,,,,,,,,,,,,,,,,,,,,,,,,,,,,,,,,,,,,,,,,,,,,,,,,,,,,,,,,,,,,,,,,,,,,,,,,,,,,,,,,,,,,,,,,,,,,,,,,,,,,,,,,,,,,,,,,,,,,,,,,,,,,,,,,,,,,,,,,,,,,,,,,,,
person-0303,,Strategy & Finance at Springboard | ex-Bain | Harvard MBA,Springboard,Harvard Business School,,,,,,,,,,,,UNC Kenan-Flagler Business School,,,1,Bain,Bain & Company,Bain,Consultant,Sep 2020,Jun 2022,Springboard,Head of Business Operations and Strategy,Springboard,Springboard,De facto Chief Financial Officer; Director of Strategy and Finance; Head of Business Operations and Strategy,Jul 2022,Present,0,,Bain & Company,Consultant,Consultant,Sep 2020,Jun 2022,1.0,Bain,Bain & Company,Summer Associate,Summer Associate,Jun 2019,Aug 2019,1.0,Bain,"Turner (Turner Broadcasting System, Inc)","Turner (Turner Broadcasting System, Inc)","Manager, Strategic Finance, Turner International; Senior Financial Analyst, Corporate Finance / Mergers & Acquisitions",Jun 2016,May 2018,0.0,,Comcast,CORE Finance Associate,CORE Finance Associate,Jul 2014,Jun 2016,0.0,,Comcast,Finance Internship Program,Finance Internship Program,May 2013,Aug 2013,0.0,,,,,,,,,,,,,,,,,,,,,,,,,,,,,,,,,,,,,,,,,,,,,,,,,,,,,,,,,,,,,,,,,,,,,,,,,,,,,,,,,,,,,,,,,,,,,,,,,,,,,,,,,,,,,,,,,,,,,,,,,,,,,,,,,,,,,,,,,,,,,,,,,,,,,,,,,,,,,,,,,,,,,,,,,,,,,,,,,,,,,,,
person-0304,New York,Co-founder of The Economic Justice Partnership | Senior Business Analyst at Capital One,The Economic Justice Partnership,The Wharton School,2023.0,2019.0,,,,,,,,,,,2017.0,2017.0,1,"Bain, McKinsey",McKinsey & Company,McKinsey,Launch: Leadership Incubator,Apr 2021,Apr 2021,Black Wharton Consulting,Consultant,The Economic Justice Partnership,Co-Founder,Co-Founder,Oct 2021,Present,0,,Capital One,Senior Business Analyst,Senior Business Analyst,Aug 2023,Present,0.0,,University of Pennsylvania,University of Pennsylvania,Makuu Associate; Office Manager,Sep 2019,Jun 2023,0.0,,Capital One,Product Management and Analytics Intern,Product Management and Analytics Intern,May 2022,Aug 2022,0.0,,Black Wharton Consulting,Black Wharton Consulting,Chair of Membership; Consultant,Jan 2020,Jan 2022,0.0,,Bain & Company,BEL Intern,BEL Intern,Aug 2021,Aug 2021,1.0,Bain,Capital One,Product Management and Analytics Intern,Product Management and Analytics Intern,Jun 2021,Aug 2021,0.0,,McKinsey & Company,Launch: Leadership Incubator,Launch: Leadership Incubator,Apr 2021,Apr 2021,1.0,McKinsey,Accenture,Innovation Challenge Participant,Innovation Challenge Participant,Jan 2021,Feb 2021,0.0,,DALS Credit Solutions,Marketing Coordinator,Marketing Coordinator,May 2020,Sep 2020,0.0,,Sterling National Bank,Client Service Associate,Client Service Associate,Jun 2018,Sep 2018,0.0,,,,,,,,,,,,,,,,,,,,,,,,,,,,,,,,,,,,,,,,,,,,,,,,,,,,,,,,,,,,,,,,,,,,,,,,,,,,,,,,,,,,,,,,,,,,,,,,,,,,,,,,,,,,,,,,,,,,,,,,,,,,,,,,,,,,,,,,,,,,,,,,,,,,
person-0305,,Strategic Initiatives | M&A | Divestitures & Separation | Wind-down & Liquidation | Sustainability | Complex Global Projects,Bayer,Harvard Business School Executive Education,2022.0,2022.0,,,,,,,,,,,,,1,McKinsey,McKinsey & Company,McKinsey,Consultant,2003,2004,Schering Plough,Sr. Manager Finance - Global Business Operations,Bayer,"Vice President Global Strategic Finance, Sustainability and Portfolio Strategy","Vice President Global Strategic Finance, Sustainability and Portfolio Strategy",Feb 2015,Present,0,,"Noho Health, Inc. doing busines as Care/of",Board of Directors and Acting President,Board of Directors and Acting President,Jul 2024,Present,0.0,,Merck,Merck,"Associate Vice President Pharmaceutical Business Development Strategy, Divestitures and Analytics; Executive Director, New Ventures and Strategic Commercial Development",Jan 2009,Feb 2015,0.0,,Schering-Plough,Director Finance - Business Development,Director Finance - Business Development,2006,2009,0.0,,Schering Plough,Sr. Manager Finance - Global Business Operations,Sr. Manager Finance - Global Business Operations,2004,2006,0.0,,McKinsey & Company,Consultant,Consultant,2003,2004,1.0,McKinsey,Bloomberg,Mortgage Bond Modeler,Mortgage Bond Modeler,1992,2000,0.0,,,,,,,,,,,,,,,,,,,,,,,,,,,,,,,,,,,,,,,,,,,,,,,,,,,,,,,,,,,,,,,,,,,,,,,,,,,,,,,,,,,,,,,,,,,,,,,,,,,,,,,,,,,,,,,,,,,,,,,,,,,,,,,,,,,,,,,,,,,,,,,,,,,,,,,,,,,,,,,,,,,,,,,,,,,,,,,,
person-0306,New York,Senior Partner at McKinsey & Company,The Stamford Partnership,,,,,,,,,,,,,New York University,2007.0,2005.0,1,McKinsey,McKinsey & Company,McKinsey,Business Analyst,May 2003,Jun 2005,McKinsey & Company,Associate,The Stamford Partnership,Board Member,Board Member,Apr 2023,Present,0,,Social Impact Partners,Board Member,Board Member,Jul 2022,Present,0.0,,McKinsey & Company,McKinsey & Company,Senior Partner; Partner; Associate Principal; Engagement Manager; Associate,Nov 2007,Present,1.0,McKinsey,JPMorgan Chase & Co.,Associate (Summer internship) - Investment Banking,Associate (Summer internship) - Investment Banking,Jun 2006,Sep 2006,0.0,,McKinsey & Company,Business Analyst,Business Analyst,May 2003,Jun 2005,1.0,McKinsey,,,,,,,,,,,,,,,,,,,,,,,,,,,,,,,,,,,,,,,,,,,,,,,,,,,,,,,,,,,,,,,,,,,,,,,,,,,,,,,,,,,,,,,,,,,,,,,,,,,,,,,,,,,,,,,,,,,,,,,,,,,,,,,,,,,,,,,,,,,,,,,,,,,,,,,,,,,,,,,,,,,,,,,,,,,,,,,,,,,,,,,,,,,,,
person-0307,,MBA Candidate at MIT Sloan,Deloitte Digital,MIT Sloan School of Management,2027.0,2025.0,,,,,,,,,,,2017.0,2010.0,1,McKinsey,McKinsey & Company,McKinsey,2nd Place in Solve It UK 2020 Case Competition,Mar 2020,Apr 2020,Warwick Moto,Team Member,MIT Sloan School of Management,MBA Candidate,MBA Candidate,Jul 2025,Present,0,,Deloitte Digital,Deloitte Digital,Senior Consultant; Consultant; Business Analyst,Feb 2021,May 2025,0.0,,The Keeping Up Project,Graphic Design Intern,Graphic Design Intern,Oct 2020,May 2021,0.0,,"CleverClogs, the online tutoring company",Tutor,Tutor,Sep 2020,May 2021,0.0,,Pallihill Group,Head Of Marketing,Head Of Marketing,Oct 2020,Feb 2021,0.0,,Personal Tutor,Personal Tutor,Personal Tutor,Sep 2016,Sep 2020,0.0,,Warwick Moto,Warwick Moto,Marketing Manager; Team Member,Mar 2019,Jun 2020,0.0,,University of Warwick,Mathematics Student Mentor,Mathematics Student Mentor,Oct 2018,Jun 2020,0.0,,McKinsey & Company,2nd Place in Solve It UK 2020 Case Competition,2nd Place in Solve It UK 2020 Case Competition,Mar 2020,Apr 2020,1.0,McKinsey,Deloitte Consulting,Summer Vacation Scheme Intern,Summer Vacation Scheme Intern,Jul 2019,Aug 2019,0.0,,University of Warwick Amateur Boxing Club,Charities Officer,Charities Officer,Oct 2018,Jun 2019,0.0,,Bright Network,Technology Top 150,Technology Top 150,Sep 2018,Sep 2018,0.0,,Amazon,Loss Prevention Intern,Loss Prevention Intern,Jun 2018,Sep 2018,0.0,,First Class Learning Ltd.,Tutor,Tutor,Sep 2016,Feb 2017,0.0,,Young Enterprise,Director of Finance,Director of Finance,Sep 2015,May 2016,0.0,,Princess Alexandra Hospital NHS Trust,Work Experience,Work Experience,Apr 2016,Apr 2016,0.0,,PRESSBEAU LIMITED,Office Assistant,Office Assistant,Feb 2016,Feb 2016,0.0,,Eric Parry Architects,Architectural Assistant,Architectural Assistant,Jun 2015,Jul 2015,0.0,,,,,,,,,,,,,,,,,,,,,,,,,,,,,,,,,,,,,,,,,,,,,,,,,,,,,,,,,,,,,,,,,,,,,,,,,,,,,,,,,,,,,,,,,,,,,,,,,,,
person-0308,,Technology Strategy and Operations | Ex-McKinsey,Walmart,,,,,,,,,,,,,Arizona State University,,,1,McKinsey,McKinsey & Company,McKinsey,McKinsey & Company,Feb 2021,Jan 2024,Walmart,"Senior Manager, Enterprise Strategy",Walmart,Walmart,"Associate Director, Strategy and Operations; Senior Manager, Enterprise Strategy",Jan 2024,Present,0,,McKinsey & Company,McKinsey & Company,Engagement Manager; Senior Business Analyst; Business Analyst,Feb 2021,Jan 2024,1.0,McKinsey,Johns Hopkins Hospital,Strategy Consultant,Strategy Consultant,Feb 2019,Jan 2021,0.0,,Desert Jewel Clinic,Patient Relations Liaison,Patient Relations Liaison,Mar 2016,Feb 2018,0.0,,Mayo Clinic,Externship,Externship,Jun 2016,Nov 2016,0.0,,Arizona State University,Biodesign Research Assistant,Biodesign Research Assistant,Jun 2015,Apr 2016,0.0,,,,,,,,,,,,,,,,,,,,,,,,,,,,,,,,,,,,,,,,,,,,,,,,,,,,,,,,,,,,,,,,,,,,,,,,,,,,,,,,,,,,,,,,,,,,,,,,,,,,,,,,,,,,,,,,,,,,,,,,,,,,,,,,,,,,,,,,,,,,,,,,,,,,,,,,,,,,,,,,,,,,,,,,,,,,,,,,,,,,,,,
person-0309,Arlington,Corporate Strategy @ Humana | Ex-BCG,Humana,,,,,,,,,,,,,Amherst College,2022.0,2018.0,1,BCG,Boston Consulting Group (BCG),BCG,Associate,Aug 2022,Dec 2023,Humana,Corporate Strategy - Consultant,Humana,Humana,Corporate Strategy - Strategist; Corporate Strategy - Consultant,Jan 2024,Present,0,,Boston Consulting Group (BCG),Associate,Associate,Aug 2022,Dec 2023,1.0,BCG,Access Afya,Design Intern,Design Intern,Jun 2021,Aug 2021,0.0,,Estim Construction Co. Ltd.,Architectural Intern,Architectural Intern,Jun 2020,Aug 2020,0.0,,,,,,,,,,,,,,,,,,,,,,,,,,,,,,,,,,,,,,,,,,,,,,,,,,,,,,,,,,,,,,,,,,,,,,,,,,,,,,,,,,,,,,,,,,,,,,,,,,,,,,,,,,,,,,,,,,,,,,,,,,,,,,,,,,,,,,,,,,,,,,,,,,,,,,,,,,,,,,,,,,,,,,,,,,,,,,,,,,,,,,,,,,,,,,,,,,,,,
person-0310,San Francisco,Talent Acquisition Recruiting Lead | ex-Meta,Meta,,,,,,,,,,,,,Texas Christian University,,,1,BCG,The Boston Consulting Group,BCG,North America Advanced Degree Recruiting Lead,Apr 2015,Mar 2018,Meta,"Design Recruiter, Emerging Talent",Meta,Meta,"Recruiting Lead; Design Recruiter, Emerging Talent",Jul 2018,Nov 2022,0,,The Boston Consulting Group,North America Advanced Degree Recruiting Lead,North America Advanced Degree Recruiting Lead,Apr 2015,Mar 2018,1.0,BCG,Sabre Corporation,Sabre Corporation,Recruiter; Talent Acquisition Coordinator,Apr 2013,Apr 2015,0.0,,Ernst & Young,Ernst & Young,Operations Analyst Associate; Operations Coordinator,Apr 2011,Apr 2013,0.0,,,,,,,,,,,,,,,,,,,,,,,,,,,,,,,,,,,,,,,,,,,,,,,,,,,,,,,,,,,,,,,,,,,,,,,,,,,,,,,,,,,,,,,,,,,,,,,,,,,,,,,,,,,,,,,,,,,,,,,,,,,,,,,,,,,,,,,,,,,,,,,,,,,,,,,,,,,,,,,,,,,,,,,,,,,,,,,,,,,,,,,,,,,,,,,,,,,,,
person-0311,Roswell,AI Consultant | Social Media Manager | Social Media Marketing Strategist | Content Creator,The Social Solutions Agency LLC,,,,,,,,,,,,,Claflin University,2015.0,2011.0,1,BCG,Boston Consulting Group (BCG),BCG,Accounts Payable Specialist,Sep 2021,Jun 2022,The Social Solutions Agency LLC,Social Media Consultant,The Social Solutions Agency LLC,Social Media Consultant,Social Media Consultant,Sep 2021,Present,0,,Boston Consulting Group (BCG),Accounts Payable Specialist,Accounts Payable Specialist,Sep 2021,Jun 2022,1.0,BCG,Oldcastle Infrastructure,Accounts Payable Specialist,Accounts Payable Specialist,Mar 2021,Sep 2021,0.0,,Road To Royalty,Executive Director,Executive Director,Jan 2016,Sep 2021,0.0,,Go Sleek,Showroom Coordinator,Showroom Coordinator,Jul 2020,Dec 2020,0.0,,Cabot Corporation,Cabot Corporation,Accounts Payable Clerk; Accounts Payable Clerk,Apr 2019,Feb 2020,0.0,,SalonCentric - A Subsidiary of L'Oreal USA,SalonCentric - A Subsidiary of L'Oreal USA,Retail Salesperson; Parttime Sales Associate,Jun 2019,Nov 2019,0.0,,Sherwin-Williams,Sherwin-Williams,Customer Service Representative; Accounts Receivable Specialist; Assistant Manager; Assistant Manager,Jan 2016,Apr 2019,0.0,,Walt Disney World,College Program Intern,College Program Intern,May 2013,Jan 2014,0.0,,,,,,,,,,,,,,,,,,,,,,,,,,,,,,,,,,,,,,,,,,,,,,,,,,,,,,,,,,,,,,,,,,,,,,,,,,,,,,,,,,,,,,,,,,,,,,,,,,,,,,,,,,,,,,,,,,,,,,,,,,,,,,,,,,,,,,,,,,,,,,,,,,,,,,,,,,,,,,,,,,
person-0312,Denver,Director of Strategy at DaVita | Ex-McKinsey | Engineer,DaVita Kidney Care,,,,,,,,,,,,,Princeton University,2017.0,2013.0,1,McKinsey,McKinsey & Company,McKinsey,Business Analyst,Aug 2017,Aug 2019,Gates Ventures,"Program Analyst, Health and Life Sciences",DaVita Kidney Care,Director of Strategy,Director of Strategy,Jun 2025,Present,0,,McKinsey & Company,Senior Consultant,Senior Consultant,Oct 2023,Jun 2025,1.0,McKinsey,CVS Health,"Manager, Rx Product Development","Manager, Rx Product Development",May 2022,Oct 2023,0.0,,Gates Ventures,Gates Ventures,"Manager, Child Health, Health & Life Sciences; Program Analyst, Health and Life Sciences",Aug 2019,May 2022,0.0,,McKinsey & Company,Business Analyst,Business Analyst,Aug 2017,Aug 2019,1.0,McKinsey,PRINCO (Princeton University Investment Company),Summer Analyst,Summer Analyst,Jun 2016,Aug 2016,0.0,,Hewlett-Packard Enterprise,Enterprise Storage Intern,Enterprise Storage Intern,Jun 2015,Sep 2015,0.0,,Hewlett-Packard,Enterprise Storage Intern,Enterprise Storage Intern,Jun 2014,Aug 2014,0.0,,Mathnasium,Mathematics Instructor,Mathematics Instructor,May 2012,Aug 2013,0.0,,,,,,,,,,,,,,,,,,,,,,,,,,,,,,,,,,,,,,,,,,,,,,,,,,,,,,,,,,,,,,,,,,,,,,,,,,,,,,,,,,,,,,,,,,,,,,,,,,,,,,,,,,,,,,,,,,,,,,,,,,,,,,,,,,,,,,,,,,,,,,,,,,,,,,,,,,,,,,,,,,
person-0313,Minneapolis,Corporate Development and Strategy Executive | Digital Infrastructure Expert | Harvard MBA and McKinsey Alum,Gateway Fiber,Harvard Business School,2013.0,2011.0,,,,,,,,,,,2008.0,2004.0,1,McKinsey,McKinsey & Company,McKinsey,Business Analyst,Sep 2008,Jun 2010,TechnoServe,Volunteer Consultant,Midcontinent,Midcontinent,VP of Corporate Development; Senior Director of Corporate Development; Director of Corporate Development,Oct 2018,Jun 2025,0,,General Mills,General Mills,Marketing Manager; Senior Associate Marketing Manager; Associate Marketing Manager,Aug 2013,Sep 2018,0.0,,LVMH,Associate Brand Manager Intern,Associate Brand Manager Intern,Jun 2012,Aug 2012,0.0,,McKinsey & Company,Senior Business Analyst,Senior Business Analyst,Nov 2010,Aug 2011,1.0,McKinsey,TechnoServe,Volunteer Consultant,Volunteer Consultant,Jul 2010,Oct 2010,0.0,,McKinsey & Company,Business Analyst,Business Analyst,Sep 2008,Jun 2010,1.0,McKinsey,,,,,,,,,,,,,,,,,,,,,,,,,,,,,,,,,,,,,,,,,,,,,,,,,,,,,,,,,,,,,,,,,,,,,,,,,,,,,,,,,,,,,,,,,,,,,,,,,,,,,,,,,,,,,,,,,,,,,,,,,,,,,,,,,,,,,,,,,,,,,,,,,,,,,,,,,,,,,,,,,,,,,,,,,,,,,,,,,,,,,,
person-0314,Cupertino,Management Consulting and Strategic Planning,Booz Allen Hamilton Pte Ltd,MIT Sloan School of Management,,,,,,Harvard Business School,,,,,,,,,1,"BCG, Bain",Boston Consulting Group (BCG),BCG,Boston Consulting Group (BCG),2007,2012,Bain & Company,Consultant,Booz Allen Hamilton Pte Ltd,Booz Allen Hamilton Pte Ltd,Senior Engineer; Project Manager,2019,Present,0,,Bain & Company,Bain & Company,Senior Consultant; Consultant,2012,2019,1.0,Bain,Boston Consulting Group (BCG),Boston Consulting Group (BCG),Assistant Consultant; Analyst,2007,2012,1.0,BCG,,,,,,,,,,,,,,,,,,,,,,,,,,,,,,,,,,,,,,,,,,,,,,,,,,,,,,,,,,,,,,,,,,,,,,,,,,,,,,,,,,,,,,,,,,,,,,,,,,,,,,,,,,,,,,,,,,,,,,,,,,,,,,,,,,,,,,,,,,,,,,,,,,,,,,,,,,,,,,,,,,,,,,,,,,,,,,,,,,,,,,,,,,,,,,,,,,,,,,,,,,,
person-0315,,Senior Customer Success Manager,AppOmni,,,,,,,,,,,,,University at Buffalo,2004.0,2000.0,1,BCG,The Boston Consulting Group,BCG,IT Specialist,Jul 2007,Aug 2009,FlexTrade,Senior Desktop Support Analyst,AppOmni,Senior Customer Success Manager,Senior Customer Success Manager,Dec 2024,Present,0,,SecurityScorecard,Senior Customer Success Manager,Senior Customer Success Manager,Nov 2022,Nov 2024,0.0,,Public Wise,Cyber Security Consultant,Cyber Security Consultant,Mar 2021,Nov 2022,0.0,,SecurityScorecard,Customer Success Manager,Customer Success Manager,May 2019,Apr 2020,0.0,,Thrive,Technical Account Manager,Technical Account Manager,Jun 2018,Apr 2019,0.0,,Sharebite,AWS Solutions Architect,AWS Solutions Architect,Sep 2017,Jun 2018,0.0,,FlexTrade,FlexTrade,Systems Administrator; Senior Desktop Support Analyst,Mar 2010,Sep 2017,0.0,,The Boston Consulting Group,IT Specialist,IT Specialist,Jul 2007,Aug 2009,1.0,BCG,Nobel Biocare,IT Coordinator,IT Coordinator,May 2004,Jul 2007,0.0,,,,,,,,,,,,,,,,,,,,,,,,,,,,,,,,,,,,,,,,,,,,,,,,,,,,,,,,,,,,,,,,,,,,,,,,,,,,,,,,,,,,,,,,,,,,,,,,,,,,,,,,,,,,,,,,,,,,,,,,,,,,,,,,,,,,,,,,,,,,,,,,,,,,,,,,,,,,,,,,,,
person-0316,Bethesda,Climate Strategy Specialist at IFC | Public Policy Expert for EMs,IFC - International Finance Corporation,,,,,,,,,,,,,Harvard Kennedy School,2021.0,2019.0,1,McKinsey,McKinsey & Company,McKinsey,Knowledge Specialist,Jan 2022,Dec 2022,IFC - International Finance Corporation,Economist - Climate Focus,IFC - International Finance Corporation,Economist - Climate Focus,Economist - Climate Focus,Dec 2022,Present,0,,McKinsey & Company,Knowledge Specialist,Knowledge Specialist,Jan 2022,Dec 2022,1.0,McKinsey,Universidad Peruana de Ciencias Aplicadas,Faculty Lecturer,Faculty Lecturer,Aug 2021,Dec 2021,0.0,,ProInversión Peru,Technical Advisor - Executive Directorate,Technical Advisor - Executive Directorate,Aug 2021,Dec 2021,0.0,,Moody's Investors Service,Sovereign Debt Team,Sovereign Debt Team,Jun 2020,Jul 2020,0.0,,Ministerio de Economía y Finanzas del Perú,Ministerio de Economía y Finanzas del Perú,Advisor; Head of Macroeconomic Policies,Mar 2015,Aug 2019,0.0,,APOYO Consultoría,APOYO Consultoría,Senior consultant; Intern,Jan 2010,Feb 2015,0.0,,Universidad del Pacifico,Teaching Fellow,Teaching Fellow,Apr 2011,Jul 2011,0.0,,Pontificia Universidad Catolica del Peru,Teaching assistant,Teaching assistant,Mar 2010,Dec 2010,0.0,,,,,,,,,,,,,,,,,,,,,,,,,,,,,,,,,,,,,,,,,,,,,,,,,,,,,,,,,,,,,,,,,,,,,,,,,,,,,,,,,,,,,,,,,,,,,,,,,,,,,,,,,,,,,,,,,,,,,,,,,,,,,,,,,,,,,,,,,,,,,,,,,,,,,,,,,,,,,,,,,,
person-0317,,"Founder, FurtherLearning LLC",FurtherLearning LLC,,,,,,,,,,,,,Bryn Mawr College,,,1,BCG,The Boston Consulting Group,BCG,The Boston Consulting Group,1987,1991,Fidelity Investments,"Director, Business Planning & Analysis, Fidelity Management & Research Co.",FurtherLearning LLC,Founder,Founder,2017,Present,0,,FurtherLearning LLC,Consultant,Consultant,2011,2016,0.0,,Fidelity Foundation,Fidelity Foundation,"VP, Administration; Director of Management Resources",1997,2011,0.0,,Fidelity Investments,Fidelity Investments,"VP, Marketing & Client Services, Fidelity Tax-Exempt Services Company; Marketing Director, Fidelity Tax-Exempt Services Company; Director, Business Planning & Analysis, Fidelity Management & Research Co.",1992,1997,0.0,,The Boston Consulting Group,The Boston Consulting Group,Case Leader; Consultant,1987,1991,1.0,BCG,Booz Allen Hamilton,Research Associate,Research Associate,1983,1984,0.0,,,,,,,,,,,,,,,,,,,,,,,,,,,,,,,,,,,,,,,,,,,,,,,,,,,,,,,,,,,,,,,,,,,,,,,,,,,,,,,,,,,,,,,,,,,,,,,,,,,,,,,,,,,,,,,,,,,,,,,,,,,,,,,,,,,,,,,,,,,,,,,,,,,,,,,,,,,,,,,,,,,,,,,,,,,,,,,,,,,,,,,
person-0318,Boston,Investor @ TSVF | MBA Candidate at The Tuck School of Business at Dartmouth,Tuck Social Venture Fund,The Tuck School of Business at Dartmouth,2026.0,2024.0,,,,,,,,,,,,,1,McKinsey,McKinsey & Company,McKinsey,McKinsey & Company,Oct 2021,Aug 2024,Tuck Social Venture Fund,Director,Tuck Social Venture Fund,Director,Director,Apr 2025,Present,0,,Activate,Investments MBA Intern,Investments MBA Intern,Jun 2025,Aug 2025,0.0,,McKinsey & Company,McKinsey & Company,Specialist; Senior Analyst,Oct 2021,Aug 2024,1.0,McKinsey,MathWorks,MathWorks,"Pricing Analyst; Senior Accounting Associate; Revenue, Accounting, & Controls Associate",Jul 2017,Oct 2021,0.0,,John Hancock Financial Services,Project Coorindator,Project Coorindator,Jul 2014,Dec 2014,0.0,,Apple,Specialist,Specialist,Nov 2013,Jun 2014,0.0,,,,,,,,,,,,,,,,,,,,,,,,,,,,,,,,,,,,,,,,,,,,,,,,,,,,,,,,,,,,,,,,,,,,,,,,,,,,,,,,,,,,,,,,,,,,,,,,,,,,,,,,,,,,,,,,,,,,,,,,,,,,,,,,,,,,,,,,,,,,,,,,,,,,,,,,,,,,,,,,,,,,,,,,,,,,,,,,,,,,,,,
person-0319,,Cleantech | Harvard MBA | BCG | IIT Delhi,Lunar Energy,Harvard Business School,2025.0,2023.0,,,,,,,,,,,2018.0,2014.0,1,BCG,Boston Consulting Group (BCG),BCG,Boston Consulting Group (BCG),Sep 2018,Mar 2021,KOIS,Senior Analyst,Lunar Energy,Product Finance Manager,Product Finance Manager,Jul 2025,Present,0,,Blackhorn Ventures,MBA Intern,MBA Intern,Jan 2025,May 2025,0.0,,Actis,Summer Associate,Summer Associate,Jun 2024,Aug 2024,0.0,,Developing World Markets,Summer Associate,Summer Associate,May 2023,Jul 2023,0.0,,KOIS,KOIS,Associate; Senior Analyst,Mar 2021,May 2023,0.0,,Boston Consulting Group (BCG),Boston Consulting Group (BCG),Senior Associate; Associate,Sep 2018,Mar 2021,1.0,BCG,Swasth,CEO's office,CEO's office,Sep 2020,Mar 2021,0.0,,Indian Institute of Management Ahmedabad,Research Assistant,Research Assistant,May 2018,Aug 2018,0.0,,"Student Affairs Council, IIT Delhi",General Secretary,General Secretary,Apr 2017,Mar 2018,0.0,,ITC Limited,KITES Intern,KITES Intern,May 2017,Jul 2017,0.0,,"Indian Institute of Technology, Delhi",Summer Undergraduate Research Awardee,Summer Undergraduate Research Awardee,May 2016,Jul 2016,0.0,,,,,,,,,,,,,,,,,,,,,,,,,,,,,,,,,,,,,,,,,,,,,,,,,,,,,,,,,,,,,,,,,,,,,,,,,,,,,,,,,,,,,,,,,,,,,,,,,,,,,,,,,,,,,,,,,,,,,,,,,,,,,,,,,,,,,,,,,,,,,,,,,,,,
person-0320,San Jose,Product @ Adobe,Adobe,Indian School of Business,2014.0,2013.0,,,,,,,,,,,2009.0,2005.0,1,McKinsey,McKinsey & Company,McKinsey,McKinsey & Company,Jul 2014,Sep 2016,MakeMyTrip.com,Business strategy,Adobe,Adobe,Group Product Manager; Principal Product Manager; Senior Product Manager; Product Manager,May 2018,Present,0,,MakeMyTrip.com,Business strategy,Business strategy,Oct 2016,Apr 2018,0.0,,McKinsey & Company,McKinsey & Company,Associate; Junior Associate,Jul 2014,Sep 2016,1.0,McKinsey,Adobe,Adobe,Software Engineer - Level 2; Software Engineer; Software Quality Engineer,Jun 2009,Mar 2013,0.0,,,,,,,,,,,,,,,,,,,,,,,,,,,,,,,,,,,,,,,,,,,,,,,,,,,,,,,,,,,,,,,,,,,,,,,,,,,,,,,,,,,,,,,,,,,,,,,,,,,,,,,,,,,,,,,,,,,,,,,,,,,,,,,,,,,,,,,,,,,,,,,,,,,,,,,,,,,,,,,,,,,,,,,,,,,,,,,,,,,,,,,,,,,,,,,,,,,,,
person-0321,,Senior Research Associate at Bernstein | Columbia Business School MBA | Value Investing Program | Ex Bain & Company,Bernstein,Columbia Business School,2024.0,2022.0,,,,,,,,,,,2012.0,2008.0,1,Bain,Bain & Company,Bain,Bain & Company,Sep 2018,Jul 2022,Bernstein,Senior Research Associate,Bernstein,Senior Research Associate,Senior Research Associate,Jun 2024,Present,0,,Columbia Business School,MBA Candidate,MBA Candidate,Aug 2022,May 2024,0.0,,AllianceBernstein,Senior Research Associate Intern,Senior Research Associate Intern,Jun 2023,Aug 2023,0.0,,Bain & Company,Bain & Company,Consultant; Senior Associate Consultant; Associate Consultant,Sep 2018,Jul 2022,1.0,Bain,EY,Corporate Finance Senior Analyst,Corporate Finance Senior Analyst,Feb 2018,Aug 2018,0.0,,,,,,,,,,,,,,,,,,,,,,,,,,,,,,,,,,,,,,,,,,,,,,,,,,,,,,,,,,,,,,,,,,,,,,,,,,,,,,,,,,,,,,,,,,,,,,,,,,,,,,,,,,,,,,,,,,,,,,,,,,,,,,,,,,,,,,,,,,,,,,,,,,,,,,,,,,,,,,,,,,,,,,,,,,,,,,,,,,,,,,,,,,,,,,
person-0322,San Clemente,Co-founder and CEO | chrt.com (YC X25),"CHRT, Inc.",,,,,,,,,,,,,Y Combinator,2025.0,2025.0,1,McKinsey,McKinsey & Company,McKinsey,Business Analyst,Aug 2019,May 2021,Airspace,Strategy Associate,"CHRT, Inc.",Co-founder and CEO,Co-founder and CEO,Jan 2025,Present,0,,Airspace,Airspace,Strategy Manager; Strategy Associate,May 2021,Feb 2025,0.0,,McKinsey & Company,Business Analyst,Business Analyst,Aug 2019,May 2021,1.0,McKinsey,ExxonMobil,Fixed Equipment Engineering Intern,Fixed Equipment Engineering Intern,May 2018,Aug 2018,0.0,,Texas A&M University,Undergraduate Student Researcher,Undergraduate Student Researcher,Sep 2016,Dec 2017,0.0,,Boeing,Engineering Intern,Engineering Intern,May 2017,Aug 2017,0.0,,NASA - National Aeronautics and Space Administration,NASA Extreme Environment Mission Operations (NEEMO),NASA Extreme Environment Mission Operations (NEEMO),Jul 2014,Aug 2014,0.0,,,,,,,,,,,,,,,,,,,,,,,,,,,,,,,,,,,,,,,,,,,,,,,,,,,,,,,,,,,,,,,,,,,,,,,,,,,,,,,,,,,,,,,,,,,,,,,,,,,,,,,,,,,,,,,,,,,,,,,,,,,,,,,,,,,,,,,,,,,,,,,,,,,,,,,,,,,,,,,,,,,,,,,,,,,,,,,,
person-0323,Chicago,"Senior Manager, Analytics Strategy at US Foods | Ex-McKinsey",US Foods,University of Michigan,,,,,,,,,,,,California Polytechnic State University-San Luis Obispo,,,1,McKinsey,McKinsey & Company,McKinsey,Associate,Oct 2022,Sep 2024,US Foods,"Senior Manager, Analytics Strategy",US Foods,"Senior Manager, Analytics Strategy","Senior Manager, Analytics Strategy",Dec 2024,Present,0,,McKinsey & Company,Associate,Associate,Oct 2022,Sep 2024,1.0,McKinsey,Amazon,Pathways Operations Manager,Pathways Operations Manager,Jul 2021,Sep 2022,0.0,,Amazon,Pathways Operations Manager Intern,Pathways Operations Manager Intern,Jun 2020,Aug 2020,0.0,,CARS45,MBA Consultant,MBA Consultant,Mar 2020,Apr 2020,0.0,,Deloitte Consulting,Deloitte Consulting,Consultant; Business Technology Analyst,Sep 2015,Jul 2019,0.0,,Deloitte Consulting,Technology Summer Scholar Intern,Technology Summer Scholar Intern,Jun 2014,Aug 2014,0.0,,Cisco,Financial Analyst Intern,Financial Analyst Intern,Jun 2013,Aug 2013,0.0,,,,,,,,,,,,,,,,,,,,,,,,,,,,,,,,,,,,,,,,,,,,,,,,,,,,,,,,,,,,,,,,,,,,,,,,,,,,,,,,,,,,,,,,,,,,,,,,,,,,,,,,,,,,,,,,,,,,,,,,,,,,,,,,,,,,,,,,,,,,,,,,,,,,,,,,,,,,,,,,,,,,,,,,,
person-0324,Ann Arbor,,University of Michigan,,,,,,,,,,,,,Northwestern University,2010.0,2005.0,1,McKinsey,McKinsey & Company,McKinsey,Business Analyst,Sep 2001,Jun 2003,The Auto Club Group,Senior Program Manager,University of Michigan,University of Michigan,"Director, Program in the Environment; Associate Professor, Organizational Studies and Program in the Environment; Assistant Professor, Organizational Studies and Program in the Environment; Post Doctoral Fellow",Sep 2010,Present,0,,Northwestern University,Doctoral Student,Doctoral Student,Sep 2005,Aug 2010,0.0,,The Auto Club Group,Senior Program Manager,Senior Program Manager,Jun 2003,Aug 2005,0.0,,McKinsey & Company,Business Analyst,Business Analyst,Sep 2001,Jun 2003,1.0,McKinsey,,,,,,,,,,,,,,,,,,,,,,,,,,,,,,,,,,,,,,,,,,,,,,,,,,,,,,,,,,,,,,,,,,,,,,,,,,,,,,,,,,,,,,,,,,,,,,,,,,,,,,,,,,,,,,,,,,,,,,,,,,,,,,,,,,,,,,,,,,,,,,,,,,,,,,,,,,,,,,,,,,,,,,,,,,,,,,,,,,,,,,,,,,,,,,,,,,,,
person-0325,,Bain | Stanford MBA,Radiology Partners,Stanford University Graduate School of Business,,,,,,,,,,,,The University of Texas at Austin,,,1,Bain,Bain & Company,Bain,Bain & Company,Jul 2016,Jul 2020,Bain & Company,Senior Manager,Bain & Company,Senior Manager,Senior Manager,Oct 2022,Present,1,Bain,Go Get Em Tiger,MBA Intern,MBA Intern,Jun 2021,Aug 2021,0.0,,Bain & Company,Bain & Company,Consultant; Senior Associate Consultant; Associate Consultant,Jul 2016,Jul 2020,1.0,Bain,,,,,,,,,,,,,,,,,,,,,,,,,,,,,,,,,,,,,,,,,,,,,,,,,,,,,,,,,,,,,,,,,,,,,,,,,,,,,,,,,,,,,,,,,,,,,,,,,,,,,,,,,,,,,,,,,,,,,,,,,,,,,,,,,,,,,,,,,,,,,,,,,,,,,,,,,,,,,,,,,,,,,,,,,,,,,,,,,,,,,,,,,,,,,,,,,,,,,,,,,,,
person-0326,,Chief of Staff | ex-BCG | Chicago Booth MBA,Dentive,The University of Chicago Booth School of Business,2019.0,2017.0,,,,,,,,,,,2014.0,2008.0,1,BCG,Boston Consulting Group (BCG),BCG,Boston Consulting Group (BCG),Sep 2019,Jul 2024,Podium,Chief of Staff,Dentive,Chief of Staff,Chief of Staff,Jan 2025,Present,0,,Podium,Chief of Staff,Chief of Staff,Aug 2024,Nov 2024,0.0,,Boston Consulting Group (BCG),Boston Consulting Group (BCG),Project Leader; Consultant,Sep 2019,Jul 2024,1.0,BCG,Bill & Melinda Gates Foundation,Associate Strategy Officer,Associate Strategy Officer,Jul 2021,Jun 2022,0.0,,John Deere,MBA Summer Intern,MBA Summer Intern,Jun 2018,Aug 2018,0.0,,SMCOVEY,Global Licensing Manager,Global Licensing Manager,Aug 2013,Aug 2017,0.0,,ThomasLeland,Engagement Manager,Engagement Manager,Aug 2013,Aug 2017,0.0,,,,,,,,,,,,,,,,,,,,,,,,,,,,,,,,,,,,,,,,,,,,,,,,,,,,,,,,,,,,,,,,,,,,,,,,,,,,,,,,,,,,,,,,,,,,,,,,,,,,,,,,,,,,,,,,,,,,,,,,,,,,,,,,,,,,,,,,,,,,,,,,,,,,,,,,,,,,,,,,,,,,,,,,,,,,,,,,
person-0327,Houston,Molecular Science Liaison at Caris Life Sciences,Caris Life Sciences,,,,,,,,,,,,,Baylor College of Medicine,2011.0,2011.0,1,BCG,The Boston Consulting Group,BCG,Bridge to BCG Participant,Jul 2014,Jul 2014,MD Anderson Cancer Center,Program Manager,Caris Life Sciences,Molecular Science Liaison at Caris Life Sciences,Molecular Science Liaison at Caris Life Sciences,Jul 2022,Present,0,,MD Anderson Cancer Center,MD Anderson Cancer Center,"Assoc. Director, Research Planning & Development; Program Manager",Dec 2015,Jul 2022,0.0,,Houston Methodist Hospital,Houston Methodist Hospital,Faculty (Instructor); Research Associate; Postdoctoral Research Fellow,2013,2015,0.0,,The Boston Consulting Group,Bridge to BCG Participant,Bridge to BCG Participant,Jul 2014,Jul 2014,1.0,BCG,The University of Texas Health Science Center at Houston,Postdoctoral Research Fellow,Postdoctoral Research Fellow,2011,2013,0.0,,Baylor College of Medicine,Baylor College of Medicine,Predoctoral Research Fellow; Research Technician II,2003,2011,0.0,,Marine Biological Laboratory,Summer Research Fellow,Summer Research Fellow,Aug 2006,Aug 2006,0.0,,Texas A&M University,Undergraduate Research Associate,Undergraduate Research Associate,1999,2003,0.0,,,,,,,,,,,,,,,,,,,,,,,,,,,,,,,,,,,,,,,,,,,,,,,,,,,,,,,,,,,,,,,,,,,,,,,,,,,,,,,,,,,,,,,,,,,,,,,,,,,,,,,,,,,,,,,,,,,,,,,,,,,,,,,,,,,,,,,,,,,,,,,,,,,,,,,,,,,,,,,,,,,,,,,,,
person-0328,Irvine,"Senior Director, Finance & Strategy",Habit Burger & Grill,Harvard Business School,2021.0,2019.0,,,,,,,,,,,,,1,McKinsey,McKinsey & Company,McKinsey,McKinsey & Company,Sep 2016,Jun 2019,DICK'S Sporting Goods,Senior Manager of Strategy & Innovation,Habit Burger & Grill,Habit Burger & Grill,"Senior Director, Finance, Strategy & Supply Chain; Director of Finance & Strategy; Head of Growth Strategy",Jan 2024,Present,0,,DICK'S Sporting Goods,DICK'S Sporting Goods,Head of Strategy - Public Lands; Chief of Staff to the President of Public Lands; Senior Manager of Strategy & Innovation,Jul 2021,Dec 2023,0.0,,DICK'S Sporting Goods,MBA Intern - Strategy,MBA Intern - Strategy,Jun 2020,Aug 2020,0.0,,McKinsey & Company,McKinsey & Company,Senior Business Analyst; Business Analyst,Sep 2016,Jun 2019,1.0,McKinsey,PepsiCo,Strategy Intern,Strategy Intern,May 2015,Jul 2015,0.0,,Broadcasting Board of Governors,Congressional Outreach Intern,Congressional Outreach Intern,Jun 2014,Aug 2014,0.0,,,,,,,,,,,,,,,,,,,,,,,,,,,,,,,,,,,,,,,,,,,,,,,,,,,,,,,,,,,,,,,,,,,,,,,,,,,,,,,,,,,,,,,,,,,,,,,,,,,,,,,,,,,,,,,,,,,,,,,,,,,,,,,,,,,,,,,,,,,,,,,,,,,,,,,,,,,,,,,,,,,,,,,,,,,,,,,,,,,,,,,
person-0329,Las Vegas,CPO @ Nedl | Co-Founder and CEO @ WellPath Prime | Ex-BCG | UCLA Anderson MBA,WellPath Prime,UCLA Anderson School of Management,2022.0,2020.0,,,,,,,,,,,2010.0,2000.0,1,BCG,Boston Consulting Group (BCG),BCG,Consultant,Aug 2022,Jun 2024,WellPath Prime,Co-Founder and CEO,nëdl Ai,Chief Product Officer,Chief Product Officer,Feb 2025,Present,0,,WellPath Prime,Co-Founder and CEO,Co-Founder and CEO,Jun 2024,Present,0.0,,Boston Consulting Group (BCG),Consultant,Consultant,Aug 2022,Jun 2024,1.0,BCG,UCLA Anderson School of Management,MBA Candidate,MBA Candidate,Aug 2020,Jun 2022,0.0,,Boston Consulting Group (BCG),Summer Consultant,Summer Consultant,Jun 2021,Aug 2021,1.0,BCG,Anderson Strategy Group,Consultant,Consultant,Nov 2020,Jun 2021,0.0,,JBG SMITH,JBG SMITH,"Sr. Financial Analyst, Asset Management; Lodging Asset Management Analyst",Nov 2016,Jul 2019,0.0,,United Bank,United Bank,Portfolio Manager; Senior Commercial Credit Analyst,Jul 2014,Nov 2016,0.0,,Microsoft,Microsoft Student Partner,Microsoft Student Partner,Aug 2011,May 2014,0.0,,Edison Electric Institute,Generation Fuels: Intern,Generation Fuels: Intern,Jun 2013,Aug 2013,0.0,,,,,,,,,,,,,,,,,,,,,,,,,,,,,,,,,,,,,,,,,,,,,,,,,,,,,,,,,,,,,,,,,,,,,,,,,,,,,,,,,,,,,,,,,,,,,,,,,,,,,,,,,,,,,,,,,,,,,,,,,,,,,,,,,,,,,,,,,,,,,,,,,,,,,,,,,,,
person-0330,Philadelphia,"Sales Directior @ Tuobang Electronics Co., Ltd.",CTDI,The Johns Hopkins University - Carey Business School,2022.0,2020.0,,,,,,,,,,,2020.0,2016.0,1,BCG,Boston Consulting Group (BCG),BCG,Data Analyst,Jun 2021,Aug 2021,CTDI,Data Analyst,"Tuobang Electronics Co., Ltd.",Sales Directior,Sales Directior,Jul 2024,Present,0,,CTDI,CTDI,Senior Data Analyst; Data Analyst,Jul 2022,Present,0.0,,Boston Consulting Group (BCG),Data Analyst,Data Analyst,Jun 2021,Aug 2021,1.0,BCG,Nielsen,Data Analyst Intern,Data Analyst Intern,Jul 2019,Aug 2019,0.0,,Dream Corps,Dream Corps,Director of Internal Department; Director of Finance Department,Oct 2016,May 2019,0.0,,Beta Alpha Psi,Internal Affairs Committee Board Member,Internal Affairs Committee Board Member,Dec 2017,Sep 2018,0.0,,Deloitte China,Customer Experience Analytics Intern,Customer Experience Analytics Intern,May 2018,Jul 2018,0.0,,,,,,,,,,,,,,,,,,,,,,,,,,,,,,,,,,,,,,,,,,,,,,,,,,,,,,,,,,,,,,,,,,,,,,,,,,,,,,,,,,,,,,,,,,,,,,,,,,,,,,,,,,,,,,,,,,,,,,,,,,,,,,,,,,,,,,,,,,,,,,,,,,,,,,,,,,,,,,,,,,,,,,,,,,,,,,,,
person-0331,Laguna Beach,Chairman at MyBioFlick,MyBioFlick,The Wharton School,1972.0,1970.0,,,,,,,,,,,,,1,McKinsey,McKinsey & Company,McKinsey,McKinsey & Company,Jan 1972,Dec 1990,MyBioFlick,Chairman,MyBioFlick,Chairman,Chairman,,,0,,McKinsey & Company,McKinsey & Company,Director; Director,Jan 1972,Dec 1990,1.0,McKinsey,,,,,,,,,,,,,,,,,,,,,,,,,,,,,,,,,,,,,,,,,,,,,,,,,,,,,,,,,,,,,,,,,,,,,,,,,,,,,,,,,,,,,,,,,,,,,,,,,,,,,,,,,,,,,,,,,,,,,,,,,,,,,,,,,,,,,,,,,,,,,,,,,,,,,,,,,,,,,,,,,,,,,,,,,,,,,,,,,,,,,,,,,,,,,,,,,,,,,,,,,,,,,,,,,,
person-0332,New York,Associate Program Management Officer in UN Peacekeeping,United Nations Peacekeeping,,,,,,,,,,,,,Columbia University in the City of New York,2022.0,2020.0,1,BCG,The Boston Consulting Group,BCG,Recruiting Assistant,Aug 2014,Jan 2015,Peace Corps,English Teacher Trainer,United Nations Peacekeeping,Associate Program Management Officer,Associate Program Management Officer,Oct 2023,Present,0,,UN MINUSMA,Reporting and Coordination Officer,Reporting and Coordination Officer,Jan 2023,Oct 2023,0.0,,United Nations University Centre for Policy Research (UNU-CPR),Global Governance Fellow,Global Governance Fellow,Sep 2022,Dec 2022,0.0,,United Nations Peacekeeping,LCAP Project Manager,LCAP Project Manager,Jun 2022,Sep 2022,0.0,,United Nations University Centre for Policy Research (UNU-CPR),Research Assistant,Research Assistant,Feb 2022,Jun 2022,0.0,,United Nations University Centre for Policy Research (UNU-CPR),SIPA Capstone Workshop Consultancy,SIPA Capstone Workshop Consultancy,Sep 2021,Dec 2021,0.0,,United Nations Peacekeeping,"Political Affairs Intern, Civil Affairs Team","Political Affairs Intern, Civil Affairs Team",May 2021,Jul 2021,0.0,,Chemonics International,Chemonics International,Manager; Senior Associate; Regional Business Unit Assistant,Oct 2017,Aug 2020,0.0,,Peace Corps,English Teacher Trainer,English Teacher Trainer,Jan 2015,Apr 2017,0.0,,The Boston Consulting Group,Recruiting Assistant,Recruiting Assistant,Aug 2014,Jan 2015,1.0,BCG,United Nations,Advisor for the European Union Delegation at the United Nations,Advisor for the European Union Delegation at the United Nations,May 2014,Jul 2014,0.0,,United States Senate,Immigration Intern - Office of Senator Warren,Immigration Intern - Office of Senator Warren,Sep 2013,May 2014,0.0,,Devotion School,"Tutor, 4Boston Leader","Tutor, 4Boston Leader",Sep 2013,May 2014,0.0,,Manna Project International,Summer Intern,Summer Intern,Jun 2013,Jul 2013,0.0,,PVH,Marketing Intern,Marketing Intern,Jun 2012,Aug 2012,0.0,,Grassroots Campaigns,Canvasser,Canvasser,May 2012,May 2012,0.0,,Devotion School,"Tutor, 4Boston Volunteer","Tutor, 4Boston Volunteer",Sep 2011,May 2012,0.0,,Kennedy Day School,"Teacher's assistant, 4Boston Volunteer","Teacher's assistant, 4Boston Volunteer",Sep 2010,May 2011,0.0,,Fabulous Feasts Catering,Assistant Manager,Assistant Manager,2009,2011,0.0,,,,,,,,,,,,,,,,,,,,,,,,,,,,,,,,,,,,,,,,,,,,,,,,,,,,,,,,,,,,,,,,,,,,,,,,,,,,,,,,,,,,,,,,,,,,
person-0333,American Fork,Eliminating Food Deserts,Southern Utah University,,,,,,,,,,,,,Brigham Young University,2026.0,2026.0,1,BCG,Boston Consulting Group (BCG),BCG,External Data Scientist Consultant,Sep 2018,Feb 2019,London Business School,Research Assistant,Southern Utah University,Operations & Supply Chain Professor,Operations & Supply Chain Professor,Jun 2025,Present,0,,Thanksgiving Point,Hydroponic Farms Operations Manager,Hydroponic Farms Operations Manager,May 2025,Present,0.0,,"Cultivate Supply Chains, LLC",Founder & CEO,Founder & CEO,Jun 2023,Present,0.0,,Brigham Young University,PHD Student,PHD Student,Apr 2021,Present,0.0,,BYU Computer Science,Computer Science Instructor,Computer Science Instructor,May 2025,Aug 2025,0.0,,Information and Decision Laboratories (IDeA Labs),Research Assistant,Research Assistant,Aug 2021,Apr 2024,0.0,,Achilles Heel Technologies,Research Engineer / Data Scientist,Research Engineer / Data Scientist,Apr 2021,Apr 2024,0.0,,Strategic Ecosystem Risk Insights,Founder and CEO,Founder and CEO,Jan 2020,Apr 2022,0.0,,London Business School,Research Assistant,Research Assistant,Aug 2017,Sep 2019,0.0,,Boston Consulting Group (BCG),External Data Scientist Consultant,External Data Scientist Consultant,Sep 2018,Feb 2019,1.0,BCG,Brigham Young University,Research Assistant,Research Assistant,Jan 2015,Aug 2017,0.0,,Vivint Smart Home,HR Strategy Consultant,HR Strategy Consultant,Jan 2016,Mar 2016,0.0,,University of Oxford - Said Business School,Student Leader at Social Innovation Seminar,Student Leader at Social Innovation Seminar,Jul 2015,Jul 2015,0.0,,Target,Target,Executive Team Leader; Merchandise Planning Business Analyst,Jun 2010,Aug 2014,0.0,,Scalar,Firm Valuation Intern,Firm Valuation Intern,Jan 2010,May 2010,0.0,,Discovery Ranch,Supervisor & Mentor,Supervisor & Mentor,Sep 2005,May 2008,0.0,,The Church of Jesus Christ of Latter-day Saints,Volunteer Representative,Volunteer Representative,Oct 2003,Sep 2005,0.0,,,,,,,,,,,,,,,,,,,,,,,,,,,,,,,,,,,,,,,,,,,,,,,,,,,,,,,,,,,,,,,,,,,,,,,,,,,,,,,,,,,,,,,,,,,,,,,,,,,,,,,,,,
person-0334,Mountain View,"Economic impact of AI, Tech & Society at Google, ex-McKinsey",Google,University of Pennsylvania - The Wharton School,2018.0,2016.0,,,,,,,,,,,2013.0,2008.0,1,McKinsey,McKinsey & Company,McKinsey,McKinsey & Company,Jul 2018,Oct 2023,Google,"Principal, Office of the SVP for Research, Technology & Society",Google,"Principal, Office of the SVP for Research, Technology & Society","Principal, Office of the SVP for Research, Technology & Society",Jan 2024,Present,0,,McKinsey & Company,McKinsey & Company,Associate Partner; Engagement Manager; Associate,Jul 2018,Oct 2023,1.0,McKinsey,Russian Direct Investment Fund,Senior Associate,Senior Associate,Aug 2017,Aug 2017,0.0,,Simon-Kucher & Partners,Associate Consultant,Associate Consultant,May 2017,Jul 2017,0.0,,Accenture LLC,Program Management Senior Associate,Program Management Senior Associate,Oct 2014,Mar 2016,0.0,,,,,,,,,,,,,,,,,,,,,,,,,,,,,,,,,,,,,,,,,,,,,,,,,,,,,,,,,,,,,,,,,,,,,,,,,,,,,,,,,,,,,,,,,,,,,,,,,,,,,,,,,,,,,,,,,,,,,,,,,,,,,,,,,,,,,,,,,,,,,,,,,,,,,,,,,,,,,,,,,,,,,,,,,,,,,,,,,,,,,,,,,,,,,,
person-0335,New York,MBA Candidate at LBS | PE Associate at Blackstone,Blackstone,London Business School,2021.0,2019.0,,,,,,,,,,,2010.0,2006.0,1,Bain,Bain & Company,Bain,Bain & Company,Jul 2014,Jan 2017,Blackstone,Private Equity Associate,Blackstone,Private Equity Associate,Private Equity Associate,Feb 2017,Jul 2019,0,,Bain & Company,Bain & Company,Associate Consultant; Associate Consultant,Jul 2014,Jan 2017,1.0,Bain,Goldman Sachs,Investment Banking Summer Analyst,Investment Banking Summer Analyst,Jun 2013,Jul 2013,0.0,,,,,,,,,,,,,,,,,,,,,,,,,,,,,,,,,,,,,,,,,,,,,,,,,,,,,,,,,,,,,,,,,,,,,,,,,,,,,,,,,,,,,,,,,,,,,,,,,,,,,,,,,,,,,,,,,,,,,,,,,,,,,,,,,,,,,,,,,,,,,,,,,,,,,,,,,,,,,,,,,,,,,,,,,,,,,,,,,,,,,,,,,,,,,,,,,,,,,,,,,,,,
person-0336,Philadelphia,"Vice President, Technology Strategy, Data & AI",Meta,,,,,,,,,,,,,"University of California, Berkeley",2011.0,2006.0,1,McKinsey,McKinsey & Company,McKinsey,McKinsey & Company,Sep 2011,Nov 2015,Comcast,"Senior Manager, Corporate Strategy",Comcast,Comcast,"Vice President 2, TPX Reliability & Strategy; Vice President, TPX Reliability; Vice President, Strategic Operations & Analytics; Executive Director, Reliability Analytics & Data Science; Executive Director, T+P Special Projects; Director, Corporate Strategy; Senior Manager, Corporate Strategy",Nov 2015,Present,0,,McKinsey & Company,McKinsey & Company,Engagement Manager; Associate,Sep 2011,Nov 2015,1.0,McKinsey,UC Berkeley,Graduate Student Researcher,Graduate Student Researcher,Aug 2004,May 2011,0.0,,Nokia,Summer Research Intern,Summer Research Intern,May 2007,Aug 2007,0.0,,Clemson University SURE,Summer Research Intern,Summer Research Intern,2003,2003,0.0,,,,,,,,,,,,,,,,,,,,,,,,,,,,,,,,,,,,,,,,,,,,,,,,,,,,,,,,,,,,,,,,,,,,,,,,,,,,,,,,,,,,,,,,,,,,,,,,,,,,,,,,,,,,,,,,,,,,,,,,,,,,,,,,,,,,,,,,,,,,,,,,,,,,,,,,,,,,,,,,,,,,,,,,,,,,,,,,,,,,,,,,,,,,,,
person-0337,,Product Manager at Nuro,Nuro,,,,,,,,,,,,,Columbia University in the City of New York,2020.0,2016.0,1,McKinsey,McKinsey & Company,McKinsey,McKinsey & Company,Aug 2020,Sep 2021,Atomic,Product Manager,Nuro,Product Manager,Product Manager,Apr 2025,Present,0,,Matic Robots,Product Manager,Product Manager,Mar 2024,Mar 2025,0.0,,Lyra Health,Analytics Associate II,Analytics Associate II,Nov 2022,Feb 2024,0.0,,Atomic,Product Manager,Product Manager,Sep 2021,Nov 2022,0.0,,McKinsey & Company,McKinsey & Company,Product Manager; Digital Analyst,Aug 2020,Sep 2021,1.0,McKinsey,Columbia Law School,Electronic Resources Librarian,Electronic Resources Librarian,Jan 2017,May 2020,0.0,,McKinsey & Company,Summer Digital Analyst,Summer Digital Analyst,Jun 2019,Aug 2019,1.0,McKinsey,SideChef,Product Management Intern,Product Management Intern,Jun 2018,Aug 2018,0.0,,"Hunt & Gather, Inc.",Marketing and Communications Intern,Marketing and Communications Intern,Jan 2018,May 2018,0.0,,Roy Chemistry Research Lab,Research Assistant,Research Assistant,May 2017,Dec 2017,0.0,,,,,,,,,,,,,,,,,,,,,,,,,,,,,,,,,,,,,,,,,,,,,,,,,,,,,,,,,,,,,,,,,,,,,,,,,,,,,,,,,,,,,,,,,,,,,,,,,,,,,,,,,,,,,,,,,,,,,,,,,,,,,,,,,,,,,,,,,,,,,,,,,,,,,,,,,,,
person-0338,,Consumer experience @ YouTube/Google | ex-McKinsey | ISB | SXC,Google,Indian School of Business,2020.0,2019.0,,,,,,,,,,,2013.0,1999.0,1,McKinsey,McKinsey & Company,McKinsey,McKinsey & Company,Jun 2016,Feb 2019,Indian School of Business,"Social Media Coordinator, Marketing and Communications Council",Google,Performance Lead - Consumer experience operations at YouTube,Performance Lead - Consumer experience operations at YouTube,Mar 2025,Present,0,,McKinsey & Company,McKinsey & Company,Associate/Specialist; Senior Analyst,Feb 2021,Mar 2025,1.0,McKinsey,LTI - Larsen & Toubro Infotech,Senior Consultant,Senior Consultant,Jul 2020,Jan 2021,0.0,,Indian School of Business,"Social Media Coordinator, Marketing and Communications Council","Social Media Coordinator, Marketing and Communications Council",Apr 2019,May 2020,0.0,,McKinsey & Company,McKinsey & Company,Analyst; Junior Analyst,Jun 2016,Feb 2019,1.0,McKinsey,Confluence X - Annual Economics Summit of St Xavier's College,Committee Member,Committee Member,Jun 2015,Sep 2015,0.0,,"Sneh, Social Service unit of Sushila Birla Girls School",Vice President,Vice President,Apr 2012,Mar 2013,0.0,,Sushila Birla Girls School,School Prefect,School Prefect,Apr 2012,Mar 2013,0.0,,,,,,,,,,,,,,,,,,,,,,,,,,,,,,,,,,,,,,,,,,,,,,,,,,,,,,,,,,,,,,,,,,,,,,,,,,,,,,,,,,,,,,,,,,,,,,,,,,,,,,,,,,,,,,,,,,,,,,,,,,,,,,,,,,,,,,,,,,,,,,,,,,,,,,,,,,,,,,,,,,,,,,,,,
person-0339,Atlanta,Human Capital Consulting Manager,Deloitte Consulting,,,,,,,,,,,,,The University of the South,,,1,BCG,Boston Consulting Group (BCG),BCG,Change Manager,Feb 2021,Feb 2022,Deloitte Consulting,Human Capital Consulting Manager,Deloitte Consulting,Human Capital Consulting Manager,Human Capital Consulting Manager,Feb 2022,Present,0,,Boston Consulting Group (BCG),Change Manager,Change Manager,Feb 2021,Feb 2022,1.0,BCG,Slalom,Organizational Effectiveness Consultant,Organizational Effectiveness Consultant,Mar 2020,Feb 2021,0.0,,Thought Logic Consulting,Principal Consultant,Principal Consultant,May 2019,Mar 2020,0.0,,SunTrust,SunTrust,"VP, Enterprise Business Process Consultant; AVP, Treasury & Payment Solutions Product Manager",Jun 2015,May 2019,0.0,,Regions Bank,Regions Bank,Treasury Management Sales Consultant; Treasury Management Sales Analyst; Management Associate,Jun 2012,Jun 2015,0.0,,The RiverCity Company,Intern,Intern,Aug 2011,Nov 2011,0.0,,,,,,,,,,,,,,,,,,,,,,,,,,,,,,,,,,,,,,,,,,,,,,,,,,,,,,,,,,,,,,,,,,,,,,,,,,,,,,,,,,,,,,,,,,,,,,,,,,,,,,,,,,,,,,,,,,,,,,,,,,,,,,,,,,,,,,,,,,,,,,,,,,,,,,,,,,,,,,,,,,,,,,,,,,,,,,,,
person-0340,New York,City Research Scientist at NYPD,New York City Police Department,,,,,,,,,,,,,University of Notre Dame,2023.0,2018.0,1,BCG,Boston Consulting Group (BCG),BCG,Bridge to BCG Participant,Mar 2022,May 2022,Scale AI,Artificial Intelligence Programmer,New York City Police Department,City Research Scientist,City Research Scientist,Aug 2025,Present,0,,Guidehouse,Senior Consultant,Senior Consultant,Jul 2023,Aug 2025,0.0,,Scale AI,Artificial Intelligence Programmer,Artificial Intelligence Programmer,Apr 2023,Jul 2023,0.0,,University of Notre Dame,University of Notre Dame,PhD Candidate; Instructor of Record; Statistical Consultant,Aug 2021,Jul 2023,0.0,,Boston Consulting Group (BCG),Bridge to BCG Participant,Bridge to BCG Participant,Mar 2022,May 2022,1.0,BCG,The Walt Disney Company,Merchandiser,Merchandiser,Jan 2018,Jul 2018,0.0,,"AXA Advisors, LLC",Financial Professional,Financial Professional,Apr 2017,Jan 2018,0.0,,Stateside Associates,Sessional Research Assistant,Sessional Research Assistant,Jan 2017,Apr 2017,0.0,,,,,,,,,,,,,,,,,,,,,,,,,,,,,,,,,,,,,,,,,,,,,,,,,,,,,,,,,,,,,,,,,,,,,,,,,,,,,,,,,,,,,,,,,,,,,,,,,,,,,,,,,,,,,,,,,,,,,,,,,,,,,,,,,,,,,,,,,,,,,,,,,,,,,,,,,,,,,,,,,,,,,,,,,
person-0341,,Business Development at Hyperithm,Hyperithm,,,,,,,,,,,,,,,,1,Bain,Bain & Company,Bain,Consultant,Jan 2018,Oct 2022,Hyperithm,Business Development,Hyperithm,Business Development,Business Development,,,0,,Goldman Sachs,Goldman Sachs,Incoming Investment Banking Associate; Investment Banking Summer Associate,Jun 2022,Present,0.0,,Bain & Company,Consultant,Consultant,Jan 2018,Oct 2022,1.0,Bain,,,,,,,,,,,,,,,,,,,,,,,,,,,,,,,,,,,,,,,,,,,,,,,,,,,,,,,,,,,,,,,,,,,,,,,,,,,,,,,,,,,,,,,,,,,,,,,,,,,,,,,,,,,,,,,,,,,,,,,,,,,,,,,,,,,,,,,,,,,,,,,,,,,,,,,,,,,,,,,,,,,,,,,,,,,,,,,,,,,,,,,,,,,,,,,,,,,,,,,,,,,
person-0342,,Strategy and Transformation @ TransUnion | Bain Alum,TransUnion,Indiana University - Kelley School of Business,,,,,,,,,,,,Benet Academy,,,1,Bain,Bain & Company,Bain,Bain & Company,Jun 2021,May 2024,TransUnion,"Advisor, Enterprise Strategy and Transformation",TransUnion,"Advisor, Enterprise Strategy and Transformation","Advisor, Enterprise Strategy and Transformation",May 2024,Present,0,,Bain & Company,Bain & Company,Senior Associate Consultant; Associate Consultant,Jun 2021,May 2024,1.0,Bain,Sneaker Shares LLC,Founder,Founder,2013,2023,0.0,,Indiana University - Kelley School of Business,Teaching Assistant: Technology & Business Analysis (Honors),Teaching Assistant: Technology & Business Analysis (Honors),2019,2021,0.0,,Ernst & Young,Business Consulting Intern,Business Consulting Intern,2020,2020,0.0,,TransUnion,Business Support Intern,Business Support Intern,2019,2019,0.0,,"Horizon Wealth Management, LLC",Staff Assistant,Staff Assistant,2015,2015,0.0,,,,,,,,,,,,,,,,,,,,,,,,,,,,,,,,,,,,,,,,,,,,,,,,,,,,,,,,,,,,,,,,,,,,,,,,,,,,,,,,,,,,,,,,,,,,,,,,,,,,,,,,,,,,,,,,,,,,,,,,,,,,,,,,,,,,,,,,,,,,,,,,,,,,,,,,,,,,,,,,,,,,,,,,,,,,,,,,
person-0343,New York,Happy Warrior,Sigma,,,,,,,,,,,,,American University,2013.0,2009.0,1,Bain,Bain & Company,Bain,Consulting Associate,May 2016,Jul 2016,True Care Home Care,Personal Assistant,Sigma,Senior Revenue Operations Analyst,Senior Revenue Operations Analyst,Aug 2025,Present,0,,Nick Tan Photography,Freelance Photographer,Freelance Photographer,Feb 2024,Present,0.0,,Allstar Home Care,Personal Care Aide,Personal Care Aide,Mar 2025,Present,0.0,,Yext,Yext,Senior Order Management and Contract Analyst; Deal Desk Analyst; Junior Contract Review Specialist; Partner Operations,Aug 2016,Jul 2025,0.0,,True Care Home Care,Personal Assistant,Personal Assistant,Jun 2023,Feb 2025,0.0,,Bain & Company,Consulting Associate,Consulting Associate,May 2016,Jul 2016,1.0,Bain,Lindsay Goldberg,Tax Assistant,Tax Assistant,Mar 2016,Apr 2016,0.0,,D.C. Bar,Senior Center Processor,Senior Center Processor,2014,2015,0.0,,Merrill Lynch,Fed Funds Operations Specialist,Fed Funds Operations Specialist,2013,2014,0.0,,Prudential Financial,Marketing Assistant,Marketing Assistant,Jan 2013,Jun 2013,0.0,,Starbucks,Barista,Barista,Dec 2012,Dec 2012,0.0,,Targeted Victory,Social Media Analyst,Social Media Analyst,Sep 2012,Nov 2012,0.0,,US Congress,US Congress,Legislative Assistant; Administrative Assistant,Jan 2012,Aug 2012,0.0,,"Chauncey Hotel, Conference Center & Laurie House",Facilities Assistant,Facilities Assistant,Sep 2010,Aug 2012,0.0,,ETS,Global Data Business Analyst,Global Data Business Analyst,May 2011,Aug 2011,0.0,,Bucks County Coffee Co.,Barista,Barista,Mar 2010,Apr 2011,0.0,,,,,,,,,,,,,,,,,,,,,,,,,,,,,,,,,,,,,,,,,,,,,,,,,,,,,,,,,,,,,,,,,,,,,,,,,,,,,,,,,,,,,,,,,,,,,,,,,,,,,,,,,,,,,,,,,
person-0344,Bluffton,Director of People Strategy & Operations @ Galileo | MBA,Rentokil Terminix,,,,,,,,,,,,,University of Colorado Boulder,2015.0,2011.0,1,McKinsey,McKinsey & Company,McKinsey,Associate - Implementation,Oct 2021,Dec 2023,Galileo,Director of People Strategy & Operations,Galileo,Director of People Strategy & Operations,Director of People Strategy & Operations,Jan 2024,Present,0,,McKinsey & Company,Associate - Implementation,Associate - Implementation,Oct 2021,Dec 2023,1.0,McKinsey,HCL Technologies,HCL Technologies,"Global Change Management Workstream Lead; Senior Consultant, Business Transformation and Organizational Agility; Consultant",Sep 2018,Jul 2021,0.0,,Booz Allen Hamilton,Booz Allen Hamilton,Senior Consultant; Consultant,Jun 2016,Jul 2018,0.0,,Creative Associates International,Programs Liaison Specialist - Operations,Programs Liaison Specialist - Operations,Jun 2015,May 2016,0.0,,U.S. Department of State,International Organizations Intern,International Organizations Intern,May 2014,Aug 2014,0.0,,,,,,,,,,,,,,,,,,,,,,,,,,,,,,,,,,,,,,,,,,,,,,,,,,,,,,,,,,,,,,,,,,,,,,,,,,,,,,,,,,,,,,,,,,,,,,,,,,,,,,,,,,,,,,,,,,,,,,,,,,,,,,,,,,,,,,,,,,,,,,,,,,,,,,,,,,,,,,,,,,,,,,,,,,,,,,,,,,,,,,,
person-0345,San Francisco,Strategic Financial Leader | Fractional CFO | Comprehensive Expertise in Finance & Consulting,Kim Strategy,,,,,,,,,,,,,UC Berkeley Extension,2018.0,2015.0,1,Bain,Bain,Bain,Finance,2004,2006,Macy's West,Sr. Financial Analyst,Kim Strategy,Finance Executive Consultant,Finance Executive Consultant,Jul 2023,Present,0,,See Tickets,CFO - North America,CFO - North America,Jun 2022,Jul 2023,0.0,,Compass,Director of Finance BI,Director of Finance BI,Jan 2021,May 2022,0.0,,Compass,Director of Finance (FPA),Director of Finance (FPA),2020,2020,0.0,,Compass,Compass,Director of Finance; Enterprise Financial Planning & Analysis Manager; Senior Planning Analyst,2012,2019,0.0,,URS Corporation,Sr. Financial Analyst,Sr. Financial Analyst,Dec 2008,Jan 2012,0.0,,Macy's West,Sr. Financial Analyst,Sr. Financial Analyst,Nov 2006,Nov 2008,0.0,,Bain,Finance,Finance,2004,2006,1.0,Bain,,,,,,,,,,,,,,,,,,,,,,,,,,,,,,,,,,,,,,,,,,,,,,,,,,,,,,,,,,,,,,,,,,,,,,,,,,,,,,,,,,,,,,,,,,,,,,,,,,,,,,,,,,,,,,,,,,,,,,,,,,,,,,,,,,,,,,,,,,,,,,,,,,,,,,,,,,,,,,,,,,,,,,,,
person-0346,Cambridge,"Senior Program Director, Managing the Future of Work, HBS",Harvard Business School,,,,,,,,,,,,,Delhi University,1985.0,1982.0,1,Bain,Bain & Company,Bain,Senior Editor,Dec 2008,May 2011,Harvard Business School,"Senior Program Director and Senior Researcher, Project on U.S. Competitiveness, HBS",Harvard Business School,Harvard Business School,"Senior Program Director, Project on Managing the Future of Work, HBS; Senior Program Director Young American Leaders Program, HBS; Senior Program Director and Senior Researcher, Project on U.S. Competitiveness, HBS",Jun 2011,Present,0,,Bain & Company,Senior Editor,Senior Editor,Dec 2008,May 2011,1.0,Bain,Initiative for a Competitive Inner City,SVP Programs,SVP Programs,Jul 2004,Nov 2008,0.0,,"The Financial Express, Business Standard, Indian Journal of Management",Management Columnist,Management Columnist,May 2001,Dec 2004,0.0,,The Financial Express,Associate Editor,Associate Editor,Jul 1994,Apr 2001,0.0,,,,,,,,,,,,,,,,,,,,,,,,,,,,,,,,,,,,,,,,,,,,,,,,,,,,,,,,,,,,,,,,,,,,,,,,,,,,,,,,,,,,,,,,,,,,,,,,,,,,,,,,,,,,,,,,,,,,,,,,,,,,,,,,,,,,,,,,,,,,,,,,,,,,,,,,,,,,,,,,,,,,,,,,,,,,,,,,,,,,,,,,,,,,,,
person-0347,,investors in Qualcomm Ventures,Qualcomm Ventures,Stanford University Graduate School of Business,,,,,,,,,,,,UCLA,2007.0,2003.0,1,BCG,Boston Consulting Group (BCG),BCG,Boston Consulting Group (BCG),Nov 2010,Feb 2015,The Bridgespan Group,Senior Consultant,Qualcomm Ventures,One of the investors,One of the investors,Aug 2021,May 2023,0,,Booz Allen Hamilton,Booz Allen Hamilton,Senior Data Manager; Data Analysis Manager,Jun 2017,Jun 2021,0.0,,The Bridgespan Group,Senior Consultant,Senior Consultant,Jul 2015,Feb 2017,0.0,,Boston Consulting Group (BCG),Boston Consulting Group (BCG),Project Analyst; Consulting Assistant,Nov 2010,Feb 2015,1.0,BCG,,,,,,,,,,,,,,,,,,,,,,,,,,,,,,,,,,,,,,,,,,,,,,,,,,,,,,,,,,,,,,,,,,,,,,,,,,,,,,,,,,,,,,,,,,,,,,,,,,,,,,,,,,,,,,,,,,,,,,,,,,,,,,,,,,,,,,,,,,,,,,,,,,,,,,,,,,,,,,,,,,,,,,,,,,,,,,,,,,,,,,,,,,,,,,,,,,,,
person-0348,San Antonio,Hidden River Group | former McKinsey | former academic,Hidden River Group,,,,,,,,,,,,,The University of Texas at Austin,2016.0,2016.0,1,McKinsey,McKinsey & Company,McKinsey,McKinsey & Company,Oct 2019,Apr 2024,Hidden River Group,Sr. Consultant,Hidden River Group,Sr. Consultant,Sr. Consultant,May 2024,Present,0,,McKinsey & Company,McKinsey & Company,Digital Delivery Specialist; Sr. Digital Delivery Analyst,Oct 2019,Apr 2024,1.0,McKinsey,"Focus Marketing, LLC",Research Consultant,Research Consultant,Aug 2018,Oct 2019,0.0,,The University of Texas at San Antonio,Senior Lecturer,Senior Lecturer,Aug 2016,Oct 2019,0.0,,The University of Texas at Austin,Assistant Instructor,Assistant Instructor,Aug 2009,Aug 2016,0.0,,The University of Texas at Austin,Graduate Teaching Assistant,Graduate Teaching Assistant,Aug 2007,May 2009,0.0,,,,,,,,,,,,,,,,,,,,,,,,,,,,,,,,,,,,,,,,,,,,,,,,,,,,,,,,,,,,,,,,,,,,,,,,,,,,,,,,,,,,,,,,,,,,,,,,,,,,,,,,,,,,,,,,,,,,,,,,,,,,,,,,,,,,,,,,,,,,,,,,,,,,,,,,,,,,,,,,,,,,,,,,,,,,,,,,,,,,,,,
person-0349,,"VP - Affluent Segment, Product Enablement",JPMorganChase,,,,Northeastern University,,,,,,,,,Choate Rosemary Hall,,,1,BCG,The Boston Consulting Group,BCG,Global Financial Analyst,Jan 2016,Aug 2016,Tutors for All,Business Development Coordinator,JPMorganChase,Vice President,Vice President,Sep 2024,Present,0,,EY,EY,Manager; Senior Management Consultant; Management Consultant,Oct 2018,Sep 2024,0.0,,D'Amore-McKim School of Business at Northeastern University,Teaching Assistant,Teaching Assistant,Sep 2017,May 2018,0.0,,Tutors for All,Business Development Coordinator,Business Development Coordinator,Aug 2017,May 2018,0.0,,EY,Financial Services Office Advisory - Intern,Financial Services Office Advisory - Intern,Jan 2017,Jun 2017,0.0,,The Boston Consulting Group,Global Financial Analyst,Global Financial Analyst,Jan 2016,Aug 2016,1.0,BCG,"The TJX Companies, Inc.",Store Planning Business Analyst,Store Planning Business Analyst,Jan 2015,Dec 2015,0.0,,Tutors for All,University Program Coordinator,University Program Coordinator,Sep 2014,Jan 2015,0.0,,Tutors for All,Tutor,Tutor,Jan 2014,May 2014,0.0,,,,,,,,,,,,,,,,,,,,,,,,,,,,,,,,,,,,,,,,,,,,,,,,,,,,,,,,,,,,,,,,,,,,,,,,,,,,,,,,,,,,,,,,,,,,,,,,,,,,,,,,,,,,,,,,,,,,,,,,,,,,,,,,,,,,,,,,,,,,,,,,,,,,,,,,,,,,,,,,,,
person-0350,,Growth | Government | Healthcare,McCarren,Georgetown University McDonough School of Business,2018.0,2016.0,,,,,,,,,,,,,1,BCG,The Boston Consulting Group (BCG),BCG,Interim Management Consultant,May 2014,Aug 2014,Oracle,Core Tech Solutions Consultant,McCarren,VP of Growth,VP of Growth,Mar 2025,Present,0,,Ad Hoc LLC,Capture Manager - CMS & HHS,Capture Manager - CMS & HHS,Aug 2021,Mar 2025,0.0,,Excella,Excella,Capture Manager; Commercial Business Development Manager,Apr 2019,Aug 2021,0.0,,Oracle,Oracle,State & Local Account Manager - ERP/EPM/HCM; Core Tech Solutions Consultant,May 2016,Apr 2019,0.0,,The Boston Consulting Group (BCG),Interim Management Consultant,Interim Management Consultant,May 2014,Aug 2014,1.0,BCG,Korean Photovoltaic Industry Association,Summer Research Intern,Summer Research Intern,May 2013,Aug 2013,0.0,,,,,,,,,,,,,,,,,,,,,,,,,,,,,,,,,,,,,,,,,,,,,,,,,,,,,,,,,,,,,,,,,,,,,,,,,,,,,,,,,,,,,,,,,,,,,,,,,,,,,,,,,,,,,,,,,,,,,,,,,,,,,,,,,,,,,,,,,,,,,,,,,,,,,,,,,,,,,,,,,,,,,,,,,,,,,,,,,,,,,,,
person-0351,,Project Manager,Bechtel Corporation,,,,,,,,,,,,,Imperial College London,2006.0,2002.0,1,Bain,Bain & Company,Bain,Bain & Company,Aug 2022,Feb 2025,Bechtel Corporation,Project Manager,Bechtel Corporation,Project Manager,Project Manager,Feb 2025,Present,0,,Bain & Company,Bain & Company,Expert Associate Partner; Expert Senior Manager,Aug 2022,Feb 2025,1.0,Bain,"Bechtel Oil, Gas, & Chemicals",Project Engineering Manager,Project Engineering Manager,Sep 2006,Jul 2022,0.0,,,,,,,,,,,,,,,,,,,,,,,,,,,,,,,,,,,,,,,,,,,,,,,,,,,,,,,,,,,,,,,,,,,,,,,,,,,,,,,,,,,,,,,,,,,,,,,,,,,,,,,,,,,,,,,,,,,,,,,,,,,,,,,,,,,,,,,,,,,,,,,,,,,,,,,,,,,,,,,,,,,,,,,,,,,,,,,,,,,,,,,,,,,,,,,,,,,,,,,,,,,,
person-0352,,Data Engineering | Data Operations | Data Management,BANYAN,,,,,,,,,,,,,Columbia University in the City of New York,2016.0,2014.0,1,McKinsey,McKinsey & Company,McKinsey,Research Assistant,Aug 2012,May 2013,Médecins Sans Frontières (MSF),Development & Database Assistant,BANYAN,Data Operations Lead / Data Engineer,Data Operations Lead / Data Engineer,Jul 2022,Present,0,,murmuration,murmuration,"Senior Data Manager, Operations; Data Manager",May 2019,Jul 2022,0.0,,ACLU,National Donor Data Manager,National Donor Data Manager,Oct 2018,May 2019,0.0,,Médecins Sans Frontières (MSF),Médecins Sans Frontières (MSF),Workplace Giving Associate; Development & Database Assistant,Jul 2016,Oct 2018,0.0,,McKinsey & Company,Research Assistant,Research Assistant,Aug 2012,May 2013,1.0,McKinsey,,,,,,,,,,,,,,,,,,,,,,,,,,,,,,,,,,,,,,,,,,,,,,,,,,,,,,,,,,,,,,,,,,,,,,,,,,,,,,,,,,,,,,,,,,,,,,,,,,,,,,,,,,,,,,,,,,,,,,,,,,,,,,,,,,,,,,,,,,,,,,,,,,,,,,,,,,,,,,,,,,,,,,,,,,,,,,,,,,,,,,,,,,,,,
person-0353,,Executive Coach,Wind + Sail Leadership Partners,,,,University of Pennsylvania,,,,,,,,,Gonzaga University,,,1,Bain,Bain & Company,Bain,Bain & Company,Mar 2010,Dec 2015,"Point of Arrival, LLC",Founder and President,Wind + Sail Leadership Partners,Co-Founding Partner,Co-Founding Partner,Dec 2020,Present,0,,"Point of Arrival, LLC",Founder and President,Founder and President,Dec 2015,Present,0.0,,Bain & Company,Bain & Company,"Senior Manager, Human Resources; Manager of Human Resources",Mar 2010,Dec 2015,1.0,Bain,"HBK Engineering, LLC",Manager of Human Resources,Manager of Human Resources,Oct 2007,Mar 2010,0.0,,Hyatt Hotels Corporation,Hyatt Hotels Corporation,Employee and Labor Relations Analyst; Employee and Labor Relations Coordinator,2005,2007,0.0,,,,,,,,,,,,,,,,,,,,,,,,,,,,,,,,,,,,,,,,,,,,,,,,,,,,,,,,,,,,,,,,,,,,,,,,,,,,,,,,,,,,,,,,,,,,,,,,,,,,,,,,,,,,,,,,,,,,,,,,,,,,,,,,,,,,,,,,,,,,,,,,,,,,,,,,,,,,,,,,,,,,,,,,,,,,,,,,,,,,,,,,,,,,,,
person-0354,,Strategy & Transformation | Ex-Bain | MBA Berkeley Haas | Terry Scholar,Comerica Bank,"University of California, Berkeley, Haas School of Business",2022.0,2020.0,,,,,,,,,,,2013.0,2009.0,1,Bain,Bain & Company,Bain,Consultant,Aug 2022,Aug 2024,Titan Home Technologies,Advisor,Comerica Bank,Comerica Bank,VP Strategic Program Management; VP Process Transformation Lead,Aug 2024,Present,0,,Titan Home Technologies,Advisor,Advisor,Jun 2024,Present,0.0,,Bain & Company,Consultant,Consultant,Aug 2022,Aug 2024,1.0,Bain,Simon-Kucher & Partners,Associate Consultant,Associate Consultant,Jun 2021,Aug 2021,0.0,,Goldman Sachs,Regulatory & Control Operations Senior Associate,Regulatory & Control Operations Senior Associate,Nov 2019,Aug 2020,0.0,,JPMorgan Chase & Co.,JPMorgan Chase & Co.,Project Management Office Senior Associate; Office Support Management Program Lead; Process Improvement Associate; Chase Leadership Development Program Analyst,Aug 2013,Nov 2019,0.0,,Dallas Juniors Sportsplex Volleyball Club,Coach,Coach,Nov 2013,May 2014,0.0,,Austin Junior Volleyball,Austin Junior Volleyball,15's Assistant Coach; Facility Manager,Jan 2012,Aug 2013,0.0,,Project Vote Smart,Legislative Research Intern,Legislative Research Intern,Aug 2011,Dec 2011,0.0,,"Representative Larry Phillips, Texas House",Public Relations Communications Intern,Public Relations Communications Intern,Jan 2011,May 2011,0.0,,,,,,,,,,,,,,,,,,,,,,,,,,,,,,,,,,,,,,,,,,,,,,,,,,,,,,,,,,,,,,,,,,,,,,,,,,,,,,,,,,,,,,,,,,,,,,,,,,,,,,,,,,,,,,,,,,,,,,,,,,,,,,,,,,,,,,,,,,,,,,,,,,,,,,,,,,,
person-0355,,Head of Human Capital,Charlesbank Capital Partners,Harvard Business School,,,,,,,,,,,,The University of North Carolina,,,1,Bain,Bain & Company,Bain,Associate Consultant,Sep 2007,Sep 2010,The Achievement Network,Human Capital Projects Manager,Charlesbank Capital Partners,Head of Human Capital,Head of Human Capital,Feb 2024,Present,0,,Bain & Company,Bain & Company,"Vice President, Talent and Operations; Senior Manager; Consultant",Oct 2013,Jan 2024,1.0,Bain,Teach for America,"Education Pioneer, Alumni Affairs","Education Pioneer, Alumni Affairs",Jun 2012,Sep 2012,0.0,,The Achievement Network,Human Capital Projects Manager,Human Capital Projects Manager,Oct 2010,Jul 2011,0.0,,Bain & Company,Associate Consultant,Associate Consultant,Sep 2007,Sep 2010,1.0,Bain,Achievement First,Special Projects Associate,Special Projects Associate,Dec 2009,May 2010,0.0,,,,,,,,,,,,,,,,,,,,,,,,,,,,,,,,,,,,,,,,,,,,,,,,,,,,,,,,,,,,,,,,,,,,,,,,,,,,,,,,,,,,,,,,,,,,,,,,,,,,,,,,,,,,,,,,,,,,,,,,,,,,,,,,,,,,,,,,,,,,,,,,,,,,,,,,,,,,,,,,,,,,,,,,,,,,,,,,,,,,,,,
person-0356,Hercules,Versatility is key!,San Francisco Chronicle,,,,,,,,,,,,,California State University-Hayward,2014.0,2011.0,1,Bain,Bain & Company,Bain,Office Services Assistant,Jul 2015,Aug 2015,San Francisco Chronicle,Customer Resolution Analyst,San Francisco Chronicle,San Francisco Chronicle,Customer Relations Specialist; Senior Customer Resolution Analyst; Customer Resolution Analyst,Oct 2015,Present,0,,Robert Half,Administrative Assistant,Administrative Assistant,Oct 2014,Oct 2015,0.0,,Bain & Company,Office Services Assistant,Office Services Assistant,Jul 2015,Aug 2015,1.0,Bain,Metromile,Sales Assistant,Sales Assistant,Feb 2015,May 2015,0.0,,San Francisco Chronicle and SFGate,Circulation,Circulation,Oct 2014,Jan 2015,0.0,,Cinemark,Assistant Manager,Assistant Manager,Jun 2010,Nov 2014,0.0,,,,,,,,,,,,,,,,,,,,,,,,,,,,,,,,,,,,,,,,,,,,,,,,,,,,,,,,,,,,,,,,,,,,,,,,,,,,,,,,,,,,,,,,,,,,,,,,,,,,,,,,,,,,,,,,,,,,,,,,,,,,,,,,,,,,,,,,,,,,,,,,,,,,,,,,,,,,,,,,,,,,,,,,,,,,,,,,,,,,,,,
person-0357,New York,,Stealth,Stanford University Graduate School of Business,2023.0,2021.0,,,,,,,,,,,2016.0,2012.0,1,Bain,Bain & Company,Bain,Bain & Company,Jul 2016,Jun 2020,Detect,Chief Of Staff,Hebbia AI,Business Operations,Business Operations,Feb 2024,Present,0,,Greenify,"Co-Founder, CEO","Co-Founder, CEO",Feb 2023,Jan 2024,0.0,,Chromatic,Head Of Operations (Intern),Head Of Operations (Intern),Jun 2022,Aug 2022,0.0,,Detect,Detect,Head of Operations Program Management; Chief Of Staff,Jun 2020,Jul 2021,0.0,,Bain & Company,Bain & Company,Consultant; Senior Associate Consultant; Associate Consultant,Jul 2016,Jun 2020,1.0,Bain,WeWork,Growth Strategy Extern,Growth Strategy Extern,Oct 2018,Apr 2019,0.0,,,,,,,,,,,,,,,,,,,,,,,,,,,,,,,,,,,,,,,,,,,,,,,,,,,,,,,,,,,,,,,,,,,,,,,,,,,,,,,,,,,,,,,,,,,,,,,,,,,,,,,,,,,,,,,,,,,,,,,,,,,,,,,,,,,,,,,,,,,,,,,,,,,,,,,,,,,,,,,,,,,,,,,,,,,,,,,,,,,,,,,
person-0358,,Product-Tech Leader | Supply Chain & Logistics | Digital Transformation | Operations Strategy,A.P. Moller - Maersk,University of Pennsylvania - The Wharton School,2012.0,2010.0,,,,,,,,,,,2007.0,2003.0,1,McKinsey,McKinsey & Company,McKinsey,McKinsey & Company,Oct 2013,May 2016,Self-employed,Management Consultant,A.P. Moller - Maersk,A.P. Moller - Maersk,Global Head of Network Design & Planning Product Platforms; Head of Network Products Portfolio,Dec 2021,Present,0,,Amazon,Amazon,"Sr. Manager, Product-Tech, DC Technology; Principal, Product Management - Tech, FC Technology; Senior Product Manager - Tech, Fulfillment Technology & Pickup (Amazon Fresh & Whole Foods)",Jun 2017,Dec 2021,0.0,,Self-employed,Management Consultant,Management Consultant,Jun 2016,Jun 2017,0.0,,McKinsey & Company,McKinsey & Company,Junior Engagement Manager; Associate,Oct 2013,May 2016,1.0,McKinsey,Amazon,Senior Product Manager - Softlines,Senior Product Manager - Softlines,2012,2013,0.0,,Amazon.com,Business Manager Intern - Consumer Electronics,Business Manager Intern - Consumer Electronics,Jun 2011,Aug 2011,0.0,,ASSA ABLOY,Project Manager / Engineering,Project Manager / Engineering,Jun 2008,Apr 2010,0.0,,Unior LTD,Operations Consultant,Operations Consultant,Aug 2004,Oct 2009,0.0,,TCM,R&D Engineer,R&D Engineer,Mar 2007,Apr 2008,0.0,,,,,,,,,,,,,,,,,,,,,,,,,,,,,,,,,,,,,,,,,,,,,,,,,,,,,,,,,,,,,,,,,,,,,,,,,,,,,,,,,,,,,,,,,,,,,,,,,,,,,,,,,,,,,,,,,,,,,,,,,,,,,,,,,,,,,,,,,,,,,,,,,,,,,,,,,,,,,,,,,,
person-0359,San Diego County,President & CEO of OhanaOne | Salesforce.com Enablement | Accelerating Speed-to-Outcome for our Clients and Partners,OhanaOne,,,,,,,,,,,,,Massachusetts Institute of Technology,,,1,McKinsey,McKinsey & Company,McKinsey,McKinsey & Company,1991,1993,"DIS Research, Ltd.",Chief Technology Officer,OhanaOne,President & CEO,President & CEO,Sep 2018,Present,0,,RelationEdge,President,President,Jan 2015,Aug 2018,0.0,,Sales Leadership Alliance,Member and Platinum Sponsor,Member and Platinum Sponsor,2015,Dec 2016,0.0,,Zayn Digital,Senior Managing Director,Senior Managing Director,2014,2014,0.0,,Forsythe Solutions Group,Sr. Director - Advisory Services,Sr. Director - Advisory Services,2001,2014,0.0,,CoreCommerce,Executive VP & Chief Technology Officer,Executive VP & Chief Technology Officer,1999,2001,0.0,,"DIS Research, Ltd.",Chief Technology Officer,Chief Technology Officer,1993,1998,0.0,,McKinsey & Company,McKinsey & Company,Project Manager; Systems Consultant,1991,1993,1.0,McKinsey,MIT Project Athena,"Systems Programmer (""Watchmaker"")","Systems Programmer (""Watchmaker"")",1988,1991,0.0,,,,,,,,,,,,,,,,,,,,,,,,,,,,,,,,,,,,,,,,,,,,,,,,,,,,,,,,,,,,,,,,,,,,,,,,,,,,,,,,,,,,,,,,,,,,,,,,,,,,,,,,,,,,,,,,,,,,,,,,,,,,,,,,,,,,,,,,,,,,,,,,,,,,,,,,,,,,,,,,,,
person-0360,,Product Strategy | ex-McKinsey | Yale | IIT,Palo Alto Networks,Yale School of Management,2020.0,2018.0,,,,,,,,,,,2009.0,2007.0,1,McKinsey,McKinsey & Company,McKinsey,McKinsey & Company,Jul 2020,May 2024,HP,"Director, Corporate Strategy",HP,"Director, Corporate Strategy","Director, Corporate Strategy",Jun 2024,Present,0,,McKinsey & Company,McKinsey & Company,Engagement Manager; Associate,Jul 2020,May 2024,1.0,McKinsey,McKinsey & Company,Summer Associate,Summer Associate,May 2019,Jul 2019,1.0,McKinsey,ITC Limited,Assistant Manager,Assistant Manager,May 2015,Aug 2018,0.0,,SKKK,Head: Operations and Engineering (Manufacturing),Head: Operations and Engineering (Manufacturing),Mar 2014,Apr 2015,0.0,,ITC Limited,Assistant Manager (AUT-Technical),Assistant Manager (AUT-Technical),Jun 2013,Mar 2014,0.0,,Bharat Sanchar Nigam Limited,Summer Intern,Summer Intern,May 2012,Jun 2012,0.0,,Government of Uttar Pradesh,Summer Intern,Summer Intern,May 2011,Jun 2011,0.0,,,,,,,,,,,,,,,,,,,,,,,,,,,,,,,,,,,,,,,,,,,,,,,,,,,,,,,,,,,,,,,,,,,,,,,,,,,,,,,,,,,,,,,,,,,,,,,,,,,,,,,,,,,,,,,,,,,,,,,,,,,,,,,,,,,,,,,,,,,,,,,,,,,,,,,,,,,,,,,,,,,,,,,,,
person-0361,,Associate at Holocene Advisors,"Holocene Advisors, LP","Rutgers University - New Brunswick, Rutgers Business School",2018.0,2014.0,,,,,,,,,,,2014.0,2010.0,1,McKinsey,McKinsey & Company,McKinsey,Women's Undergraduate Leadership Summit Selected Participant,Jun 2016,Jun 2016,Melvin Capital Management LP,Finance Associate,"Holocene Advisors, LP",Investor Relations Associate,Investor Relations Associate,Jan 2023,Present,0,,Melvin Capital Management LP,Finance Associate,Finance Associate,Aug 2021,Dec 2022,0.0,,Morgan Stanley,Morgan Stanley,Prime Brokerage Client Coverage Associate; Prime Brokerage Client Coverage Analyst; Prime Brokerage Summer Analyst,Jun 2017,Jul 2021,0.0,,Johnson & Johnson,Worldwide Transportation Co-op,Worldwide Transportation Co-op,Jan 2016,Jul 2016,0.0,,McKinsey & Company,Women's Undergraduate Leadership Summit Selected Participant,Women's Undergraduate Leadership Summit Selected Participant,Jun 2016,Jun 2016,1.0,McKinsey,Prudential Financial,PEAK Leadership Conference Selected Participant,PEAK Leadership Conference Selected Participant,May 2016,May 2016,0.0,,Rutgers University,Student Affairs Junior Manager,Student Affairs Junior Manager,Sep 2014,May 2016,0.0,,Morgan Stanley,Sales and Trading Enrichment Program,Sales and Trading Enrichment Program,Feb 2016,Feb 2016,0.0,,Goldman Sachs,Discover GS Selected Participant,Discover GS Selected Participant,Sep 2015,Sep 2015,0.0,,G-III Apparel Group,Supply Chain Logistics Intern,Supply Chain Logistics Intern,Jun 2015,Aug 2015,0.0,,The Valley Hospital,Infusion Center Intern,Infusion Center Intern,Jun 2012,Aug 2013,0.0,,Goldman Orthodontics,Instrument Technician,Instrument Technician,Sep 2012,May 2013,0.0,,,,,,,,,,,,,,,,,,,,,,,,,,,,,,,,,,,,,,,,,,,,,,,,,,,,,,,,,,,,,,,,,,,,,,,,,,,,,,,,,,,,,,,,,,,,,,,,,,,,,,,,,,,,,,,,,,,,,,,,,,,,,,,,,,,,,,,,,,,,,
person-0362,,"IT Manager, Global Enterprise Support at Panduit",Panduit,University of Iowa - Henry B. Tippie College of Business,2005.0,2001.0,,,,,,,,,,,2013.0,2010.0,1,BCG,The Boston Consulting Group,BCG,IT Specialist (Contract),Nov 2010,May 2011,Barry Callebaut Group,IT Technician,Panduit,IT Manager - Global Enterprise Support,IT Manager - Global Enterprise Support,May 2022,Present,0,,Barry Callebaut Group,Barry Callebaut Group,IT Manager; IT Technician,May 2011,May 2022,0.0,,The Boston Consulting Group,IT Specialist (Contract),IT Specialist (Contract),Nov 2010,May 2011,1.0,BCG,Reyes Holdings,IT Service Center Analyst,IT Service Center Analyst,Jun 2009,Nov 2010,0.0,,AEGON,AEGON,Desktop Support Analyst; Intermediate Help Desk Analyst,Nov 2006,Jun 2009,0.0,,TEKsystems,Help Desk Analyst,Help Desk Analyst,Mar 2006,Nov 2006,0.0,,MTV Networks,Technical Support Intern,Technical Support Intern,Jun 2005,Aug 2005,0.0,,,,,,,,,,,,,,,,,,,,,,,,,,,,,,,,,,,,,,,,,,,,,,,,,,,,,,,,,,,,,,,,,,,,,,,,,,,,,,,,,,,,,,,,,,,,,,,,,,,,,,,,,,,,,,,,,,,,,,,,,,,,,,,,,,,,,,,,,,,,,,,,,,,,,,,,,,,,,,,,,,,,,,,,,,,,,,,,
person-0363,New York,Chief of Staff- Life Sciences @ Datavant,Datavant,,,,,,,,,,,,,The Ohio State University,2020.0,2017.0,1,McKinsey,McKinsey & Company,McKinsey,McKinsey & Company,Jan 2023,Apr 2024,Datavant,Customer Success Manager,Datavant,Datavant,Chief of Staff- Life Sciences; Customer Success Manager,Apr 2024,Present,0,,McKinsey & Company,McKinsey & Company,"Capabilities and Insights Analytics; Solution Analyst- Social, Healthcare and Public Entities (SHaPE)",Jan 2023,Apr 2024,1.0,McKinsey,Lyft,Lyft,"Healthcare Strategy and Operations; Program Specialist, Healthcare Partnerships",Aug 2021,Dec 2022,0.0,,"Collaborative Solutions, LLC",Continuous Value Services Associate Consultant,Continuous Value Services Associate Consultant,Oct 2020,Aug 2021,0.0,,TASIS-Switzerland,TSP Counselor,TSP Counselor,Jun 2019,Aug 2019,0.0,,The Ohio State University,International Partnerships Intern,International Partnerships Intern,Aug 2018,Jan 2019,0.0,,Wequetonsing Association Inc,Lead Sailing Instructor,Lead Sailing Instructor,Jul 2018,Aug 2018,0.0,,Columbus International Program,International Development Intern,International Development Intern,May 2018,Jul 2018,0.0,,Knowlton School at The Ohio State University,Belize International Development Team Member,Belize International Development Team Member,Jan 2018,May 2018,0.0,,The Ohio State University Athletics Department,Customer Service Representative,Customer Service Representative,Oct 2017,May 2018,0.0,,,,,,,,,,,,,,,,,,,,,,,,,,,,,,,,,,,,,,,,,,,,,,,,,,,,,,,,,,,,,,,,,,,,,,,,,,,,,,,,,,,,,,,,,,,,,,,,,,,,,,,,,,,,,,,,,,,,,,,,,,,,,,,,,,,,,,,,,,,,,,,,,,,,,,,,,,,
person-0364,,Client Solutions Associate at Norm Ai | Ex-Bain,Norm Ai,Indiana University - Kelley School of Business,2023.0,2019.0,,,,,,,,,,,2022.0,2022.0,1,Bain,Bain & Company,Bain,Associate Consultant II,Jul 2023,Nov 2024,Peloton Interactive,Consumer Strategy & Insights Analyst,Norm Ai,Client Solutions Associate,Client Solutions Associate,Oct 2025,Present,0,,Peloton Interactive,Consumer Strategy & Insights Analyst,Consumer Strategy & Insights Analyst,Dec 2024,Aug 2025,0.0,,Bain & Company,Associate Consultant II,Associate Consultant II,Jul 2023,Nov 2024,1.0,Bain,Bain & Company,Bain & Company,Associate Consultant Intern; BEL Intern,Aug 2021,Aug 2022,1.0,Bain,Management Leadership for Tomorrow,MLT Career Prep Fellow,MLT Career Prep Fellow,2021,2022,0.0,,Xylem Inc.,Marketing Intern,Marketing Intern,May 2021,Aug 2021,0.0,,Procter & Gamble,Brand Management Emerging Leaders Extern,Brand Management Emerging Leaders Extern,2021,2021,0.0,,Global Children School,Marketing Intern,Marketing Intern,2020,2020,0.0,,,,,,,,,,,,,,,,,,,,,,,,,,,,,,,,,,,,,,,,,,,,,,,,,,,,,,,,,,,,,,,,,,,,,,,,,,,,,,,,,,,,,,,,,,,,,,,,,,,,,,,,,,,,,,,,,,,,,,,,,,,,,,,,,,,,,,,,,,,,,,,,,,,,,,,,,,,,,,,,,,,,,,,,,
person-0365,,"Non-executive Director#Operations Management Director#Charity# Cooperative management partners,Send warmth to the world and wish world peace 🗽",Family Office,,,,,,,,,,,,,Università degli studi di Bologna,1996.0,1990.0,1,Bain,Bain & Company,Bain,Bain & Company,Sep 2011,Aug 2014,Reformation,Non Executive Director,Family Office,Board Member,Board Member,Nov 2016,Present,0,,Reformation,Non Executive Director,Non Executive Director,Nov 2020,Present,0.0,,APPLE RETAIL ITALIA SRL,MBA Intern in Merchandising and Visual Merchandising group,MBA Intern in Merchandising and Visual Merchandising group,Jun 2015,Aug 2015,0.0,,Bain & Company,Bain & Company,Consultant; Associate Consultant,Sep 2011,Aug 2014,1.0,Bain,,,,,,,,,,,,,,,,,,,,,,,,,,,,,,,,,,,,,,,,,,,,,,,,,,,,,,,,,,,,,,,,,,,,,,,,,,,,,,,,,,,,,,,,,,,,,,,,,,,,,,,,,,,,,,,,,,,,,,,,,,,,,,,,,,,,,,,,,,,,,,,,,,,,,,,,,,,,,,,,,,,,,,,,,,,,,,,,,,,,,,,,,,,,,,,,,,,,
person-0366,Birmingham,,Regions Bank,,,,,,,,,,,,,,,,1,Bain,Bain & Company,Bain,Consultant,Sep 1999,Jul 2004,Rohm and Haas,Global Business Development Manager,Regions Bank,Regions Bank,Head of Corporate Philanthropy and Executive Director of the Regions Foundation; SVP - Risk Management; Marketing SVP; Senior Consultant,Feb 2006,Present,0,,Rohm and Haas,Global Business Development Manager,Global Business Development Manager,Oct 2004,Jan 2006,0.0,,Bain & Company,Consultant,Consultant,Sep 1999,Jul 2004,1.0,Bain,Mars,Process Engineer,Process Engineer,1996,1998,0.0,,Nabisco,Line Supervisor,Line Supervisor,1994,1996,0.0,,,,,,,,,,,,,,,,,,,,,,,,,,,,,,,,,,,,,,,,,,,,,,,,,,,,,,,,,,,,,,,,,,,,,,,,,,,,,,,,,,,,,,,,,,,,,,,,,,,,,,,,,,,,,,,,,,,,,,,,,,,,,,,,,,,,,,,,,,,,,,,,,,,,,,,,,,,,,,,,,,,,,,,,,,,,,,,,,,,,,,,,,,,,,,
person-0367,,Investment Professional @ Morgan Stanley | Private Equity Solutions,Morgan Stanley,Harvard Business School,,,,,,,,,,,,Harvard University,,,1,Bain,Bain & Company,Bain,Bain & Company,Sep 2009,Aug 2012,Morgan Stanley,Managing Director,Morgan Stanley,Managing Director,Managing Director,Aug 2015,Present,0,,CBO Capital Partners Ltd,Summer Associate,Summer Associate,Jun 2014,Aug 2014,0.0,,IFC - International Finance Corporation,Summer Investment Intern - Consumer & Social Services,Summer Investment Intern - Consumer & Social Services,Jun 2013,Aug 2013,0.0,,Bain & Company,Bain & Company,Senior Associate Consultant; Associate Consultant,Sep 2009,Aug 2012,1.0,Bain,Converse,Strategic Planning Analyst,Strategic Planning Analyst,Jun 2011,Nov 2011,0.0,,Bain & Company,Associate Consultant Intern,Associate Consultant Intern,Jun 2008,Aug 2008,1.0,Bain,,,,,,,,,,,,,,,,,,,,,,,,,,,,,,,,,,,,,,,,,,,,,,,,,,,,,,,,,,,,,,,,,,,,,,,,,,,,,,,,,,,,,,,,,,,,,,,,,,,,,,,,,,,,,,,,,,,,,,,,,,,,,,,,,,,,,,,,,,,,,,,,,,,,,,,,,,,,,,,,,,,,,,,,,,,,,,,,,,,,,,
person-0368,,Strategy @ Gates Foundation | Bain,Goldman Sachs,University of Michigan - Stephen M. Ross School of Business,,,,,,,,,,,,University of Michigan - School of Information,,,1,Bain,Bain & Company,Bain,Bain & Company,Aug 2022,Jul 2025,Bill & Melinda Gates Foundation,Associate Strategy Officer,Bill & Melinda Gates Foundation,Associate Strategy Officer,Associate Strategy Officer,Jan 2025,Jul 2025,0,,Bain & Company,Bain & Company,Senior Associate Consultant; Associate Consultant,Aug 2022,Jul 2025,1.0,Bain,University of Michigan,Instructional Aide,Instructional Aide,Jan 2021,May 2022,0.0,,Bain & Company Inc.,Associate Consultant Intern,Associate Consultant Intern,Jun 2021,Aug 2021,1.0,Bain,Nexecon Consulting Group,President (student org),President (student org),Jan 2018,Aug 2021,0.0,,Comcast,Business Services Intern,Business Services Intern,May 2020,Jul 2020,0.0,,Michigan State University Department of Civil and Environmental Engineering,Research Assistant,Research Assistant,2016,2017,0.0,,,,,,,,,,,,,,,,,,,,,,,,,,,,,,,,,,,,,,,,,,,,,,,,,,,,,,,,,,,,,,,,,,,,,,,,,,,,,,,,,,,,,,,,,,,,,,,,,,,,,,,,,,,,,,,,,,,,,,,,,,,,,,,,,,,,,,,,,,,,,,,,,,,,,,,,,,,,,,,,,,,,,,,,,,,,,,,,
person-0369,Florida,Executive Recruiter | Connecting Top Talent with Game-Changing Opportunities | Strategic Hiring Partner for Growth & Leadership Roles,Manpower,,,,,,,,,,,,,Cornell University,,,1,McKinsey,McKinsey & Company,McKinsey,Recruiter,Oct 2018,Oct 2019,Meta,Technical Recruiter,Manpower,Executive Recruiter,Executive Recruiter,Jun 2023,Present,0,,Meta,Meta,Lead Software Engineer; Senior Technical Recruiter; Technical Recruiter; Technical Recruiter,Nov 2019,Apr 2023,0.0,,McKinsey & Company,Recruiter,Recruiter,Oct 2018,Oct 2019,1.0,McKinsey,IBM,Senior Information Technology Recruiter,Senior Information Technology Recruiter,Jan 2017,Jan 2018,0.0,,Amazon,Lead Recruiter,Lead Recruiter,Jun 2016,Sep 2017,0.0,,Aberdeen Group,Aberdeen Group,Research Analyst; Senior Researcher,Mar 2013,Jun 2016,0.0,,EY,Recruitment Manager,Recruitment Manager,Jul 2012,Feb 2013,0.0,,Forrester,Senior Researcher,Senior Researcher,Jul 2011,Jul 2012,0.0,,,,,,,,,,,,,,,,,,,,,,,,,,,,,,,,,,,,,,,,,,,,,,,,,,,,,,,,,,,,,,,,,,,,,,,,,,,,,,,,,,,,,,,,,,,,,,,,,,,,,,,,,,,,,,,,,,,,,,,,,,,,,,,,,,,,,,,,,,,,,,,,,,,,,,,,,,,,,,,,,,,,,,,,,
person-0370,,Senior Wealth Advisor & Partner at Geometric Wealth Advisors,Geometric Wealth Advisors,Northwestern University - Kellogg School of Management,2012.0,2010.0,,,,,,,,,,,2005.0,2001.0,1,Bain,Bain & Company,Bain,Bain & Company,Sep 2005,Jul 2008,Kraft Foods,Manager of Strategic Planning,Geometric Wealth Advisors,Geometric Wealth Advisors,Senior Wealth Advisor & Partner; Partner; Principal,Mar 2021,Present,0,,"Ameriprise Financial Services, Inc.","Ameriprise Financial Services, Inc.","VP, Analytics Strategy and Engagement; Senior Director of Strategy and Business Development; Director of Strategy and Business Development",May 2016,Mar 2021,0.0,,Bain & Company,Bain & Company,Case Team Leader; Consultant,Jan 2013,Mar 2016,1.0,Bain,Hudson's Bay Company,E-Commerce Intern,E-Commerce Intern,Jun 2011,Aug 2011,0.0,,Kraft Foods,Manager of Strategic Planning,Manager of Strategic Planning,Aug 2008,Aug 2010,0.0,,Bain & Company,Bain & Company,Senior Associate Consultant; Associate Consultant,Sep 2005,Jul 2008,1.0,Bain,Bain & Company,Associate Consultant Intern,Associate Consultant Intern,Jun 2004,Aug 2004,1.0,Bain,,,,,,,,,,,,,,,,,,,,,,,,,,,,,,,,,,,,,,,,,,,,,,,,,,,,,,,,,,,,,,,,,,,,,,,,,,,,,,,,,,,,,,,,,,,,,,,,,,,,,,,,,,,,,,,,,,,,,,,,,,,,,,,,,,,,,,,,,,,,,,,,,,,,,,,,,,,,,,,,,,,,,,,,,,,,,,,
person-0371,San Francisco,Senior Buyer at McGee & Co.,McGee & Co.,,,,,,,,,,,,,University of San Diego,2016.0,2012.0,1,Bain,Bain & Company,Bain,Bain & Company,Nov 2018,Mar 2021,"Williams-Sonoma, Inc.","Associate Buyer Upholstery Fabric, Pottery Barn",McGee & Co.,Senior Buyer,Senior Buyer,Jun 2025,Present,0,,"Williams-Sonoma, Inc.","Williams-Sonoma, Inc.","Senior Buyer Upholstery, Pottery Barn; Buyer Upholstery Fabric, Pottery Barn; Associate Buyer Upholstery Fabric, Pottery Barn",Apr 2021,Jun 2025,0.0,,Bain & Company,Bain & Company,"Digital Events & Marketing Specialist, Bain Innovation Exchange (BIE); Digital Events Coordinator | Bain Innovation Exchange (BIE)",Nov 2018,Mar 2021,1.0,Bain,"Williams-Sonoma, Inc.","Williams-Sonoma, Inc.","Assistant Buyer, Pottery Barn | Upholstery; Merchandise Coordinator, Pottery Barn",Aug 2016,Nov 2018,0.0,,,,,,,,,,,,,,,,,,,,,,,,,,,,,,,,,,,,,,,,,,,,,,,,,,,,,,,,,,,,,,,,,,,,,,,,,,,,,,,,,,,,,,,,,,,,,,,,,,,,,,,,,,,,,,,,,,,,,,,,,,,,,,,,,,,,,,,,,,,,,,,,,,,,,,,,,,,,,,,,,,,,,,,,,,,,,,,,,,,,,,,,,,,,,,,,,,,,,
person-0372,New York,AI Solutions @ Valence,Cognition,Ivey Business School at Western University,2022.0,2019.0,,,,,,,,,,,2017.0,2011.0,1,BCG,Boston Consulting Group (BCG),BCG,Associate,Sep 2022,Jun 2024,Valence,Associate,Valence,Valence,Solutions Engineer; Senior Associate; Associate,Jul 2024,Present,0,,Boston Consulting Group (BCG),Associate,Associate,Sep 2022,Jun 2024,1.0,BCG,Boston Consulting Group (BCG),Summer Associate,Summer Associate,May 2021,Aug 2021,1.0,BCG,Birch Hill Equity Partners,Data Science Analyst,Data Science Analyst,May 2020,Aug 2020,0.0,,RBC Capital Markets,AI Engineer,AI Engineer,May 2019,Aug 2019,0.0,,Morgan Solar Inc.,Business Intern,Business Intern,May 2018,Jun 2018,0.0,,Onondaga Camp,Counsellor,Counsellor,Jun 2016,Aug 2017,0.0,,,,,,,,,,,,,,,,,,,,,,,,,,,,,,,,,,,,,,,,,,,,,,,,,,,,,,,,,,,,,,,,,,,,,,,,,,,,,,,,,,,,,,,,,,,,,,,,,,,,,,,,,,,,,,,,,,,,,,,,,,,,,,,,,,,,,,,,,,,,,,,,,,,,,,,,,,,,,,,,,,,,,,,,,,,,,,,,
person-0373,Berkeley,Public Health & Business Administration @ UC Berkeley,Berkeley Phi Beta Lambda,"University of California, Berkeley, Haas School of Business",2026.0,2023.0,,,,,,,,,,,2022.0,2018.0,1,BCG,Boston Consulting Group (BCG),BCG,BCG Advance Participant,Mar 2023,Mar 2023,Huron,Women's Talk Me Up Participant,Berkeley Phi Beta Lambda,Berkeley Phi Beta Lambda,Co-President; Vice President of Development; Vice President of Projects; Project Manager; Consulting Analyst; Biotechnology Committee Chair; Biotech Committee Analyst,Sep 2022,Present,0,,Oliver Wyman,Oliver Wyman,Incoming Consultant; Consulting Intern,Jun 2025,Present,0.0,,Cal Undergraduate Public Health Coalition,Cal Undergraduate Public Health Coalition,Internal Vice President; Health Policy Advocacy Committee Chair; Professional Development Committee Member,Oct 2022,Apr 2025,0.0,,Global Research and Consulting Group,Global Research and Consulting Group,Director of Consulting; Senior Consultant; Consultant,Sep 2023,Dec 2024,0.0,,Premier Inc.,Consulting Analyst Intern,Consulting Analyst Intern,May 2024,Aug 2024,0.0,,American Red Cross,Project Manager,Project Manager,Mar 2024,May 2024,0.0,,The Leukemia & Lymphoma Society,Project Manager,Project Manager,Feb 2024,May 2024,0.0,,First Mode,Senior Strategy Consultant,Senior Strategy Consultant,Feb 2024,May 2024,0.0,,Oliver Wyman,Women's Leadership Series Participant,Women's Leadership Series Participant,Mar 2024,Mar 2024,0.0,,TikTok,Strategy Consultant,Strategy Consultant,Sep 2023,Dec 2023,0.0,,sweetgreen,Strategy Consultant,Strategy Consultant,Sep 2023,Dec 2023,0.0,,Innisfree이니스프리,Innisfree Brand Ambassador and Content Creator,Innisfree Brand Ambassador and Content Creator,Apr 2023,Dec 2023,0.0,,PCS,Research Assistant,Research Assistant,Jan 2023,Sep 2023,0.0,,AbbVie,EXCEL Extern - Pharmaceutical Sales,EXCEL Extern - Pharmaceutical Sales,Aug 2023,Aug 2023,0.0,,Stanford Health Care,IT Clinical Applications Intern,IT Clinical Applications Intern,May 2023,Aug 2023,0.0,,Next Wave Services,Strategy Sales Management Intern,Strategy Sales Management Intern,Mar 2023,Aug 2023,0.0,,Limmi,Sales And Marketing Intern,Sales And Marketing Intern,Mar 2023,Aug 2023,0.0,,Huron,Women's Talk Me Up Participant,Women's Talk Me Up Participant,Apr 2023,Apr 2023,0.0,,Boston Consulting Group (BCG),BCG Advance Participant,BCG Advance Participant,Mar 2023,Mar 2023,1.0,BCG,SOMISOMI,Food Server,Food Server,Jan 2022,Jun 2022,0.0,,Bobtutor,"Vice President, Music Branch Leader","Vice President, Music Branch Leader",Nov 2020,Jun 2022,0.0,,Mathnasium - The Math Learning Center,Teacher,Teacher,Nov 2019,Apr 2022,0.0,,"University of California, Davis",Research Intern,Research Intern,Jun 2021,Jul 2021,0.0,,,,,,,,,,,,,,,,,,,,,,,,,,,,,,,,,,,,,,,,,,,,,,,,,,,,,,,,,,,,,,,,
person-0374,Atlanta,Data & Analytics Senior Consultant at SEI,Northwell Health,,,,,,,,,,,,,Emory University,2014.0,2010.0,1,BCG,The Boston Consulting Group,BCG,Case Team Assisant,Feb 2015,May 2016,The Home Depot,Inventory Analyst,SEI,SEI,Senior Consultant; Consultant,Apr 2022,Present,0,,Amazon,Business Analyst ‐ Global Speciality Fulfillment,Business Analyst ‐ Global Speciality Fulfillment,Oct 2020,Apr 2022,0.0,,The Home Depot,The Home Depot,Senior Data Analyst - Online Delivery Analytics & Strategy; Senior Inventory Analyst; Inventory Analyst,Jun 2016,Oct 2020,0.0,,The Boston Consulting Group,Case Team Assisant,Case Team Assisant,Feb 2015,May 2016,1.0,BCG,Emory University Office of Vice President and Secretary,Emory University Office of Vice President and Secretary,"Administrative Assistant; IT Technician, Finance Assistant",Jun 2013,May 2014,0.0,,Atlanta International Fashion Week,Public Relations,Public Relations,Mar 2013,Jul 2013,0.0,,"Asta Publications, LLC",Finance and Business Development Intern,Finance and Business Development Intern,May 2012,Aug 2012,0.0,,Michael C. Carlos Museum,Finance and Art Gallery Assistant,Finance and Art Gallery Assistant,Aug 2010,Aug 2012,0.0,,Emory Boisfeuillet Jones Center,Peer Financial Counselor,Peer Financial Counselor,Aug 2011,May 2012,0.0,,Emory Goizueta Business School,Finance Research Assistant,Finance Research Assistant,Aug 2011,May 2012,0.0,,Emory Student Ambassadors,Lobby Hostess,Lobby Hostess,Aug 2011,May 2012,0.0,,Macon Fashions,Clerk and Salesperson,Clerk and Salesperson,Aug 2008,Aug 2011,0.0,,,,,,,,,,,,,,,,,,,,,,,,,,,,,,,,,,,,,,,,,,,,,,,,,,,,,,,,,,,,,,,,,,,,,,,,,,,,,,,,,,,,,,,,,,,,,,,,,,,,,,,,,,,,,,,,,,,,,,,,,,,,,,,,,,,,,,,,,,,,,
person-0375,,Executive Director | Acquisitions Strategy - Sapphire at JPMorgan Chase & Co.,JPMorgan Chase & Co.,University of Virginia Darden School of Business,2019.0,2017.0,,,,,,,,,,,2012.0,2011.0,1,BCG,The Boston Consulting Group (BCG),BCG,Consultant,Jun 2018,Aug 2018,JPMorgan Chase & Co.,Sr. Associate | Product Manager - Digital Servicing,JPMorgan Chase & Co.,JPMorgan Chase & Co.,Executive Director | Head of Acquisitions Strategy - Sapphire; Vice President | Acquisitions Marketing Strategy Lead - Sapphire; Sr. Associate | Product Manager - Digital Engagement Platforms; Sr. Associate | Strategic Partnerships Marketing Manager - Sapphire; Sr. Associate | Product Manager - Digital Servicing,Aug 2019,Present,0,,University of Virginia Darden School of Business,MBA Candidate - 2019,MBA Candidate - 2019,Aug 2017,May 2019,0.0,,The Boston Consulting Group (BCG),Consultant,Consultant,Jun 2018,Aug 2018,1.0,BCG,Target,Target,Senior Consultant - Merchandise Strategy & Insights; Senior Business Analyst; Business Analyst (Merchandise Planning),Jun 2013,Jul 2017,0.0,,University of Florida,Heavener School of Business Student Assistant,Heavener School of Business Student Assistant,May 2011,Apr 2013,0.0,,Management Leadership for Tomorrow,Career Prep Fellow,Career Prep Fellow,Jun 2011,Dec 2012,0.0,,Target,Merchandise Planning Intern,Merchandise Planning Intern,Jun 2012,Aug 2012,0.0,,,,,,,,,,,,,,,,,,,,,,,,,,,,,,,,,,,,,,,,,,,,,,,,,,,,,,,,,,,,,,,,,,,,,,,,,,,,,,,,,,,,,,,,,,,,,,,,,,,,,,,,,,,,,,,,,,,,,,,,,,,,,,,,,,,,,,,,,,,,,,,,,,,,,,,,,,,,,,,,,,,,,,,,,,,,,,,,
person-0376,Newtown Grant,"Lead, Worldwide Oncology Product Design and Development at Bristol Myers Squibb",Bristol Myers Squibb,University of Virginia Darden School of Business,2005.0,2003.0,,,,,,,,,,,1999.0,1995.0,1,BCG,BCG,BCG,Consultant,Sep 2005,May 2006,ZS Associates,Manager,Bristol Myers Squibb,Bristol Myers Squibb,"Lead, Worldwide Oncology Product Design and Development; Lead, Patient Access Support Services; Commercial Strategy and Operations Lead; OPDIVO Marketing, US GU Lead; Director, Launch Excellence and Innovation; Director, US I-O Customer Model; Associate Director, Oncology Payer Marketing; Associate Director, Sales Planning and Analysis",Sep 2009,Present,0,,ZS Associates,Manager,Manager,Jun 2006,Aug 2009,0.0,,BCG,Consultant,Consultant,Sep 2005,May 2006,1.0,BCG,ZS Associates,Summer Consultant,Summer Consultant,May 2004,Aug 2004,0.0,,Capital One,Business Analyst,Business Analyst,Apr 2002,May 2003,0.0,,Enron,Analyst,Analyst,1999,2002,0.0,,,,,,,,,,,,,,,,,,,,,,,,,,,,,,,,,,,,,,,,,,,,,,,,,,,,,,,,,,,,,,,,,,,,,,,,,,,,,,,,,,,,,,,,,,,,,,,,,,,,,,,,,,,,,,,,,,,,,,,,,,,,,,,,,,,,,,,,,,,,,,,,,,,,,,,,,,,,,,,,,,,,,,,,,,,,,,,,,,,,,,,
person-0377,Washington,"Vice President, Corporate Responsibility Strategy at JPMorgan Chase",JPMorgan Chase & Co.,The University of Chicago Booth School of Business,2022.0,2020.0,,,,,,,,,,,2016.0,2012.0,1,McKinsey,McKinsey & Company,McKinsey,Management Consultant,Sep 2022,Jun 2024,JPMorgan Chase & Co.,"Vice President, Corporate Responsibility Strategy",JPMorgan Chase & Co.,"Vice President, Corporate Responsibility Strategy","Vice President, Corporate Responsibility Strategy",Jun 2024,Present,0,,McKinsey & Company,Management Consultant,Management Consultant,Sep 2022,Jun 2024,1.0,McKinsey,P33 Chicago,MBA Strategy & Operations Intern,MBA Strategy & Operations Intern,Jun 2021,Aug 2021,0.0,,McKinsey & Company,McKinsey & Company,Management Consultant; McKinsey Global Institute-- Senior Business Analyst Fellow,Aug 2018,Jul 2020,1.0,McKinsey,James A. Baker III Institute for Public Policy -- Rice University,McNair Center for Entrepreneurship & Innovation Research Intern,McNair Center for Entrepreneurship & Innovation Research Intern,Nov 2015,May 2016,0.0,,McKinsey & Company,Summer Business Analyst,Summer Business Analyst,Jun 2015,Aug 2015,1.0,McKinsey,Ceragon Networks,Market Content Analyst Intern,Market Content Analyst Intern,Jun 2014,Aug 2014,0.0,,ThinkImpact,Design Team Lead,Design Team Lead,Jun 2013,Aug 2013,0.0,,,,,,,,,,,,,,,,,,,,,,,,,,,,,,,,,,,,,,,,,,,,,,,,,,,,,,,,,,,,,,,,,,,,,,,,,,,,,,,,,,,,,,,,,,,,,,,,,,,,,,,,,,,,,,,,,,,,,,,,,,,,,,,,,,,,,,,,,,,,,,,,,,,,,,,,,,,,,,,,,,,,,,,,,
person-0378,Miami,Executive Sourcing Recruiter | Solventum | ex-McKinsey,Solventum,,,,,,,,,,,,,Florida International University,2007.0,2003.0,1,McKinsey,McKinsey & Company,McKinsey,McKinsey & Company,Jun 2016,Aug 2024,Solventum,Talent Acquisition Executive Sourcing Specialist,Solventum,Talent Acquisition Executive Sourcing Specialist,Talent Acquisition Executive Sourcing Specialist,Aug 2024,Present,0,,McKinsey & Company,McKinsey & Company,Executive Tech Sourcing Recruiter; Senior Tech Sourcing Recruiter,Jun 2016,Aug 2024,1.0,McKinsey,"Strategy& (Formerly Booz & Company), a member of the PricewaterhouseCoopers network of firms",Strategy Recruiter,Strategy Recruiter,Sep 2013,Jun 2016,0.0,,TEKsystems,TEKsystems,Professional Technical Recruiter; Senior Technical Recruiter; Technical Recruiter,Sep 2007,Sep 2013,0.0,,,,,,,,,,,,,,,,,,,,,,,,,,,,,,,,,,,,,,,,,,,,,,,,,,,,,,,,,,,,,,,,,,,,,,,,,,,,,,,,,,,,,,,,,,,,,,,,,,,,,,,,,,,,,,,,,,,,,,,,,,,,,,,,,,,,,,,,,,,,,,,,,,,,,,,,,,,,,,,,,,,,,,,,,,,,,,,,,,,,,,,,,,,,,,,,,,,,,
person-0379,Chicago,JD/MBA Candidate at Northwestern University | Ex-Brattle,The Brattle Group,,,,,,,,,,,,,Northwestern University Pritzker School of Law,2028.0,2025.0,1,Bain,Bain & Company,Bain,Research Assistant,May 2019,Jun 2019,Worklyn Partners,M&A Research Analyst,The Brattle Group,The Brattle Group,Senior Research Analyst; Research Analyst,Jul 2022,Jul 2025,0,,DS Investment & Securities,Strategy Intern,Strategy Intern,Jun 2022,Jul 2022,0.0,,DS Asset Management,Business Strategy Development Intern,Business Strategy Development Intern,May 2021,Aug 2021,0.0,,Worklyn Partners,M&A Research Analyst,M&A Research Analyst,Jan 2021,Apr 2021,0.0,,Bain & Company,Research Assistant,Research Assistant,May 2019,Jun 2019,1.0,Bain,Republic of Korea Army,Sergeant,Sergeant,Aug 2017,May 2019,0.0,,Barun Law LLC,Summer Law Clerk,Summer Law Clerk,Jun 2017,Jul 2017,0.0,,Permanent Mission of the Republic of Korea to the United Nations,Security Council Intern,Security Council Intern,May 2016,Jul 2016,0.0,,,,,,,,,,,,,,,,,,,,,,,,,,,,,,,,,,,,,,,,,,,,,,,,,,,,,,,,,,,,,,,,,,,,,,,,,,,,,,,,,,,,,,,,,,,,,,,,,,,,,,,,,,,,,,,,,,,,,,,,,,,,,,,,,,,,,,,,,,,,,,,,,,,,,,,,,,,,,,,,,,,,,,,,,
person-0380,Indianapolis,"Associate Director, Neuroscience Biomarkers & Clinical Development, Fulbright, French Speaker, International Exchange Enthusiast",Eli Lilly and Company,,,,,,,,,,,,,University of Michigan Medical School,2023.0,2018.0,1,McKinsey,McKinsey & Company,McKinsey,Mckinsey Diversity Connect,May 2022,May 2022,The Fulbright Program,Fulbright Alumni Ambassador,Eli Lilly and Company,Eli Lilly and Company,Associate Director Clinical Biomarker Strategist; Advisor Clinical Pharmacology; Advisor ADME/Toxicology,Aug 2023,Present,0,,Institute of International Education,Global Community for Women's Leadership,Global Community for Women's Leadership,Nov 2024,Present,0.0,,The Fulbright Program,Fulbright Alumni Ambassador,Fulbright Alumni Ambassador,Jan 2019,Present,0.0,,University of Michigan Medical School,Ph.D. Candidate Pharmacology,Ph.D. Candidate Pharmacology,Aug 2018,Aug 2023,0.0,,Merck,Pharmaceutical Sciences Intern (Oral Formulation Sciences),Pharmaceutical Sciences Intern (Oral Formulation Sciences),Jun 2022,Aug 2022,0.0,,McKinsey & Company,Mckinsey Diversity Connect,Mckinsey Diversity Connect,May 2022,May 2022,1.0,McKinsey,ICPD Programs,SMDP Biotech Scholar,SMDP Biotech Scholar,Apr 2021,Apr 2022,0.0,,University of Michigan,University of Michigan,Dance Instructor; Rackham Professional Development Leader,Jul 2019,2021,0.0,,Fulbright Noir,Founder,Founder,2017,2019,0.0,,"Commission for Educational Exchange between the U.S., Belgium and Luxembourg",Fulbright Research Scientist,Fulbright Research Scientist,Sep 2017,Jul 2018,0.0,,Belgian American Educational Foundation,Research Fellow,Research Fellow,Jul 2017,Jul 2018,0.0,,"University of Michigan College of Literature, Science, and the Arts","University of Michigan College of Literature, Science, and the Arts",M.S. Bridge-to-Doctorate Candidate; Graduate Student Instructor,Jan 2016,Jun 2017,0.0,,Georgia Institute of Technology,Georgia Institute of Technology,Research Technician and Lab Manager; Undergraduate Researcher,Aug 2012,Jun 2015,0.0,,,,,,,,,,,,,,,,,,,,,,,,,,,,,,,,,,,,,,,,,,,,,,,,,,,,,,,,,,,,,,,,,,,,,,,,,,,,,,,,,,,,,,,,,,,,,,,,,,,,,,,,,,,,,,,,,,,,,,,,,,,,,,,,,,,,,,
person-0381,Boulder,Ex-Bain | MIT | Stanford,Rubicon Technology Partners,,,,,,,,,,,,,,2022.0,2020.0,1,Bain,Bain & Company,Bain,Bain & Company,Aug 2022,Jan 2025,Rubicon Technology Partners,Senior Associate,Rubicon Technology Partners,Senior Associate,Senior Associate,Mar 2025,Present,0,,Bain & Company,Bain & Company,Manager; Consultant,Aug 2022,Jan 2025,1.0,Bain,MIT Sloan School of Management,"MBA, 2022","MBA, 2022",Aug 2020,Aug 2022,0.0,,Sloan Venture Partners,President,President,Sep 2020,Apr 2022,0.0,,Underscore VC,Summer Associate,Summer Associate,Jun 2021,Aug 2021,0.0,,Huron,Senior Associate Intern,Senior Associate Intern,Jun 2021,Aug 2021,0.0,,Human API,Human API,"Chairman Of The Board, Human API Serves; Enterprise Customer Success Manager",Feb 2016,Jun 2020,0.0,,HealthTap,Business Development Lead,Business Development Lead,Sep 2015,Feb 2016,0.0,,Misfit Wearables,Health Data Intern,Health Data Intern,Jul 2015,Sep 2015,0.0,,Illumina,Curation Associate,Curation Associate,Sep 2014,May 2015,0.0,,Stanford University School of Medicine,Research Assistant,Research Assistant,Sep 2012,Aug 2013,0.0,,Stanford Outdoor Education,Outdoor Gear Coordinator and Climbing Wall Supervisor,Outdoor Gear Coordinator and Climbing Wall Supervisor,Mar 2011,May 2013,0.0,,"ReShape Medical, Inc.",Engineering Intern,Engineering Intern,Aug 2011,Sep 2011,0.0,,,,,,,,,,,,,,,,,,,,,,,,,,,,,,,,,,,,,,,,,,,,,,,,,,,,,,,,,,,,,,,,,,,,,,,,,,,,,,,,,,,,,,,,,,,,,,,,,,,,,,,,,,,,,,,,,,,,,,,,,,,,,,,,,,,,,,
person-0382,,Small business advocate and passionate about economic development and financial inclusion and health | ex Mckinsey | ex Founder I I strategize and roll up my sleeves | Proud Latina,The Acceleration Project,Columbia University - Columbia Business School,2000.0,1997.0,,,,,,,,,,,1994.0,1989.0,1,McKinsey,McKinsey & Company,McKinsey,Consultant,Aug 2000,Oct 2003,McKinsey Alumni Consultants,Consultant,The Acceleration Project,The Acceleration Project,Senior Advisor; Chief Program Officer; VP Program Development and Delivery; Director of Service Delivery; Consultant,Oct 2016,Present,0,,goVida Healthy Foods LLC,Co-founder/Manager,Co-founder/Manager,Sep 2011,Oct 2015,0.0,,McKinsey Alumni Consultants,Consultant,Consultant,Sep 2007,Apr 2008,1.0,McKinsey,McKinsey & Company,Consultant,Consultant,Aug 2000,Oct 2003,1.0,McKinsey,Coinvertir - Attracting Foreign Investment to Colombia,Sector and Project Manager,Sector and Project Manager,Jan 1995,May 1997,0.0,,,,,,,,,,,,,,,,,,,,,,,,,,,,,,,,,,,,,,,,,,,,,,,,,,,,,,,,,,,,,,,,,,,,,,,,,,,,,,,,,,,,,,,,,,,,,,,,,,,,,,,,,,,,,,,,,,,,,,,,,,,,,,,,,,,,,,,,,,,,,,,,,,,,,,,,,,,,,,,,,,,,,,,,,,,,,,,,,,,,,,,,,,,,,,
person-0383,Chicago,Generative AI at McDonald's | Strategy & Data | Bain Alum,McDonald's,,,,,,,,,,,,,Indiana University Bloomington,,,1,Bain,Bain & Company,Bain,Bain & Company,Sep 2019,Jul 2022,Brown Bag Seafood Co.,Director of Revenue,McDonald's,"Senior Manager, GenAI Strategy and Process","Senior Manager, GenAI Strategy and Process",Feb 2025,Present,0,,Brown Bag Seafood Co.,Director of Revenue,Director of Revenue,Aug 2022,Jul 2024,0.0,,Bain & Company,Bain & Company,Consultant; Senior Associate Consultant; Associate Consultant,Sep 2019,Jul 2022,1.0,Bain,Bain & Company,Associate Consultant Intern,Associate Consultant Intern,Jun 2018,Aug 2018,1.0,Bain,Bain & Company,BEL Program Intern,BEL Program Intern,Aug 2017,Aug 2017,1.0,Bain,,,,,,,,,,,,,,,,,,,,,,,,,,,,,,,,,,,,,,,,,,,,,,,,,,,,,,,,,,,,,,,,,,,,,,,,,,,,,,,,,,,,,,,,,,,,,,,,,,,,,,,,,,,,,,,,,,,,,,,,,,,,,,,,,,,,,,,,,,,,,,,,,,,,,,,,,,,,,,,,,,,,,,,,,,,,,,,,,,,,,,,,,,,,,
person-0384,,DIRECTOR | STRATEGY | GTM | BUSINESS OPERATIONS,BlackRock,Columbia Business School,,,,,,,,,,,,Harvard University,,,1,BCG,The Boston Consulting Group,BCG,Consultant,2011,2013,Bank of the West,VP - Senior Product Strategy Analyst,BlackRock,"Director, Business Strategy and Planning","Director, Business Strategy and Planning",Apr 2025,Present,0,,Bank of the West,Bank of the West,"VP - Principal of Strategic Planning and Administration, Consumer Bank; VP - Strategic Planning Manager, Consumer Bank Strategy and Operations; VP - Group Product Manager, Consumer Deposits; VP - Senior Product Strategy Analyst",2013,2023,0.0,,The Boston Consulting Group,Consultant,Consultant,2011,2013,1.0,BCG,Banco Santander,MBA Summer Associate,MBA Summer Associate,May 2010,Aug 2010,0.0,,Securities International,Development Officer,Development Officer,Oct 2008,May 2009,0.0,,CB Richard Ellis (Malaysia) Sdn Bhd,Consulting and Research Analyst,Consulting and Research Analyst,Apr 2008,Sep 2008,0.0,,Paterson Securities Ltd,Research Analyst,Research Analyst,Nov 2007,Apr 2008,0.0,,Milbank Winthrop & Co.,Portfolio Administrator,Portfolio Administrator,2005,2007,0.0,,,,,,,,,,,,,,,,,,,,,,,,,,,,,,,,,,,,,,,,,,,,,,,,,,,,,,,,,,,,,,,,,,,,,,,,,,,,,,,,,,,,,,,,,,,,,,,,,,,,,,,,,,,,,,,,,,,,,,,,,,,,,,,,,,,,,,,,,,,,,,,,,,,,,,,,,,,,,,,,,,,,,,,,,
person-0385,Cincinnati,"Event Consultant and Owner at KCO Events, LLC","KCO Events, LLC",,,,,,,,,,,,,College of Charleston,2002.0,1997.0,1,Bain,Bain & Company,Bain,Bain & Company,Sep 2002,Sep 2006,The Forum Corporation (now AchieveForum),Global Operations Associate,"KCO Events, LLC",Owner | Event Consultant,Owner | Event Consultant,Jul 2016,Present,0,,Wellington Management and Starpoint Solutions,Events Specialist (Consultant),Events Specialist (Consultant),Aug 2015,Jun 2016,0.0,,Wellington Management,Wellington Management,Assistant Vice President and Events Specialist; Events Coordinator,Jul 2007,Aug 2015,0.0,,The Forum Corporation (now AchieveForum),Global Operations Associate,Global Operations Associate,Sep 2006,Sep 2007,0.0,,Bain & Company,Bain & Company,Global Training Coordinator; Case Team Coordinator,Sep 2002,Sep 2006,1.0,Bain,,,,,,,,,,,,,,,,,,,,,,,,,,,,,,,,,,,,,,,,,,,,,,,,,,,,,,,,,,,,,,,,,,,,,,,,,,,,,,,,,,,,,,,,,,,,,,,,,,,,,,,,,,,,,,,,,,,,,,,,,,,,,,,,,,,,,,,,,,,,,,,,,,,,,,,,,,,,,,,,,,,,,,,,,,,,,,,,,,,,,,,,,,,,,
person-0386,,Senior Program Services Specialist at Deloitte l Ex-McKinsey,Deloitte,,,,,,,,,,,,,Texas Woman's University,2023.0,2022.0,1,McKinsey,McKinsey & Company,McKinsey,McKinsey & Company,Jul 2021,Jul 2023,Deloitte,Senior Program Services Specialist,Deloitte,Senior Program Services Specialist,Senior Program Services Specialist,Jul 2023,Present,0,,McKinsey & Company,McKinsey & Company,Digital Delivery Analyst; Client Delivery Coordinator,Jul 2021,Jul 2023,1.0,McKinsey,Deloitte,Lead Delivery Specialist: Enabling Areas,Lead Delivery Specialist: Enabling Areas,Aug 2017,Jul 2021,0.0,,Benchmark Resorts & Hotels,Benchmark Resorts & Hotels,Executive Meeting Manager; Resource Manager; Assistant Conference Floor Manager,May 2012,Aug 2017,0.0,,The Inn at Virginia Tech and Skelton Conference Center,The Inn at Virginia Tech and Skelton Conference Center,Assistant Banquet Manager; Banquet Captain,Aug 2010,Dec 2012,0.0,,Virginia Tech Transportation Institute,Administrative Assistant,Administrative Assistant,Jul 2009,Jul 2010,0.0,,,,,,,,,,,,,,,,,,,,,,,,,,,,,,,,,,,,,,,,,,,,,,,,,,,,,,,,,,,,,,,,,,,,,,,,,,,,,,,,,,,,,,,,,,,,,,,,,,,,,,,,,,,,,,,,,,,,,,,,,,,,,,,,,,,,,,,,,,,,,,,,,,,,,,,,,,,,,,,,,,,,,,,,,,,,,,,,,,,,,,,
person-0387,Miami,Helping People Heal & Thrive | Founder of ShareWithin Mental Health Counseling | Intake Therapist at Harmony Bay Wellness | Educator at Miami Dade College,Harmony Bay Wellness,,,,,,,,,,,,,Nova Southeastern University,2020.0,2015.0,1,BCG,Boston Consulting Group (BCG),BCG,Boston Consulting Group (BCG),Oct 2018,Jun 2021,Miami Dade College,Adjunct Professor,Harmony Bay Wellness,Intake and Assessment Therapist,Intake and Assessment Therapist,Jun 2023,Present,0,,Sharewithin Mental Health Counseling,Founder & Primary Therapist,Founder & Primary Therapist,Oct 2020,Present,0.0,,Miami Dade College,Adjunct Professor,Adjunct Professor,Aug 2023,Present,0.0,,Boston Consulting Group (BCG),Boston Consulting Group (BCG),Executive Assistant; Talent Acquisition Associate,Oct 2018,Jun 2021,1.0,BCG,MUJER INC.,Mental Health Counselor Intern,Mental Health Counselor Intern,Aug 2018,Aug 2019,0.0,,Oliver-Pyatt Centers,Recovery Coach,Recovery Coach,Oct 2016,Oct 2018,0.0,,The Boston Consulting Group,Administrative Assistant,Administrative Assistant,Aug 2015,Oct 2016,1.0,BCG,Events on a Budget,Wedding Coordinator,Wedding Coordinator,Dec 2010,Oct 2016,0.0,,TESCO-Thomas Electrical Sales Corp,Executive Assistant,Executive Assistant,May 2015,Aug 2015,0.0,,Brickell Chiropractic and Wellness,Office Manager,Office Manager,Dec 2014,Mar 2015,0.0,,Baptist Hospital,Baptist Hospital,Patient financial representative; Patient Transporter,Mar 2010,Oct 2014,0.0,,Chelle Design Group,Administrative assistant,Administrative assistant,Jan 2009,Feb 2010,0.0,,,,,,,,,,,,,,,,,,,,,,,,,,,,,,,,,,,,,,,,,,,,,,,,,,,,,,,,,,,,,,,,,,,,,,,,,,,,,,,,,,,,,,,,,,,,,,,,,,,,,,,,,,,,,,,,,,,,,,,,,,,,,,,,,,,,,,,,,,,,,
person-0388,San Francisco,"Partnerships, Google Beam",Google,Georgetown University McDonough School of Business,2025.0,2023.0,,,,,,,,,,,2016.0,2013.0,1,McKinsey,McKinsey & Company,McKinsey,Analyst,Apr 2018,Mar 2020,Marquee Equity,Senior Associate - Sales Growth,Google,Strategic Partnerships Development Manager,Strategic Partnerships Development Manager,Jul 2025,Present,0,,Yoda Admissions,Co-Coach,Co-Coach,Oct 2024,Present,0.0,,Farmhand Ventures,Impact Investment Fellow,Impact Investment Fellow,Jan 2024,Dec 2024,0.0,,Google,Global Partnerships MBA Intern,Global Partnerships MBA Intern,May 2024,Aug 2024,0.0,,National Health Authority (NHA),National Health Authority (NHA),Team Lead; Consultant,Apr 2021,Jun 2023,0.0,,Marquee Equity,Marquee Equity,Lead - Sales Growth; Senior Associate - Sales Growth,Mar 2020,Mar 2021,0.0,,McKinsey & Company,Analyst,Analyst,Apr 2018,Mar 2020,1.0,McKinsey,S&P Global Market Intelligence,Researcher,Researcher,Oct 2016,Mar 2018,0.0,,,,,,,,,,,,,,,,,,,,,,,,,,,,,,,,,,,,,,,,,,,,,,,,,,,,,,,,,,,,,,,,,,,,,,,,,,,,,,,,,,,,,,,,,,,,,,,,,,,,,,,,,,,,,,,,,,,,,,,,,,,,,,,,,,,,,,,,,,,,,,,,,,,,,,,,,,,,,,,,,,,,,,,,,
person-0389,Cambridge,MBA Candidate at MIT Sloan,Analysis Group,MIT Sloan School of Management,2027.0,2025.0,,,,,,,,,,,2018.0,2014.0,1,BCG,Boston Consulting Group (BCG),BCG,Part-time Assistant,Dec 2020,May 2021,Analysis Group,Analyst,Analysis Group,Analysis Group,Senior Analyst; Analyst,Aug 2022,Jul 2025,0,,No Patient Left Behind,Fellow,Fellow,Sep 2024,Jan 2025,0.0,,Analysis Group,Summer Analyst Intern,Summer Analyst Intern,Jun 2021,Aug 2021,0.0,,Boston Consulting Group (BCG),Part-time Assistant,Part-time Assistant,Dec 2020,May 2021,1.0,BCG,Decode | Tech & Innovation Conference,Decode | Tech & Innovation Conference,"Chief of Staff; Panel Moderator, Event Planning Core",Oct 2018,Jan 2021,0.0,,East Asian Union,Co-President,Co-President,Jan 2019,Aug 2020,0.0,,Associated Students of the University of California,Associated Students of the University of California,"Senator; International Affairs Associate, Office of Senator James Li",Aug 2018,May 2020,0.0,,China AIDS Fund for NGOs,Project Management Intern,Project Management Intern,Jun 2019,Aug 2019,0.0,,Blue City,Healthcare Business Development Intern,Healthcare Business Development Intern,Jul 2018,Aug 2018,0.0,,,,,,,,,,,,,,,,,,,,,,,,,,,,,,,,,,,,,,,,,,,,,,,,,,,,,,,,,,,,,,,,,,,,,,,,,,,,,,,,,,,,,,,,,,,,,,,,,,,,,,,,,,,,,,,,,,,,,,,,,,,,,,,,,,,,,,,,,,,,,,,,,,,,,,,,,,,,,,,,,,
person-0390,New York,"Content Acquisition & Partnerships, Prime Video Channels",Prime Video & Amazon Studios,NYU Stern School of Business,2019.0,2017.0,,,,,,,,,,,2013.0,2009.0,1,Bain,Bain & Company,Bain,Consultant,May 2021,Jul 2022,Prime Video & Amazon Studios,"Strategy Manager, Prime Video Channels",Prime Video & Amazon Studios,Prime Video & Amazon Studios,"Sr. Content Acquisition & Partnerships Manager, Prime Video Channels; Strategy Manager, Prime Video Channels",Jul 2022,Present,0,,Bain & Company,Consultant,Consultant,May 2021,Jul 2022,1.0,Bain,L.E.K. Consulting,L.E.K. Consulting,"Senior Consultant, TMT Practice; Consultant",Oct 2019,Apr 2021,0.0,,"Turner (Turner Broadcasting System, Inc)",Corporate Strategy Intern,Corporate Strategy Intern,Jun 2018,Dec 2018,0.0,,EY,EY,Senior Tax Accountant; Staff Tax Accountant,Oct 2014,Jul 2017,0.0,,Entercom,"Weekend On-Air Personality, Star 94.1","Weekend On-Air Personality, Star 94.1",Aug 2010,Oct 2011,0.0,,,,,,,,,,,,,,,,,,,,,,,,,,,,,,,,,,,,,,,,,,,,,,,,,,,,,,,,,,,,,,,,,,,,,,,,,,,,,,,,,,,,,,,,,,,,,,,,,,,,,,,,,,,,,,,,,,,,,,,,,,,,,,,,,,,,,,,,,,,,,,,,,,,,,,,,,,,,,,,,,,,,,,,,,,,,,,,,,,,,,,,
person-0391,North Palm Beach,Deployment. At speed and at scale.,NextEra Energy Resources,Harvard Business School,2024.0,2022.0,,,,,,,,,,,2009.0,2005.0,1,McKinsey,McKinsey & Company,McKinsey,Business Analyst,Jul 2014,Dec 2015,A2D24,Consultant,NextEra Energy Resources,Commercial Operations and Strategy Manager,Commercial Operations and Strategy Manager,Jul 2024,Present,0,,Harvard Business School,MBA Candidate,MBA Candidate,Aug 2022,May 2024,0.0,,NextEra Energy Resources,MBA Intern,MBA Intern,Jun 2023,Aug 2023,0.0,,Plentify,Plentify,Head of Partnerships; Strategy and Business Development Associate,Apr 2019,May 2022,0.0,,GreenCape,GreenCape,Project Manager; Senior Analyst,Apr 2016,Mar 2019,0.0,,A2D24,Consultant,Consultant,Feb 2016,Feb 2016,0.0,,McKinsey & Company,Business Analyst,Business Analyst,Jul 2014,Dec 2015,1.0,McKinsey,St Henry's Marist College,High School Debating Coach/Adjudicator,High School Debating Coach/Adjudicator,Feb 2014,May 2014,0.0,,University of KwaZulu-Natal,Part-time Graduate Research Assistant,Part-time Graduate Research Assistant,Dec 2013,Feb 2014,0.0,,McKinsey & Company,Intern,Intern,2012,2012,1.0,McKinsey,,,,,,,,,,,,,,,,,,,,,,,,,,,,,,,,,,,,,,,,,,,,,,,,,,,,,,,,,,,,,,,,,,,,,,,,,,,,,,,,,,,,,,,,,,,,,,,,,,,,,,,,,,,,,,,,,,,,,,,,,,,,,,,,,,,,,,,,,,,,,,,,,,,,,,,,,,
person-0392,Atlanta,"Afrotech ‘25 | BI Analyst | SQL, Tableau, PowerBI, Python, Excel | Transforming Data Into Actionable Insights",Visa,,,,,,,,,,,,,Georgia Institute of Technology,2028.0,2026.0,1,"BCG, McKinsey",McKinsey & Company,McKinsey,Mckinsey Launch,Apr 2022,Apr 2022,Google,Google Bold Immersion,Visa,Business Intelligence Analyst,Business Intelligence Analyst,Aug 2024,Present,0,,Boston Consulting Group (BCG),Boston Consulting Group (BCG),Summer Associate; BCG Bridge to Consulting,Mar 2022,Aug 2023,1.0,BCG,Harvard Business School,MBA Participant,MBA Participant,Jun 2023,Jun 2023,0.0,,Management Leadership for Tomorrow,MLT Fellow,MLT Fellow,Feb 2022,May 2023,0.0,,FORVIS,Advisory Intern,Advisory Intern,May 2022,Aug 2022,0.0,,Google,Google Bold Immersion,Google Bold Immersion,Apr 2022,Aug 2022,0.0,,McKinsey & Company,Mckinsey Launch,Mckinsey Launch,Apr 2022,Apr 2022,1.0,McKinsey,The University of Georgia,Certified Service Assistant,Certified Service Assistant,Sep 2020,Sep 2021,0.0,,Dixon Hughes Goodman LLP,Futures Program Candidate,Futures Program Candidate,Jun 2021,Jun 2021,0.0,,,,,,,,,,,,,,,,,,,,,,,,,,,,,,,,,,,,,,,,,,,,,,,,,,,,,,,,,,,,,,,,,,,,,,,,,,,,,,,,,,,,,,,,,,,,,,,,,,,,,,,,,,,,,,,,,,,,,,,,,,,,,,,,,,,,,,,,,,,,,,,,,,,,,,,,,,,,,,,,,,
person-0393,New York,Senior Manager at Keystone AI | Ex-BCG | Yale MBA,Keystone AI,Yale School of Management,2022.0,2020.0,,,,,,,,,,,2011.0,2007.0,1,BCG,Boston Consulting Group (BCG),BCG,Consultant,Jul 2022,Dec 2024,Keystone AI,Senior Manager,Keystone AI,Senior Manager,Senior Manager,Dec 2024,Present,0,,Boston Consulting Group (BCG),Consultant,Consultant,Jul 2022,Dec 2024,1.0,BCG,Google,FinOps & Strategy MBA Intern,FinOps & Strategy MBA Intern,Jun 2021,Jul 2022,0.0,,Yale School of Management,MBA Candidate,MBA Candidate,Aug 2020,Jul 2022,0.0,,EY,EY,"Manager - Financial Services Transfer Pricing Consulting - Tax, Transactions, Transformation; Senior Analyst (Consultant) - Financial Services Tax, Transactions, Transformation; Analyst - Financial Services Transfer Pricing Consulting - Tax, Transactions, Transformation",Jul 2015,Jan 2021,0.0,,Brandeis Student Consulting,Student Consultant,Student Consultant,Jan 2015,May 2015,0.0,,London School of Economics Virtual Fund,Co-Head US Equities and Markets Group,Co-Head US Equities and Markets Group,Nov 2013,Sep 2014,0.0,,EY,Transfer Pricing Advisory Analyst,Transfer Pricing Advisory Analyst,Jun 2014,Aug 2014,0.0,,,,,,,,,,,,,,,,,,,,,,,,,,,,,,,,,,,,,,,,,,,,,,,,,,,,,,,,,,,,,,,,,,,,,,,,,,,,,,,,,,,,,,,,,,,,,,,,,,,,,,,,,,,,,,,,,,,,,,,,,,,,,,,,,,,,,,,,,,,,,,,,,,,,,,,,,,,,,,,,,,,,,,,,,
person-0394,New York,"Principal, Portfolio Ops at Elliott Investment Management",Elliott Investment Management L.P.,Harvard Business School,2022.0,2020.0,,,,,,,,,,,2012.0,2008.0,1,BCG,Boston Consulting Group (BCG),BCG,Boston Consulting Group (BCG),Aug 2022,May 2025,Elliott Investment Management L.P.,"Principal, Private Equity Portfolio Operations",Elliott Investment Management L.P.,"Principal, Private Equity Portfolio Operations","Principal, Private Equity Portfolio Operations",Jun 2025,Present,0,,Boston Consulting Group (BCG),Boston Consulting Group (BCG),Project Leader; Consultant,Aug 2022,May 2025,1.0,BCG,Boston Consulting Group (BCG),Summer Consultant,Summer Consultant,Jun 2021,Aug 2021,1.0,BCG,Collins Aerospace,Chief of Staff & Operations Project Manager,Chief of Staff & Operations Project Manager,Apr 2019,Jul 2020,0.0,,United Technologies,Operations Leadership Program Associate,Operations Leadership Program Associate,Jun 2016,Jun 2018,0.0,,,,,,,,,,,,,,,,,,,,,,,,,,,,,,,,,,,,,,,,,,,,,,,,,,,,,,,,,,,,,,,,,,,,,,,,,,,,,,,,,,,,,,,,,,,,,,,,,,,,,,,,,,,,,,,,,,,,,,,,,,,,,,,,,,,,,,,,,,,,,,,,,,,,,,,,,,,,,,,,,,,,,,,,,,,,,,,,,,,,,,,,,,,,,,
person-0395,New York,Accelerating Innovation for Decarbonization,The Clean Fight,Stanford University Graduate School of Business,,,Stanford Doerr School of Sustainability,,,,,,,,,Duke University,,,1,BCG,Boston Consulting Group (BCG),BCG,Boston Consulting Group (BCG),Sep 2014,May 2017,Google,Marketing Specialist,The Clean Fight,"Program Director, Buildings","Program Director, Buildings",Jun 2023,Present,0,,Tomorrow Farms,Strategy & Operations- MBA,Strategy & Operations- MBA,Jun 2022,Aug 2022,0.0,,NFX,Venture Fellow,Venture Fellow,Nov 2021,Jun 2022,0.0,,Primary Venture Partners,MBA Associate- Primary Labs,MBA Associate- Primary Labs,Jun 2021,Aug 2021,0.0,,YouTube,YouTube,Product Marketing Manager- Brand Strategy; Associate Product Marketing Manager,Jun 2019,Jul 2020,0.0,,Google,Google,Associate Product Marketing Manager; Marketing Specialist,May 2017,Jun 2019,0.0,,Boston Consulting Group (BCG),Boston Consulting Group (BCG),Senior Associate; Associate,Sep 2014,May 2017,1.0,BCG,The Boston Consulting Group,Intern,Intern,Jan 2013,Apr 2013,1.0,BCG,,,,,,,,,,,,,,,,,,,,,,,,,,,,,,,,,,,,,,,,,,,,,,,,,,,,,,,,,,,,,,,,,,,,,,,,,,,,,,,,,,,,,,,,,,,,,,,,,,,,,,,,,,,,,,,,,,,,,,,,,,,,,,,,,,,,,,,,,,,,,,,,,,,,,,,,,,,,,,,,,,,,,,,,
person-0396,St Louis,Internal Medicine Resident at BJH/WashU St. Louis | Ex-McKinsey,Barnes-Jewish Hospital,,,,,,,,,,,,,Drexel University College of Medicine,2024.0,2020.0,1,McKinsey,McKinsey & Company,McKinsey,McKinsey & Company,Aug 2018,Jul 2020,Barnes-Jewish Hospital,Internal Medicine Resident,Barnes-Jewish Hospital,Internal Medicine Resident,Internal Medicine Resident,Jun 2024,Present,0,,McKinsey & Company,McKinsey & Company,Senior Healthcare Business Analyst; Healthcare Business Analyst,Aug 2018,Jul 2020,1.0,McKinsey,Berkeley Business Society,Consultant,Consultant,Aug 2016,May 2018,0.0,,Counsyl,Research Associate Intern,Research Associate Intern,Jun 2017,Oct 2017,0.0,,UC Berkeley,Student Researcher,Student Researcher,May 2016,Jun 2017,0.0,,"University of California, Berkeley, Haas School of Business",Undergraduate Researcher,Undergraduate Researcher,Jan 2017,May 2017,0.0,,,,,,,,,,,,,,,,,,,,,,,,,,,,,,,,,,,,,,,,,,,,,,,,,,,,,,,,,,,,,,,,,,,,,,,,,,,,,,,,,,,,,,,,,,,,,,,,,,,,,,,,,,,,,,,,,,,,,,,,,,,,,,,,,,,,,,,,,,,,,,,,,,,,,,,,,,,,,,,,,,,,,,,,,,,,,,,,,,,,,,,
person-0397,Boston,Harvard MBA Candidate | Healthcare Strategy & Operations | Digital Health | Payer & Provider Consulting,Pelago,Harvard Business School,2026.0,2024.0,,,,,,,,,,,,,1,BCG,Boston Consulting Group (BCG),BCG,Research Assistant,Jan 2019,Feb 2019,Oliver Wyman,Strategy Consultant,Pelago,Health Plan Partnerships & Strategy MBA Intern,Health Plan Partnerships & Strategy MBA Intern,Jun 2025,Present,0,,Oliver Wyman,Oliver Wyman,Associate Manager; Senior Strategy Consultant; Strategy Consultant,Mar 2020,Aug 2024,0.0,,Oliver Wyman,Intern,Intern,Jul 2019,Oct 2019,0.0,,Boston Consulting Group (BCG),Research Assistant,Research Assistant,Jan 2019,Feb 2019,1.0,BCG,Publicis Worldwide,Account Management Analyst,Account Management Analyst,Feb 2018,May 2018,0.0,,,,,,,,,,,,,,,,,,,,,,,,,,,,,,,,,,,,,,,,,,,,,,,,,,,,,,,,,,,,,,,,,,,,,,,,,,,,,,,,,,,,,,,,,,,,,,,,,,,,,,,,,,,,,,,,,,,,,,,,,,,,,,,,,,,,,,,,,,,,,,,,,,,,,,,,,,,,,,,,,,,,,,,,,,,,,,,,,,,,,,,,,,,,,,
person-0398,,Deployment Strategist at Palantir Technologies,Palantir Technologies,,,,,,,,,,,,,"University of California, Berkeley",2022.0,2021.0,1,BCG,Boston Consulting Group (BCG),BCG,Visiting Associate,Mar 2021,Aug 2021,"University of California, Berkeley",Machine Learning Research Assistant | MEng Capstone Project,Palantir Technologies,Deployment Strategist,Deployment Strategist,Aug 2022,Present,0,,"University of California, Berkeley",Machine Learning Research Assistant | MEng Capstone Project,Machine Learning Research Assistant | MEng Capstone Project,Sep 2021,May 2022,0.0,,Boston Consulting Group (BCG),Visiting Associate,Visiting Associate,Mar 2021,Aug 2021,1.0,BCG,Guerlain,Supply Chain Data Scientist,Supply Chain Data Scientist,Sep 2020,Feb 2021,0.0,,Confédération Nationale des Junior-Entreprises,Auditrice-Conseil Organisationnel,Auditrice-Conseil Organisationnel,Jun 2019,Jun 2020,0.0,,Junior CentraleSupélec,Junior CentraleSupélec,Human Resources Manager; Project manager,Oct 2018,Jun 2020,0.0,,Louis Vuitton,Operator internship,Operator internship,Jul 2019,Aug 2019,0.0,,,,,,,,,,,,,,,,,,,,,,,,,,,,,,,,,,,,,,,,,,,,,,,,,,,,,,,,,,,,,,,,,,,,,,,,,,,,,,,,,,,,,,,,,,,,,,,,,,,,,,,,,,,,,,,,,,,,,,,,,,,,,,,,,,,,,,,,,,,,,,,,,,,,,,,,,,,,,,,,,,,,,,,,,,,,,,,,
person-0399,Boston,"Strategy & BizOps, Rize Education | Former Bain + Teach for India",Rize Education,,,,,,,,,,,,,University of Pennsylvania Graduate School of Education,2021.0,2020.0,1,Bain,Bain & Company,Bain,Bain & Company,Jun 2016,Jul 2019,Duolingo,Strategy & Business Operations,Rize Education,Strategy & BizOps Lead,Strategy & BizOps Lead,May 2025,Present,0,,Bain & Company,Bain & Company,Senior Manager; Consultant,Aug 2021,May 2025,1.0,Bain,CircleIn - The All-in-One Studying Platform,Director of K-12 Innovation,Director of K-12 Innovation,Jan 2021,Aug 2021,0.0,,Duolingo,Strategy & Business Operations,Strategy & Business Operations,May 2020,Aug 2021,0.0,,Bain & Company,Bain & Company,Senior Associate Consultant; Associate Consultant,Jun 2016,Jul 2019,1.0,Bain,Pratham Education Foundation,"Program Development, Hybrid Learning","Program Development, Hybrid Learning",Aug 2018,Jan 2019,0.0,,Teach For India,Fellow,Fellow,Jun 2014,Apr 2016,0.0,,The Wheeler School,Economics Teacher,Economics Teacher,Sep 2011,May 2014,0.0,,Bain & Company,Associate Consultant Intern,Associate Consultant Intern,Jun 2013,Aug 2013,1.0,Bain,Center for Global Development,Intern,Intern,May 2012,Aug 2012,0.0,,Yunus Centre,Intern,Intern,Aug 2011,Aug 2011,0.0,,"Save the children, Bal Raksha Bharat, India",Intern,Intern,Jun 2011,Jul 2011,0.0,,,,,,,,,,,,,,,,,,,,,,,,,,,,,,,,,,,,,,,,,,,,,,,,,,,,,,,,,,,,,,,,,,,,,,,,,,,,,,,,,,,,,,,,,,,,,,,,,,,,,,,,,,,,,,,,,,,,,,,,,,,,,,,,,,,,,,,,,,,,,
person-0400,Chicago,Strategy | Operations | Growth | Analytics | Ex-McKinsey,Instawork,University of Notre Dame - Mendoza College of Business,,,,,,,,,,,,Saint Ignatius High School,,,1,McKinsey,McKinsey & Company,McKinsey,McKinsey & Company,2019,2023,Sidecar Health,Strategy & Operations,Instawork,Strategy & Analytics,Strategy & Analytics,May 2025,Present,0,,Sidecar Health,Strategy & Operations,Strategy & Operations,2023,2025,0.0,,McKinsey & Company,McKinsey & Company,Senior Business Analyst; Business Analyst,2019,2023,1.0,McKinsey,Mirah,Commercial Operations Manager,Commercial Operations Manager,2022,2022,0.0,,Booz Allen Hamilton,Digital Solutions Consulting Intern,Digital Solutions Consulting Intern,2018,2018,0.0,,,,,,,,,,,,,,,,,,,,,,,,,,,,,,,,,,,,,,,,,,,,,,,,,,,,,,,,,,,,,,,,,,,,,,,,,,,,,,,,,,,,,,,,,,,,,,,,,,,,,,,,,,,,,,,,,,,,,,,,,,,,,,,,,,,,,,,,,,,,,,,,,,,,,,,,,,,,,,,,,,,,,,,,,,,,,,,,,,,,,,,,,,,,,,
person-0401,Washington,Digital Development at The World Bank,The World Bank,Harvard Business School,2018.0,2016.0,,,,,,,,,,,2006.0,1993.0,1,McKinsey,McKinsey & Company,McKinsey,Business Analyst,Feb 2012,Apr 2014,Gates Foundation,Strategy Associate,The World Bank,Senior Digital Specialist,Senior Digital Specialist,Jul 2025,Present,0,,Amazon Web Services (AWS),Amazon Web Services (AWS),"Principal, Government, Global; Principal, Social Impact, Latin America & Caribbean; Manager, Social Impact, Latin America & Caribbean",Nov 2020,Jul 2025,0.0,,Dalberg,Dalberg,Project Manager; Senior Consultant,Sep 2018,Nov 2020,0.0,,Instiglio,Associate,Associate,Jul 2015,Sep 2016,0.0,,Gates Foundation,Strategy Associate,Strategy Associate,Jul 2014,Jul 2015,0.0,,McKinsey & Company,Business Analyst,Business Analyst,Feb 2012,Apr 2014,1.0,McKinsey,,,,,,,,,,,,,,,,,,,,,,,,,,,,,,,,,,,,,,,,,,,,,,,,,,,,,,,,,,,,,,,,,,,,,,,,,,,,,,,,,,,,,,,,,,,,,,,,,,,,,,,,,,,,,,,,,,,,,,,,,,,,,,,,,,,,,,,,,,,,,,,,,,,,,,,,,,,,,,,,,,,,,,,,,,,,,,,,,,,,,,
person-0402,Los Angeles,Executive Director at the Theodore Payne Foundation,Theodore Payne Foundation for Wild Flowers and Native Plants,,,,,,,Caltech,,,,,,Pomona College,,,1,BCG,Boston Consulting Group (BCG),BCG,Boston Consulting Group (BCG),2007,Sep 2022,Consulting and Fractional Leadership,Director of People & Operations,Theodore Payne Foundation for Wild Flowers and Native Plants,Executive Director,Executive Director,Jan 2025,Present,0,,"Valastella Group, LLC",Business Director,Business Director,Apr 2024,Jan 2025,0.0,,GEEKS WITHOUT FRONTIERS,Indigenous Practice Project Director,Indigenous Practice Project Director,Oct 2022,Jan 2025,0.0,,Consulting and Fractional Leadership,Director of People & Operations,Director of People & Operations,Oct 2022,Jan 2025,0.0,,Boston Consulting Group (BCG),Boston Consulting Group (BCG),"Special Projects Director, DEI Data and People Analytics; Business Management Director, Los Angeles; West Coast Training & Development Manager; Project Leader; Consultant",2007,Sep 2022,1.0,BCG,Harvard University,Postdoctoral Research Fellow,Postdoctoral Research Fellow,2000,2007,0.0,,California Institute of Technology,Ph.D. Graduate,Ph.D. Graduate,1992,2000,0.0,,,,,,,,,,,,,,,,,,,,,,,,,,,,,,,,,,,,,,,,,,,,,,,,,,,,,,,,,,,,,,,,,,,,,,,,,,,,,,,,,,,,,,,,,,,,,,,,,,,,,,,,,,,,,,,,,,,,,,,,,,,,,,,,,,,,,,,,,,,,,,,,,,,,,,,,,,,,,,,,,,,,,,,,,,,,,,,,
person-0403,,Capital Group | MIT | Veteran,Capital Group,MIT Sloan School of Management,2022.0,2020.0,,,,,,,,,,,2015.0,2011.0,1,BCG,Boston Consulting Group (BCG),BCG,Boston Consulting Group (BCG),Jan 2023,Aug 2025,Capital Group,"Global Finance, Head of Strategic Analysis",Capital Group,"Global Finance, Head of Strategic Analysis","Global Finance, Head of Strategic Analysis",Sep 2025,Present,0,,Boston Consulting Group (BCG),Boston Consulting Group (BCG),Project Leader; Consultant,Jan 2023,Aug 2025,1.0,BCG,MIT Sloan School of Management,MBA Candidate,MBA Candidate,Aug 2020,May 2022,0.0,,Boston Consulting Group (BCG),Summer Consultant,Summer Consultant,Jun 2021,Aug 2021,1.0,BCG,United States Air Force,United States Air Force,"Captain, F-35 Requirements; Lieutenant, Air Force Space Command Acquisitions",Jun 2015,Aug 2020,0.0,,Oracle,Technical Sales Consultant,Technical Sales Consultant,Jul 2015,Sep 2015,0.0,,,,,,,,,,,,,,,,,,,,,,,,,,,,,,,,,,,,,,,,,,,,,,,,,,,,,,,,,,,,,,,,,,,,,,,,,,,,,,,,,,,,,,,,,,,,,,,,,,,,,,,,,,,,,,,,,,,,,,,,,,,,,,,,,,,,,,,,,,,,,,,,,,,,,,,,,,,,,,,,,,,,,,,,,,,,,,,,,,,,,,,
person-0404,,Energy Investment expertise,Fidelity Investments,Stanford University Graduate School of Business,,,Northwestern University,,,,,,,,,Northwestern University,,,1,BCG,Boston Consulting Group (BCG),BCG,Management Consultant,1998,2000,Fidelity Investments,Investment Research Analyst,Fidelity Investments,Fidelity Investments,Energy Sector Leader | Portfolio Manager | Analyst; Assistant Portfolio Manager; Investment Research Analyst,2002,2020,0,,Boston Consulting Group (BCG),Management Consultant,Management Consultant,1998,2000,1.0,BCG,Miami Dolphins,Professional Football Player,Professional Football Player,1998,1998,0.0,,,,,,,,,,,,,,,,,,,,,,,,,,,,,,,,,,,,,,,,,,,,,,,,,,,,,,,,,,,,,,,,,,,,,,,,,,,,,,,,,,,,,,,,,,,,,,,,,,,,,,,,,,,,,,,,,,,,,,,,,,,,,,,,,,,,,,,,,,,,,,,,,,,,,,,,,,,,,,,,,,,,,,,,,,,,,,,,,,,,,,,,,,,,,,,,,,,,,,,,,,,,
person-0405,Seattle,Senior Product Manager- Technical Prime Video | Ex - BCG,Amazon,,,,,,,,,,,,,Delhi University,2013.0,2011.0,1,BCG,The Boston Consulting Group (BCG),BCG,Senior Knowledge Analyst,Jun 2017,Dec 2019,Amazon,Senior BIE,Amazon,Amazon,"Senior Product Manager, Prime Video; Senior Product Manager - Merchant Fulfilment Network; Product Manager - Tech, Merchant Fulfillment Network; Senior BIE",Dec 2019,Present,0,,The Boston Consulting Group (BCG),Senior Knowledge Analyst,Senior Knowledge Analyst,Jun 2017,Dec 2019,1.0,BCG,Accenture Analytics,Accenture Analytics,Functional and Industry Consultant; Business Analyst,Feb 2015,May 2017,0.0,,KPMG India,Associate Consultant,Associate Consultant,May 2014,Feb 2015,0.0,,AbsolutData Research & Analytics,Analyst,Analyst,Jun 2012,May 2014,0.0,,,,,,,,,,,,,,,,,,,,,,,,,,,,,,,,,,,,,,,,,,,,,,,,,,,,,,,,,,,,,,,,,,,,,,,,,,,,,,,,,,,,,,,,,,,,,,,,,,,,,,,,,,,,,,,,,,,,,,,,,,,,,,,,,,,,,,,,,,,,,,,,,,,,,,,,,,,,,,,,,,,,,,,,,,,,,,,,,,,,,,,,,,,,,,
person-0406,Rockville,"Principal Engineer - Data Engineering at DrFirst, Inc.","DrFirst, Inc.",,,,,,,,,,,,,Kenyon College,1998.0,1994.0,1,McKinsey,McKinsey & Company,McKinsey,Oracle Consultant,Sep 2003,Oct 2005,"DrFirst, Inc.",Database Administrator,"DrFirst, Inc.","DrFirst, Inc.","Principal Engineer; Lead Data Analyst, Enterprise DWH; Database Administrator",Oct 2005,Present,0,,McKinsey & Company,Oracle Consultant,Oracle Consultant,Sep 2003,Oct 2005,1.0,McKinsey,,,,,,,,,,,,,,,,,,,,,,,,,,,,,,,,,,,,,,,,,,,,,,,,,,,,,,,,,,,,,,,,,,,,,,,,,,,,,,,,,,,,,,,,,,,,,,,,,,,,,,,,,,,,,,,,,,,,,,,,,,,,,,,,,,,,,,,,,,,,,,,,,,,,,,,,,,,,,,,,,,,,,,,,,,,,,,,,,,,,,,,,,,,,,,,,,,,,,,,,,,,,,,,,,,
person-0407,New York,Consulting Project Manager,Freelance,,,,,,,,,,,,,,,,1,McKinsey,McKinsey & Company,McKinsey,McKinsey & Company,Jan 1999,Jun 2007,Weil Gotshal & Manges,Senior Analyst,Freelance,Freelance,Personal Projects Manager; Consulting Project Manager,2020,Present,0,,KPMG,KPMG,"Manager, Business Analysis; Sr. Business Analyst, Consultant",Nov 2014,2020,0.0,,Western Union,Western Union,"Sr. Systems Analyst, Partner Integration; Sr. Systems Analyst, Global Point of Sale",2007,Sep 2013,0.0,,Weil Gotshal & Manges,Senior Analyst,Senior Analyst,Jun 2006,Jun 2007,0.0,,McKinsey & Company,McKinsey & Company,Program Mgr. - Application Architecture; Manager  Payroll/Benefit Systems,Jan 1999,Jun 2007,1.0,McKinsey,The Hunter Group,Project Director,Project Director,Oct 1995,Jan 1999,0.0,,Citicorp/Citibank,Vice President,Vice President,Feb 1982,Oct 1995,0.0,,Banque Française du Commerce Extérieur,International Systems Manager - Chargé de Mission,International Systems Manager - Chargé de Mission,1979,1982,0.0,,,,,,,,,,,,,,,,,,,,,,,,,,,,,,,,,,,,,,,,,,,,,,,,,,,,,,,,,,,,,,,,,,,,,,,,,,,,,,,,,,,,,,,,,,,,,,,,,,,,,,,,,,,,,,,,,,,,,,,,,,,,,,,,,,,,,,,,,,,,,,,,,,,,,,,,,,,,,,,,,,,,,,,,,
person-0408,,Strategy | Sustainability,Schneider Electric,Northwestern University - Kellogg School of Management,2023.0,2021.0,,,,,,,,,,,2013.0,2013.0,1,Bain,Bain & Company,Bain,Consultant,2023,2025,Heartland Dental,Senior Manager Strategic Sourcing,Schneider Electric,"Senior Strategy Manager, Energy Management","Senior Strategy Manager, Energy Management",Sep 2025,Present,0,,Heartland Dental,Senior Manager Strategic Sourcing,Senior Manager Strategic Sourcing,2025,2025,0.0,,Bain & Company,Consultant,Consultant,2023,2025,1.0,Bain,Elemental Excelerator,Kellogg Fellow,Kellogg Fellow,2023,2023,0.0,,Bain & Company,Summer Associate,Summer Associate,2022,2022,1.0,Bain,Team Recykal,Product Development,Product Development,2021,2021,0.0,,Franklin Templeton,Franklin Templeton,"Quantitative Research Analyst; Quantitative Research Associate, FT Multi-Asset Solutions",2018,2021,0.0,,Axis Bank,"Manager, Technology and Initiatives, Axis Digital Circle","Manager, Technology and Initiatives, Axis Digital Circle",2017,2018,0.0,,Schlumberger,Summer Trainee,Summer Trainee,May 2016,Jun 2016,0.0,,Jio,Project Management Intern,Project Management Intern,May 2015,Jun 2015,0.0,,,,,,,,,,,,,,,,,,,,,,,,,,,,,,,,,,,,,,,,,,,,,,,,,,,,,,,,,,,,,,,,,,,,,,,,,,,,,,,,,,,,,,,,,,,,,,,,,,,,,,,,,,,,,,,,,,,,,,,,,,,,,,,,,,,,,,,,,,,,,,,,,,,,,,,,,,,
person-0409,Sherborn,,Boston Scientific,,,,,,,,,,,,,Dartmouth College,2001.0,1997.0,1,BCG,The Boston Consulting Group,BCG,"Lead Analyst, Global Real Estate",2012,2012,American Dental Partners,Senior Operations Analyst,Boston Scientific,Boston Scientific,"Senior Manager, Strategic Sourcing; Strategic Sourcing Manager - Legal",2018,Present,0,,Staples,Staples,Manager Strategic Sourcing; Senior Financial Analyst II,2013,2018,0.0,,American Dental Partners,Senior Operations Analyst,Senior Operations Analyst,2012,2013,0.0,,The Boston Consulting Group,"Lead Analyst, Global Real Estate","Lead Analyst, Global Real Estate",2012,2012,1.0,BCG,TJX,Senior Real Estate Research Analyst,Senior Real Estate Research Analyst,2007,2012,0.0,,"Boston Financial Investment Management, LP",Investment Valuation Market Analyst,Investment Valuation Market Analyst,2004,2006,0.0,,Marotta Valuation Advisors,Commercial Real Estate Appraiser,Commercial Real Estate Appraiser,2002,2004,0.0,,"Kantar Retail (fka Management Ventures, Inc.)",Market Analyst,Market Analyst,2001,2002,0.0,,,,,,,,,,,,,,,,,,,,,,,,,,,,,,,,,,,,,,,,,,,,,,,,,,,,,,,,,,,,,,,,,,,,,,,,,,,,,,,,,,,,,,,,,,,,,,,,,,,,,,,,,,,,,,,,,,,,,,,,,,,,,,,,,,,,,,,,,,,,,,,,,,,,,,,,,,,,,,,,,,,,,,,,,
person-0410,,"Sr. Planner, Global Conference Registration Experience @ Gartner",Gartner,,,,,,,,,,,,,University of Maryland Global Campus,2019.0,2018.0,1,Bain,Bain & Company,Bain,Bain & Company,Mar 2021,Jun 2023,Gartner,"Sr. Planner, Global Conference Registration Experience",Gartner,"Sr. Planner, Global Conference Registration Experience","Sr. Planner, Global Conference Registration Experience",Jun 2023,Present,0,,Bain & Company,Bain & Company,"Coordinator, Global Marketing Events; Associate, Global Talent Acquisition",Mar 2021,Jun 2023,1.0,Bain,University of Maryland,University of Maryland,"Sr. Program Coordinator, China Executive MBA; Program Coordinator, China Executive MBA; Program Specialist",Mar 2018,Feb 2021,0.0,,,,,,,,,,,,,,,,,,,,,,,,,,,,,,,,,,,,,,,,,,,,,,,,,,,,,,,,,,,,,,,,,,,,,,,,,,,,,,,,,,,,,,,,,,,,,,,,,,,,,,,,,,,,,,,,,,,,,,,,,,,,,,,,,,,,,,,,,,,,,,,,,,,,,,,,,,,,,,,,,,,,,,,,,,,,,,,,,,,,,,,,,,,,,,,,,,,,,,,,,,,,
person-0411,Newburyport,"Vice President, Chapter Leader",Fidelity Investments,MIT Sloan School of Management,,,,,,,,,,,,Providence College,,,1,Bain,Bain & Company,Bain,Documentation and Training Specialist,Aug 1991,Aug 1995,Gillette,"Senior Project Leader, Gillette Interactive",Fidelity Investments,Fidelity Investments,"Chapter Leader Business Enablement; Chapter Leader, Client Solutions Business; VP, Associate Experience; VP, Customer Experience; VP, Personal and Workplace Investing; VP, Online Sales",Sep 2005,Present,0,,Bank of America,"SVP, Online eCommerce Customer Acquisition","SVP, Online eCommerce Customer Acquisition",Apr 2003,Aug 2005,0.0,,Intuit,Brand Manager,Brand Manager,Jan 2000,Apr 2003,0.0,,Gillette,"Senior Project Leader, Gillette Interactive","Senior Project Leader, Gillette Interactive",Jul 1997,Apr 1999,0.0,,Genzyme,Summer Intern,Summer Intern,1996,1996,0.0,,Bain & Company,Documentation and Training Specialist,Documentation and Training Specialist,Aug 1991,Aug 1995,1.0,Bain,,,,,,,,,,,,,,,,,,,,,,,,,,,,,,,,,,,,,,,,,,,,,,,,,,,,,,,,,,,,,,,,,,,,,,,,,,,,,,,,,,,,,,,,,,,,,,,,,,,,,,,,,,,,,,,,,,,,,,,,,,,,,,,,,,,,,,,,,,,,,,,,,,,,,,,,,,,,,,,,,,,,,,,,,,,,,,,,,,,,,,
person-0412,,,Wave Life Sciences,,,,,,,,,,,,,University of Vermont,2003.0,1999.0,1,Bain,Bain & Company,Bain,"Legal Executive Assistant to General Counsel, Deputy General Counsel & CFO",Jun 2012,Jul 2013,Ambri,Finance & Human Resources Associate,Wave Life Sciences,Wave Life Sciences,"Director, Legal; Associate Director, Legal Operations; Senior Legal & Business Operations Manager; Senior Legal and Business Operations Associate",May 2016,Present,0,,Ambri,Finance & Human Resources Associate,Finance & Human Resources Associate,Aug 2013,Oct 2015,0.0,,Bain & Company,"Legal Executive Assistant to General Counsel, Deputy General Counsel & CFO","Legal Executive Assistant to General Counsel, Deputy General Counsel & CFO",Jun 2012,Jul 2013,1.0,Bain,Affiliated Managers Group,Legal Executive Assistant,Legal Executive Assistant,Nov 2010,Jun 2012,0.0,,Community Day School,Admissions Associate/Teacher,Admissions Associate/Teacher,2006,2010,0.0,,BNY Mellon,Account Representative,Account Representative,2003,2004,0.0,,GE Capital,Financial Services Management Program (Intern),Financial Services Management Program (Intern),Jun 2002,Aug 2002,0.0,,,,,,,,,,,,,,,,,,,,,,,,,,,,,,,,,,,,,,,,,,,,,,,,,,,,,,,,,,,,,,,,,,,,,,,,,,,,,,,,,,,,,,,,,,,,,,,,,,,,,,,,,,,,,,,,,,,,,,,,,,,,,,,,,,,,,,,,,,,,,,,,,,,,,,,,,,,,,,,,,,,,,,,,,,,,,,,,
person-0413,,Senior HR Associate at Bain Capital,Bain Capital,,,,,,,,,,,,,Northeastern University,2014.0,2010.0,1,"BCG, Bain",The Boston Consulting Group,BCG,HR Assistant,Jan 2013,Jun 2013,The Boston Consulting Group,HR Associate,Bain Capital,Bain Capital,Senior HR Associate; HR Associate,Jan 2017,Present,1,Bain,The Boston Consulting Group,HR Associate,HR Associate,Jul 2014,Dec 2016,1.0,BCG,The Boston Consulting Group,HR Assistant,HR Assistant,Jan 2013,Jun 2013,1.0,BCG,The Boston Globe,Marketing Assistant,Marketing Assistant,Jan 2012,Jun 2012,0.0,,,,,,,,,,,,,,,,,,,,,,,,,,,,,,,,,,,,,,,,,,,,,,,,,,,,,,,,,,,,,,,,,,,,,,,,,,,,,,,,,,,,,,,,,,,,,,,,,,,,,,,,,,,,,,,,,,,,,,,,,,,,,,,,,,,,,,,,,,,,,,,,,,,,,,,,,,,,,,,,,,,,,,,,,,,,,,,,,,,,,,,,,,,,,,,,,,,,,
person-0414,New York,Investment Banking Associate @ J.P. Morgan,J.P. Morgan,Harvard Business School,2023.0,2021.0,,,,,,,,,,,2018.0,2014.0,1,Bain,Bain & Company,Bain,Consultant,Jul 2023,Jul 2025,J.P. Morgan,Investment Banking Associate,J.P. Morgan,Investment Banking Associate,Investment Banking Associate,Jul 2025,Present,0,,Bain & Company,Consultant,Consultant,Jul 2023,Jul 2025,1.0,Bain,Picus Capital,Investor,Investor,May 2022,Aug 2022,0.0,,Goldman Sachs,Goldman Sachs,Investment Banking Associate; Investment Banking Analyst,2018,2021,0.0,,Columbia University in the City of New York,Teaching Assistant,Teaching Assistant,Sep 2017,May 2018,0.0,,Goldman Sachs,Investment Banking Summer Analyst,Investment Banking Summer Analyst,Jun 2017,Aug 2017,0.0,,Goldman Sachs,Investment Banking Summer Analyst,Investment Banking Summer Analyst,Jun 2016,Aug 2016,0.0,,Carvajal,Intern - Financial Planning Department,Intern - Financial Planning Department,Jun 2015,Aug 2015,0.0,,Bancolombia,Intern,Intern,Jun 2015,Jun 2015,0.0,,Carvajal Educación S.A.S.,Intern,Intern,Apr 2013,Apr 2013,0.0,,,,,,,,,,,,,,,,,,,,,,,,,,,,,,,,,,,,,,,,,,,,,,,,,,,,,,,,,,,,,,,,,,,,,,,,,,,,,,,,,,,,,,,,,,,,,,,,,,,,,,,,,,,,,,,,,,,,,,,,,,,,,,,,,,,,,,,,,,,,,,,,,,,,,,,,,,,
person-0415,New York,Strategy @ LPL Financial | Ex-Bain | Dartmouth MBA,LPL Financial,The Tuck School of Business at Dartmouth,,,,,,,,,,,,Rice University,,,1,Bain,Bain & Company,Bain,Consultant,2022,2024,LPL Financial,"VP, Corporate Strategy",LPL Financial,"VP, Corporate Strategy","VP, Corporate Strategy",Jul 2025,Present,0,,Bain & Company,Consultant,Consultant,2022,2024,1.0,Bain,Bain & Company,Summer Associate,Summer Associate,Jun 2021,Aug 2021,1.0,Bain,UBS,UBS,Director; Associate Director; Authorized Officer,2013,2020,0.0,,UBS Wealth Management,Summer Analyst,Summer Analyst,Jun 2012,Aug 2012,0.0,,,,,,,,,,,,,,,,,,,,,,,,,,,,,,,,,,,,,,,,,,,,,,,,,,,,,,,,,,,,,,,,,,,,,,,,,,,,,,,,,,,,,,,,,,,,,,,,,,,,,,,,,,,,,,,,,,,,,,,,,,,,,,,,,,,,,,,,,,,,,,,,,,,,,,,,,,,,,,,,,,,,,,,,,,,,,,,,,,,,,,,,,,,,,,
person-0416,New York,GTM Strategy & Operations at Salesforce | Ex-McKinsey | Yale MBA,Salesforce,Yale University - Yale School of Management,2016.0,2014.0,,,,,,,,,,,2009.0,2006.0,1,McKinsey,McKinsey & Company,McKinsey,McKinsey & Company,Jul 2016,Mar 2020,Salesforce,"Senior Manager, Business Value Services",Salesforce,Salesforce,"Director, GTM Strategy & Operations; Senior Manager, Business Value Services",Mar 2020,Present,0,,McKinsey & Company,McKinsey & Company,Engagement Manager; Associate,Jul 2016,Mar 2020,1.0,McKinsey,Citi,Summer Associate,Summer Associate,Jun 2015,Aug 2015,0.0,,PwC Israel,Senior Associate Consultant,Senior Associate Consultant,Mar 2014,Aug 2014,0.0,,Israel Ministry of Defense,Procurement Manager,Procurement Manager,2009,Feb 2014,0.0,,Israel Aerospace Industries,Project Manager,Project Manager,2008,2009,0.0,,Harris & Trotter LLP,Summer Analyst,Summer Analyst,2005,2008,0.0,,Israeli Air Force,Shaldag Unit - Intelligence Analyst,Shaldag Unit - Intelligence Analyst,2004,2005,0.0,,,,,,,,,,,,,,,,,,,,,,,,,,,,,,,,,,,,,,,,,,,,,,,,,,,,,,,,,,,,,,,,,,,,,,,,,,,,,,,,,,,,,,,,,,,,,,,,,,,,,,,,,,,,,,,,,,,,,,,,,,,,,,,,,,,,,,,,,,,,,,,,,,,,,,,,,,,,,,,,,,,,,,,,,
person-0417,,"VP, AI & Digital | AI-Powered Innovation Leader | Transcom | Tech Evangelist | McKinsey Alumni",Transcom,,,,,,,,,,,,,University of Kansas,2008.0,2008.0,1,McKinsey,McKinsey & Company,McKinsey,Expert,Aug 2022,Mar 2024,Transcom,Vice President of AI & Digital Solutions,Transcom,Vice President of AI & Digital Solutions,Vice President of AI & Digital Solutions,Aug 2024,Present,0,,McKinsey & Company,Expert,Expert,Aug 2022,Mar 2024,1.0,McKinsey,LivePerson,LivePerson,"Senior Manager, PMO - Voice & AI; Leader, Future of Work; Strategic Solutions Program Manager - Apple Business Chat; Customer Success Manager",Jun 2017,Aug 2022,0.0,,Condado Group,"Senior Consultant, Condado Group & Principal, Hello Customer Experience","Senior Consultant, Condado Group & Principal, Hello Customer Experience",2016,2017,0.0,,Sungevity,Senior Director of Customer Experience,Senior Director of Customer Experience,Apr 2015,Mar 2016,0.0,,CareCentrix,CareCentrix,Workforce Management Director; Contact Center Manager,Jul 2011,Apr 2015,0.0,,Farmers Insurance,Contact Center WFM Supervisor - Technical Writer,Contact Center WFM Supervisor - Technical Writer,Mar 2007,Jul 2011,0.0,,Disney Direct Marketing,"Guest Measurement, Operations Coach Cast Member - Contact Center","Guest Measurement, Operations Coach Cast Member - Contact Center",2000,2003,0.0,,Alltel,Answering Service / Customer Service Representative,Answering Service / Customer Service Representative,1998,2000,0.0,,,,,,,,,,,,,,,,,,,,,,,,,,,,,,,,,,,,,,,,,,,,,,,,,,,,,,,,,,,,,,,,,,,,,,,,,,,,,,,,,,,,,,,,,,,,,,,,,,,,,,,,,,,,,,,,,,,,,,,,,,,,,,,,,,,,,,,,,,,,,,,,,,,,,,,,,,,,,,,,,,
person-0418,Washington,Engagement Manager @ McKinsey | Harvard Kennedy School,Delterra,,,,,,,,,,,,,Harvard Kennedy School,2023.0,2021.0,1,McKinsey,McKinsey & Company,McKinsey,McKinsey & Company,Aug 2017,Aug 2021,Harvard Kennedy School,Leadership Course Coach,McKinsey & Company,McKinsey & Company,Engagement Manager; Associate,Sep 2023,Present,1,McKinsey,World Economic Forum,Project Fellow | Centre for Nature and Climate,Project Fellow | Centre for Nature and Climate,Mar 2024,Sep 2024,0.0,,Harvard's Center for Public Leadership,Climate Leadership Senior Research Associate,Climate Leadership Senior Research Associate,Jun 2023,Aug 2023,0.0,,Harvard Kennedy School,Leadership Course Coach,Leadership Course Coach,Aug 2022,Dec 2022,0.0,,Executive Office of the President,Graduate Sustainability Fellow | White House Council on Environmental Quality,Graduate Sustainability Fellow | White House Council on Environmental Quality,Jun 2022,Aug 2022,0.0,,City of Atlanta,Mayoral Transition Term Fellow,Mayoral Transition Term Fellow,Jan 2022,Jan 2022,0.0,,McKinsey & Company,McKinsey & Company,Senior Business Analyst; Business Analyst,Aug 2017,Aug 2021,1.0,McKinsey,Generation,"Fellow, Asia Programs and Expansion","Fellow, Asia Programs and Expansion",Sep 2019,Aug 2020,0.0,,McKinsey & Company,Summer Business Analyst,Summer Business Analyst,May 2016,Aug 2016,1.0,McKinsey,The University of Texas at Dallas,Undergraduate Research Assistant | Advanced Polymer Research Lab,Undergraduate Research Assistant | Advanced Polymer Research Lab,Sep 2013,Dec 2015,0.0,,Texas Instruments,High Voltage Packaging Engineer Intern,High Voltage Packaging Engineer Intern,May 2015,Aug 2015,0.0,,Georgia Institute of Technology,Undergraduate Research Assistant | Kippelen Research Group,Undergraduate Research Assistant | Kippelen Research Group,Jun 2014,Aug 2014,0.0,,,,,,,,,,,,,,,,,,,,,,,,,,,,,,,,,,,,,,,,,,,,,,,,,,,,,,,,,,,,,,,,,,,,,,,,,,,,,,,,,,,,,,,,,,,,,,,,,,,,,,,,,,,,,,,,,,,,,,,,,,,,,,,,,,,,,,,,,,,,,
person-0419,,"Lead Director, Financial Planning and Analytics at Oak Street Health",Oak Street Health,,,,,,,,,,,,,University of Notre Dame,2017.0,2016.0,1,BCG,The Boston Consulting Group (BCG),BCG,Associate,Sep 2017,Sep 2019,Oak Street Health,"Senior Associate, Strategic Initiatives",Oak Street Health,Oak Street Health,"Lead Director Financial Planning & Analytics; Sr. Manager Financial Planning & Analytics; Manager Financial Planning and Analytics; Senior Associate Financial Planning and Analytics; Senior Associate, Strategic Initiatives",Sep 2019,Present,0,,The Boston Consulting Group (BCG),Associate,Associate,Sep 2017,Sep 2019,1.0,BCG,ZSI-Foster,Efficiency Consulting Intern,Efficiency Consulting Intern,May 2016,Aug 2016,0.0,,University of Notre Dame,Sorin Hall Resident Assistant,Sorin Hall Resident Assistant,Aug 2015,May 2016,0.0,,Cold Jet,R&D Engineering Intern,R&D Engineering Intern,May 2015,Aug 2015,0.0,,University of Notre Dame,STEM Ambassador,STEM Ambassador,Aug 2014,May 2015,0.0,,Cincinnati Children's Hospital Medical Center,Undergraduate Research Fellow,Undergraduate Research Fellow,May 2013,Aug 2013,0.0,,Camp Joy,Camp Counselor,Camp Counselor,May 2012,Aug 2012,0.0,,,,,,,,,,,,,,,,,,,,,,,,,,,,,,,,,,,,,,,,,,,,,,,,,,,,,,,,,,,,,,,,,,,,,,,,,,,,,,,,,,,,,,,,,,,,,,,,,,,,,,,,,,,,,,,,,,,,,,,,,,,,,,,,,,,,,,,,,,,,,,,,,,,,,,,,,,,,,,,,,,,,,,,,,
person-0420,New York,Senior Manager @ Salesforce | ex-Bain,Salesforce,Georgia Tech Scheller College of Business,,,,,,,,,,,,University of South Carolina,,,1,Bain,Bain & Company,Bain,Bain & Company,Jun 2022,Jul 2025,Salesforce,"Senior Manager, Governance & Strategic Programs",Salesforce,"Senior Manager, Governance & Strategic Programs","Senior Manager, Governance & Strategic Programs",Oct 2025,Present,0,,Bain & Company,Bain & Company,Manager; Consultant,Jun 2022,Jul 2025,1.0,Bain,Bain & Company,Summer Associate,Summer Associate,Jun 2021,Aug 2021,1.0,Bain,iVision,Marketing & Communications,Marketing & Communications,May 2019,Jul 2020,0.0,,Whalerock Industries,Creative Production,Creative Production,Sep 2017,Apr 2019,0.0,,Stewart Creative,Creative Production,Creative Production,May 2015,Apr 2019,0.0,,,,,,,,,,,,,,,,,,,,,,,,,,,,,,,,,,,,,,,,,,,,,,,,,,,,,,,,,,,,,,,,,,,,,,,,,,,,,,,,,,,,,,,,,,,,,,,,,,,,,,,,,,,,,,,,,,,,,,,,,,,,,,,,,,,,,,,,,,,,,,,,,,,,,,,,,,,,,,,,,,,,,,,,,,,,,,,,,,,,,,,
person-0421,,Seasoned Payment Analyst | Corporate Travel Specialist |Team Player | Selfcare Enthusiast |Traveler,Exyte,,,,,,,,,,,,,Northwestern State University,2015.0,2011.0,1,Bain,Bain & Company,Bain,"Associate, Americas Travel & Expense",Nov 2024,Jan 2025,Exyte,Accounting Specialist,Exyte,Accounting Specialist,Accounting Specialist,Jan 2025,Present,0,,Bain & Company,"Associate, Americas Travel & Expense","Associate, Americas Travel & Expense",Nov 2024,Jan 2025,1.0,Bain,Toyota Financial Services Corporation,Business Payment Analyst- Enterprise Cards Program,Business Payment Analyst- Enterprise Cards Program,May 2023,Jun 2024,0.0,,Toyota North America,Toyota North America,"Analyst, Corporate Payment Analysis; Corporate Payment Analysis Administrator",Jun 2017,May 2023,0.0,,BNY Mellon,CT Trust Administrator,CT Trust Administrator,Jun 2015,Jun 2017,0.0,,Payless ShoeSource,Sales Associate,Sales Associate,Mar 2010,May 2015,0.0,,Americore Employment,Summer Camp Counselor,Summer Camp Counselor,Jun 2013,Aug 2013,0.0,,,,,,,,,,,,,,,,,,,,,,,,,,,,,,,,,,,,,,,,,,,,,,,,,,,,,,,,,,,,,,,,,,,,,,,,,,,,,,,,,,,,,,,,,,,,,,,,,,,,,,,,,,,,,,,,,,,,,,,,,,,,,,,,,,,,,,,,,,,,,,,,,,,,,,,,,,,,,,,,,,,,,,,,,,,,,,,,
person-0422,Troy,Strategy @ Suntory Global Spirits | On Secondment from McKinsey & Co,Suntory Global Spirits,University of Michigan - Stephen M. Ross School of Business,,,,,,,,,,,,University of Michigan College of Engineering,,,1,McKinsey,McKinsey & Company,McKinsey,McKinsey & Company,Sep 2022,Present,Suntory Global Spirits,Manager of Commercial Strategy,Suntory Global Spirits,Manager of Commercial Strategy,Manager of Commercial Strategy,Sep 2025,Present,0,,McKinsey & Company,McKinsey & Company,Senior Business Analyst; Business Analyst,Sep 2022,Present,1.0,McKinsey,Swirl Cupcakes,Founder,Founder,Jan 2016,Sep 2022,0.0,,Kiva,US Partnerships & Business Development,US Partnerships & Business Development,Feb 2022,Jul 2022,0.0,,incoMing Michigan,Co-Founder & Program Director,Co-Founder & Program Director,Apr 2020,Apr 2022,0.0,,Strategy&,Consumer Market Summer Associate,Consumer Market Summer Associate,Jun 2020,Aug 2020,0.0,,NAF,Entrepreneurship Teacher,Entrepreneurship Teacher,Jun 2020,Jul 2020,0.0,,Peerlift,Director of Outreach,Director of Outreach,Oct 2017,Aug 2018,0.0,,,,,,,,,,,,,,,,,,,,,,,,,,,,,,,,,,,,,,,,,,,,,,,,,,,,,,,,,,,,,,,,,,,,,,,,,,,,,,,,,,,,,,,,,,,,,,,,,,,,,,,,,,,,,,,,,,,,,,,,,,,,,,,,,,,,,,,,,,,,,,,,,,,,,,,,,,,,,,,,,,,,,,,,,
person-0423,Los Angeles,economics & climate educator // founder @ better future media,Better Future Media,,,,,,,,,,,,,Stanford University,,,1,McKinsey,McKinsey & Company,McKinsey,Business Analyst,Oct 2013,Jan 2016,The Mighty,Chief Of Staff,Better Future Media,Founder,Founder,Jul 2023,Present,0,,Climate Collective,Climate Collective,Growth & Communications Consultant; Head of Growth & Communications,Jan 2023,Dec 2023,0.0,,The Mighty,Growth Consultant,Growth Consultant,Apr 2020,Jan 2023,0.0,,The Cool Down,Growth Consultant,Growth Consultant,Apr 2022,Dec 2022,0.0,,Oatly,Expert in Residence at Oatly Climate & Culture Lab (OCCL),Expert in Residence at Oatly Climate & Culture Lab (OCCL),Sep 2022,Nov 2022,0.0,,Clubhouse,Growth Consultant,Growth Consultant,Dec 2020,Mar 2021,0.0,,The Mighty,The Mighty,"Director, Growth & Operations; Chief Of Staff",Feb 2016,Jan 2020,0.0,,McKinsey & Company,Business Analyst,Business Analyst,Oct 2013,Jan 2016,1.0,McKinsey,,,,,,,,,,,,,,,,,,,,,,,,,,,,,,,,,,,,,,,,,,,,,,,,,,,,,,,,,,,,,,,,,,,,,,,,,,,,,,,,,,,,,,,,,,,,,,,,,,,,,,,,,,,,,,,,,,,,,,,,,,,,,,,,,,,,,,,,,,,,,,,,,,,,,,,,,,,,,,,,,,,,,,,,
person-0424,,Marketing + Economics @ Santa Clara University | Incoming Strategy Associate @ Prophet,Santa Clara Consulting,Santa Clara University Leavey School of Business,2026.0,2022.0,,,,,,,,,,,2022.0,2018.0,1,BCG,Boston Consulting Group (BCG),BCG,Launch Program,Jun 2023,Jul 2023,Beats by Dre,Branding Strategy & Analytics Extern,Santa Clara Consulting,Santa Clara Consulting,President; Project Manager; VP of Logistics; Consultant,Feb 2023,Present,0,,Santa Clara University Leavey School of Business,Peer Career Consultant,Peer Career Consultant,May 2025,Present,0.0,,Santa Clara University,Research Assistant,Research Assistant,Sep 2025,Present,0.0,,Alpha Kappa Psi,Alpha Kappa Psi,VP of Administration; Active Member; VP of Marketing,Mar 2023,Present,0.0,,Santa Clara University Undergraduate Admission,Santa Clara University Undergraduate Admission,Student Ambassador; Summer Assistant,Jun 2023,Present,0.0,,Prophet,Summer Associate,Summer Associate,Jun 2025,Aug 2025,0.0,,Beats by Dre,Branding Strategy & Analytics Extern,Branding Strategy & Analytics Extern,May 2024,Jun 2024,0.0,,Boston Consulting Group (BCG),Launch Program,Launch Program,Jun 2023,Jul 2023,1.0,BCG,Laude,Management Consulting Fellow,Management Consulting Fellow,Apr 2023,Jun 2023,0.0,,Santa Clara Community Action Program,Program Coordinator,Program Coordinator,Feb 2023,Jun 2023,0.0,,Valley Christian DECA,Valley Christian DECA,Mentor; Chief of Communications; Competitor,May 2020,May 2022,0.0,,Polygence,Lead Researcher,Lead Researcher,May 2021,Jan 2022,0.0,,,,,,,,,,,,,,,,,,,,,,,,,,,,,,,,,,,,,,,,,,,,,,,,,,,,,,,,,,,,,,,,,,,,,,,,,,,,,,,,,,,,,,,,,,,,,,,,,,,,,,,,,,,,,,,,,,,,,,,,,,,,,,,,,,,,,,,,,,,,,
person-0425,New York,,"Wachtell, Lipton, Rosen & Katz",,,,,,,,,,,,,Harvard Law School,2025.0,2022.0,1,BCG,Boston Consulting Group (BCG),BCG,Boston Consulting Group (BCG),Jul 2019,Jun 2022,"Wachtell, Lipton, Rosen & Katz",Law Clerk,"Wachtell, Lipton, Rosen & Katz",Law Clerk,Law Clerk,Sep 2025,Present,0,,Susman Godfrey LLP,Summer Associate,Summer Associate,Jul 2024,Aug 2024,0.0,,"Wachtell, Lipton, Rosen & Katz",Summer Associate,Summer Associate,May 2024,Jul 2024,0.0,,U.S. Attorney's Office for the Eastern District of New York,"Summer Intern, Criminal Division","Summer Intern, Criminal Division",Jun 2023,Aug 2023,0.0,,Boston Consulting Group (BCG),Boston Consulting Group (BCG),Consultant; Associate,Jul 2019,Jun 2022,1.0,BCG,CS50,Teaching Assistant,Teaching Assistant,Sep 2016,May 2019,0.0,,The Boston Consulting Group (BCG),Summer Associate,Summer Associate,Jun 2018,Aug 2018,1.0,BCG,JPMorgan Chase & Co.,Summer Technology Analyst,Summer Technology Analyst,Jun 2017,Aug 2017,0.0,,,,,,,,,,,,,,,,,,,,,,,,,,,,,,,,,,,,,,,,,,,,,,,,,,,,,,,,,,,,,,,,,,,,,,,,,,,,,,,,,,,,,,,,,,,,,,,,,,,,,,,,,,,,,,,,,,,,,,,,,,,,,,,,,,,,,,,,,,,,,,,,,,,,,,,,,,,,,,,,,,,,,,,,,
person-0426,Palo Alto,Consultant at Clarity,I Love to Travel too,"University of California, Berkeley - Walter A. Haas School of Business",1981.0,1979.0,,,,,,,,,,,,,1,BCG,The Boston Consulting Group,BCG,Contract consultant,Feb 2012,Dec 2014,Quantcast,Consultant,I Love to Travel too,Owner - Travel Agency,Owner - Travel Agency,Dec 2008,Present,0,,Oliver Wyman,Management Consultant-,Management Consultant-,Mar 2002,Mar 2021,0.0,,Clarity,Management Consultant,Management Consultant,Jan 2000,Mar 2021,0.0,,Quantcast,Consultant,Consultant,Apr 2013,Dec 2014,0.0,,The Boston Consulting Group,Contract consultant,Contract consultant,Feb 2012,Dec 2014,1.0,BCG,Accenture,Consultant,Consultant,Sep 2011,Dec 2014,0.0,,Hewlett Packard,Hewlett Packard,Business Intelligence Manager; Analyst in the Office of the President,Jun 1981,Jan 2000,0.0,,,,,,,,,,,,,,,,,,,,,,,,,,,,,,,,,,,,,,,,,,,,,,,,,,,,,,,,,,,,,,,,,,,,,,,,,,,,,,,,,,,,,,,,,,,,,,,,,,,,,,,,,,,,,,,,,,,,,,,,,,,,,,,,,,,,,,,,,,,,,,,,,,,,,,,,,,,,,,,,,,,,,,,,,,,,,,,,
person-0427,New York,"AVP, Co-Brand Cards Product Development at Citi",Citi,University of Michigan - Stephen M. Ross School of Business,2022.0,2018.0,,,,,,,,,,,2018.0,2014.0,1,McKinsey,McKinsey & Company,McKinsey,McKinsey Undergraduate Diversity Summit Participant,Aug 2019,Aug 2019,MASH Magazine,Vice President Of Business Development,Citi,Citi,Assistant Vice President: Co-Brand Cards Product Development; Personal Banking Analyst: Small Business Lending; Personal Banking Analyst: US Branded Cards - AAdvantage Portfolio; Personal Banking Analyst: Customer Experience and NPS Analytics,Aug 2022,Present,0,,MASH Magazine,Vice President Of Business Development,Vice President Of Business Development,Dec 2019,Jan 2022,0.0,,Citi,Consumer Banking Summer Analyst,Consumer Banking Summer Analyst,Jun 2021,Aug 2021,0.0,,Zensah,Marketing Intern,Marketing Intern,May 2020,Jul 2020,0.0,,McKinsey & Company,McKinsey Undergraduate Diversity Summit Participant,McKinsey Undergraduate Diversity Summit Participant,Aug 2019,Aug 2019,1.0,McKinsey,ON-AIR Communications,PR/Corporate Communications Intern,PR/Corporate Communications Intern,May 2019,Jul 2019,0.0,,North American Clutch Export Company,Digital Systems Intern,Digital Systems Intern,May 2018,Aug 2018,0.0,,,,,,,,,,,,,,,,,,,,,,,,,,,,,,,,,,,,,,,,,,,,,,,,,,,,,,,,,,,,,,,,,,,,,,,,,,,,,,,,,,,,,,,,,,,,,,,,,,,,,,,,,,,,,,,,,,,,,,,,,,,,,,,,,,,,,,,,,,,,,,,,,,,,,,,,,,,,,,,,,,,,,,,,,,,,,,,,
person-0428,New Haven County,PhD Candidate at University of Michigan; Visiting Assistant in Research at Yale University,University of Michigan,,,,,,,,,,,,,University of Michigan,2028.0,2022.0,1,McKinsey,McKinsey & Company,McKinsey,McKinsey & Company,Aug 2019,Jan 2022,Yale University,Visiting Assistant in Research,University of Michigan,Ph.D Candidate in Political Science,Ph.D Candidate in Political Science,Aug 2024,Present,0,,Yale University,Visiting Assistant in Research,Visiting Assistant in Research,Nov 2024,Present,0.0,,McKinsey & Company,McKinsey & Company,Associate; Junior Associate,Aug 2019,Jan 2022,1.0,McKinsey,Institute for Social Policy and Understanding (ISPU),Research Assistant,Research Assistant,Feb 2017,Dec 2018,0.0,,,,,,,,,,,,,,,,,,,,,,,,,,,,,,,,,,,,,,,,,,,,,,,,,,,,,,,,,,,,,,,,,,,,,,,,,,,,,,,,,,,,,,,,,,,,,,,,,,,,,,,,,,,,,,,,,,,,,,,,,,,,,,,,,,,,,,,,,,,,,,,,,,,,,,,,,,,,,,,,,,,,,,,,,,,,,,,,,,,,,,,,,,,,,,,,,,,,,
person-0429,,"Strategic Leader in Life Sciences | Portfolio Strategy, Commercial Analytics and R&D Innovation | Yale PhD | BCG alum",Freelance,,,,,,,,,,,,,Yale University,2019.0,2015.0,1,BCG,Boston Consulting Group (BCG),BCG,Consultant,Apr 2020,Jul 2022,Black Diamond Therapeutics,"Associate Director, Portfolio Strategy and Analytics",Amgen,"Senior Manager, Portfolio Analytics","Senior Manager, Portfolio Analytics",Jan 2025,Apr 2025,0,,Black Diamond Therapeutics,Black Diamond Therapeutics,"Director, Portfolio Strategy & Analytics; Associate Director, Portfolio Strategy and Analytics",Aug 2022,Oct 2024,0.0,,Boston Consulting Group (BCG),Consultant,Consultant,Apr 2020,Jul 2022,1.0,BCG,Yale Office of Cooperative Research,Blavatnik Associate,Blavatnik Associate,Oct 2019,Jan 2020,0.0,,PROSPER,Founder and President,Founder and President,Dec 2018,Dec 2019,0.0,,Yale Graduate Student Assembly (GSA),Immunobiology Department Representative,Immunobiology Department Representative,Sep 2018,Dec 2019,0.0,,Yale University,PhD Candidate in Immunobiology,PhD Candidate in Immunobiology,Aug 2015,Dec 2019,0.0,,HealthCare Royalty Partners,Project Consultant,Project Consultant,Mar 2019,May 2019,0.0,,Canaan,Venture Capital Fellow (Canaan-Yale),Venture Capital Fellow (Canaan-Yale),Sep 2018,May 2019,0.0,,Social Impact Consulting,Consultant,Consultant,Oct 2017,May 2019,0.0,,Wyss Institute for Biologically Inspired Engineering,Research Assistant III,Research Assistant III,May 2012,Aug 2015,0.0,,Harvard Medical School,Research Intern,Research Intern,Jun 2011,May 2012,0.0,,Boston College Office of Residential Life,Resident Assistant,Resident Assistant,Aug 2009,May 2011,0.0,,,,,,,,,,,,,,,,,,,,,,,,,,,,,,,,,,,,,,,,,,,,,,,,,,,,,,,,,,,,,,,,,,,,,,,,,,,,,,,,,,,,,,,,,,,,,,,,,,,,,,,,,,,,,,,,,,,,,,,,,,,,,,,,,,,,,,
person-0430,Chicago,Real Estate Investor | Former Bain & Co.,Landrock LP,Harvard Business School,,,,,,,,,,,,Northwestern University,,,1,Bain,Bain & Company,Bain,Bain & Company,2015,2018,"CA Ventures, LLC",Director of International Acquisitions & Strategy,Landrock LP,Vice President,Vice President,2023,Present,0,,CA Ventures,Vice President,Vice President,2021,2022,0.0,,Overjet,Head of BD,Head of BD,2020,2020,0.0,,"CA Ventures, LLC",Director of International Acquisitions & Strategy,Director of International Acquisitions & Strategy,2018,2019,0.0,,Bain & Company,Bain & Company,Senior Associate Consultant; Associate Consultant,2015,2018,1.0,Bain,Gatorade,Marketing Analyst,Marketing Analyst,2014,2014,0.0,,Fellowship of Christians in Universities and Schools (FOCUS),Volunteer Leader,Volunteer Leader,2013,2013,0.0,,Greenbriar Equity Group,Financial Analyst,Financial Analyst,2012,2012,0.0,,,,,,,,,,,,,,,,,,,,,,,,,,,,,,,,,,,,,,,,,,,,,,,,,,,,,,,,,,,,,,,,,,,,,,,,,,,,,,,,,,,,,,,,,,,,,,,,,,,,,,,,,,,,,,,,,,,,,,,,,,,,,,,,,,,,,,,,,,,,,,,,,,,,,,,,,,,,,,,,,,,,,,,,,
person-0431,,Data Science @ GenLogs,GenLogs,Emory University - Goizueta Business School,2018.0,2017.0,,,,,,,,,,,2017.0,2013.0,1,BCG,BCG GAMMA,BCG,Data Scientist,Sep 2021,Sep 2023,BCG X,Senior Data Scientist,GenLogs,Data Science,Data Science,Mar 2025,Sep 2025,0,,Boston Consulting Group (BCG),Boston Consulting Group (BCG),Senior Data Scientist; Data Scientist,Sep 2021,Mar 2025,1.0,BCG,BCG X,Senior Data Scientist,Senior Data Scientist,Sep 2023,Mar 2025,1.0,BCG,BCG GAMMA,Data Scientist,Data Scientist,Sep 2021,Sep 2023,1.0,BCG,Georgia-Pacific LLC,Georgia-Pacific LLC,Senior Data Scientist; Data Scientist; Advanced Analyst,Jun 2018,Aug 2021,0.0,,Koch Industries,Senior Data Scientist,Senior Data Scientist,Jun 2018,Aug 2021,0.0,,,,,,,,,,,,,,,,,,,,,,,,,,,,,,,,,,,,,,,,,,,,,,,,,,,,,,,,,,,,,,,,,,,,,,,,,,,,,,,,,,,,,,,,,,,,,,,,,,,,,,,,,,,,,,,,,,,,,,,,,,,,,,,,,,,,,,,,,,,,,,,,,,,,,,,,,,,,,,,,,,,,,,,,,,,,,,,,,,,,,,,
person-0432,Atlanta,"Managing Director - Data, Analytics, and AI at Thought Logic Consulting",Thought Logic Consulting,University of Florida - Warrington College of Business,,,,,,,,,,,,University of Central Florida,,,1,McKinsey,McKinsey & Company,McKinsey,Financial Services Consultant,Apr 2017,Feb 2018,Thought Logic Consulting,Principal Consultant,Thought Logic Consulting,Thought Logic Consulting,"Managing Director - Data, Analytics, and AI; Senior Director, Digital Enablement Leader; Senior Client Partner; Client Partner; Integrated Solutions Leader; Client Manager; Solutions Manager; Principal Consultant",Feb 2018,Present,0,,McKinsey & Company,Financial Services Consultant,Financial Services Consultant,Apr 2017,Feb 2018,1.0,McKinsey,EY,EY,Artificial Intelligence Manager; Senior Consultant - Analytics; Staff Consultant,Jan 2014,Mar 2017,0.0,,EY,Performance Improvement Intern,Performance Improvement Intern,Jun 2012,Aug 2012,0.0,,Monarch Structured Settlements (formerly Monarch Advisory Services),Financial Analyst Intern,Financial Analyst Intern,Jun 2011,Aug 2011,0.0,,,,,,,,,,,,,,,,,,,,,,,,,,,,,,,,,,,,,,,,,,,,,,,,,,,,,,,,,,,,,,,,,,,,,,,,,,,,,,,,,,,,,,,,,,,,,,,,,,,,,,,,,,,,,,,,,,,,,,,,,,,,,,,,,,,,,,,,,,,,,,,,,,,,,,,,,,,,,,,,,,,,,,,,,,,,,,,,,,,,,,,,,,,,,,
person-0433,Dunedin,McKinsey & Company Alum | Client Delivery Specialist | Expert in Capability Building and L&D | Project Management | Team Lead,Deloitte,,,,,,,,,,,,,Mississippi State University,2009.0,2006.0,1,McKinsey,McKinsey & Company,McKinsey,McKinsey & Company,Oct 2015,Apr 2024,Deloitte,Lead Talent Specialist - L&D - Sr. Consultant,Deloitte,Lead Talent Specialist - L&D - Sr. Consultant,Lead Talent Specialist - L&D - Sr. Consultant,Mar 2025,Present,0,,McKinsey & Company,McKinsey & Company,Client Delivery Specialist; Senior Client Delivery Coordinator; Client Delivery Coordinator; Executive Assistant,Oct 2015,Apr 2024,1.0,McKinsey,Benchmark Hospitality,Benchmark Hospitality,Client Meetings Manager at Deloitte University; Executive Assistant,Jun 2012,Oct 2014,0.0,,Walt Disney World,Walt Disney World,Concierge; Bell Service Dispatcher,Feb 2011,Jun 2012,0.0,,,,,,,,,,,,,,,,,,,,,,,,,,,,,,,,,,,,,,,,,,,,,,,,,,,,,,,,,,,,,,,,,,,,,,,,,,,,,,,,,,,,,,,,,,,,,,,,,,,,,,,,,,,,,,,,,,,,,,,,,,,,,,,,,,,,,,,,,,,,,,,,,,,,,,,,,,,,,,,,,,,,,,,,,,,,,,,,,,,,,,,,,,,,,,,,,,,,,
person-0434,,Undergraduate BBA Senior Seeking Marketing Full Time Position,Eta Omega Chi,Emory University - Goizueta Business School,2026.0,2024.0,,,,,,,,,,,2023.0,2022.0,1,BCG,Boston Consulting Group (BCG),BCG,BCG Launch,Jun 2023,Jul 2023,Oxford Business Club,Representative,Eta Omega Chi,Emory Chapter Co-founder; Vice President of Operation,Emory Chapter Co-founder; Vice President of Operation,Aug 2023,Feb 2025,0,,Everview Consulting Group,Everview Consulting Group,President; Vice President of Client Relations; Consulting Analyst,Sep 2022,Jan 2024,0.0,,Oxford Business Club,Oxford Business Club,President; Representative,Sep 2022,Jan 2024,0.0,,Boston Consulting Group (BCG),BCG Launch,BCG Launch,Jun 2023,Jul 2023,1.0,BCG,"AMA PROPERTY MANAGEMENT, LLC",Real-estate Management Intern,Real-estate Management Intern,Aug 2021,May 2022,0.0,,SPRINGFIELD COMMUNITY GARDENS,Social Media Campaign Intern,Social Media Campaign Intern,Aug 2021,May 2022,0.0,,College Prep Club,Founder & President,Founder & President,Aug 2020,May 2022,0.0,,Fashion Research Program with NYU professor,Research Team Lead,Research Team Lead,Jan 2020,May 2020,0.0,,,,,,,,,,,,,,,,,,,,,,,,,,,,,,,,,,,,,,,,,,,,,,,,,,,,,,,,,,,,,,,,,,,,,,,,,,,,,,,,,,,,,,,,,,,,,,,,,,,,,,,,,,,,,,,,,,,,,,,,,,,,,,,,,,,,,,,,,,,,,,,,,,,,,,,,,,,,,,,,,,,,,,,,,
person-0435,Houston,Digital Marketing and Communications Asst. Manager at The Ford Foundation #trends #diversity#marketning #brandstrategy #marketingcommunications #b2b #martech #b2bmarketing #contentmarketing #branding #personalbranding,Ford Foundation,,,,,,,,,,,,,Rutgers University,,,1,McKinsey,McKinsey & Company,McKinsey,"Digital Marketing, Communications, and Special Events Specialist",Apr 2016,Jun 2018,Chevron,Digital Marketing and Communications Associate,Ford Foundation,"Communications, Digital Marketing and Special Events Asst. Manager","Communications, Digital Marketing and Special Events Asst. Manager",Nov 2022,Present,0,,Chevron,Chevron,"Events, Digital Marketing, and Communications Sr. Associate; Digital Marketing and Communications Associate",Jun 2018,Nov 2022,0.0,,McKinsey & Company,"Digital Marketing, Communications, and Special Events Specialist","Digital Marketing, Communications, and Special Events Specialist",Apr 2016,Jun 2018,1.0,McKinsey,,,,,,,,,,,,,,,,,,,,,,,,,,,,,,,,,,,,,,,,,,,,,,,,,,,,,,,,,,,,,,,,,,,,,,,,,,,,,,,,,,,,,,,,,,,,,,,,,,,,,,,,,,,,,,,,,,,,,,,,,,,,,,,,,,,,,,,,,,,,,,,,,,,,,,,,,,,,,,,,,,,,,,,,,,,,,,,,,,,,,,,,,,,,,,,,,,,,,,,,,,,
person-0436,,Executive coach; former BCG,Impactive,Duke University - The Fuqua School of Business,2009.0,2007.0,,,,,,,,,,,1998.0,1994.0,1,BCG,The Boston Consulting Group,BCG,The Boston Consulting Group,Oct 2009,Apr 2014,Boston Consulting Group (BCG),Consulting Team Talent Manager,Impactive,Partner,Partner,Oct 2020,Present,0,,Boston Consulting Group (BCG),Consulting Team Talent Manager,Consulting Team Talent Manager,Oct 2019,Oct 2020,1.0,BCG,The Boston Consulting Group,The Boston Consulting Group,Project Leader; Strategy Consultant,Oct 2009,Apr 2014,1.0,BCG,Université Paris IV - Sorbonne,Student,Student,Jun 2009,Aug 2009,0.0,,The Boston Consulting Group,Summer Consultant,Summer Consultant,Jun 2008,Aug 2008,1.0,BCG,The Poynter Institute,Management Consultant,Management Consultant,Jun 2007,Jul 2007,0.0,,McClatchy Company,Reporter,Reporter,Jul 2002,Mar 2007,0.0,,The Poynter Institute,Naughton Fellow,Naughton Fellow,2001,2002,0.0,,FierceMarkets,Editorial,Editorial,2001,2001,0.0,,VoxCap.com,Online producer,Online producer,1999,2001,0.0,,Tax Analysts,Assistant producer,Assistant producer,1998,1999,0.0,,Center for Public Integrity,Intern,Intern,1997,1997,0.0,,,,,,,,,,,,,,,,,,,,,,,,,,,,,,,,,,,,,,,,,,,,,,,,,,,,,,,,,,,,,,,,,,,,,,,,,,,,,,,,,,,,,,,,,,,,,,,,,,,,,,,,,,,,,,,,,,,,,,,,,,,,,,,,,,,,,,,,,,,,,
person-0437,,Project Engineer | Lockheed Martin | McKinsey Alum,Lockheed Martin,,,,,,,,,,,,,Keiser University-Sarasota/Tampa,2007.0,2004.0,1,McKinsey,McKinsey & Company,McKinsey,McKinsey & Company,Aug 2016,Mar 2025,GEICO,Recruiter,Lockheed Martin,Sr. Project Engineer,Sr. Project Engineer,Oct 2025,Present,0,,Charles Rutenberg,Licensed Realtor,Licensed Realtor,Nov 2017,Present,0.0,,GEICO,Recruiter,Recruiter,Jul 2025,Oct 2025,0.0,,McKinsey & Company,McKinsey & Company,Recruiter; Learning and Development Rotation; Senior Recruiting Coordinator; Executive Assistant,Aug 2016,Mar 2025,1.0,McKinsey,"Maney & Gordon, P.A.",Client Relation Specialst,Client Relation Specialst,Jul 2014,Jul 2016,0.0,,Ocean Media - The UK Wedding Shows,Sales Executive,Sales Executive,Jul 2013,2014,0.0,,Barbizon,District Manager,District Manager,2003,Oct 2011,0.0,,Argus Legal,Court Reporting Management,Court Reporting Management,2006,2008,0.0,,,,,,,,,,,,,,,,,,,,,,,,,,,,,,,,,,,,,,,,,,,,,,,,,,,,,,,,,,,,,,,,,,,,,,,,,,,,,,,,,,,,,,,,,,,,,,,,,,,,,,,,,,,,,,,,,,,,,,,,,,,,,,,,,,,,,,,,,,,,,,,,,,,,,,,,,,,,,,,,,,,,,,,,,
person-0438,San Francisco,"Business Development Manager at Enplas America, Inc.","Enplas America, Inc",,,,,,,,,,,,,The Johns Hopkins University Bloomberg School of Public Health,2011.0,2009.0,1,McKinsey,McKinsey & Company,McKinsey,McKinsey & Company,Apr 2011,Apr 2015,"Enplas America, Inc",New Business Development Manager,"Enplas America, Inc",Business Development Manager,Business Development Manager,Nov 2022,Present,0,,PATH,"Commercialization Officer, Diagnostics","Commercialization Officer, Diagnostics",Oct 2020,Nov 2022,0.0,,"HOMMA, Inc",New Business Development Manager,New Business Development Manager,Mar 2020,Oct 2020,0.0,,"Enplas America, Inc",New Business Development Manager,New Business Development Manager,Oct 2015,Feb 2020,0.0,,McKinsey & Company,McKinsey & Company,Associate; Business Analyst,Apr 2011,Apr 2015,1.0,McKinsey,United Nations International Strategy for Disaster Reduction,Intern,Intern,Jul 2010,Jan 2011,0.0,,Johns Hopkins Bloomberg School of Public Health,Research Assistant,Research Assistant,Jan 2010,Nov 2010,0.0,,Claremont McKenna College,Research Assistant @ Keck Center for International and Strategic Studies,Research Assistant @ Keck Center for International and Strategic Studies,Aug 2005,May 2008,0.0,,"Alzheimer's Association, Greater Dallas Chapter",Public Policy Intern,Public Policy Intern,Jun 2007,Aug 2007,0.0,,,,,,,,,,,,,,,,,,,,,,,,,,,,,,,,,,,,,,,,,,,,,,,,,,,,,,,,,,,,,,,,,,,,,,,,,,,,,,,,,,,,,,,,,,,,,,,,,,,,,,,,,,,,,,,,,,,,,,,,,,,,,,,,,,,,,,,,,,,,,,,,,,,,,,,,,,,,,,,,,,
person-0439,New York,Business Operations at Bridge,Bridge,Northwestern University - Kellogg School of Management,2023.0,2021.0,,,,,,,,,,,2017.0,2013.0,1,McKinsey,McKinsey & Company,McKinsey,Associate,Oct 2023,Jul 2025,Bridge,Business Operations,Bridge,Business Operations,Business Operations,Aug 2025,Present,0,,McKinsey & Company,Associate,Associate,Oct 2023,Jul 2025,1.0,McKinsey,Northwestern University - Kellogg School of Management,MBA Candidate,MBA Candidate,Aug 2021,Jun 2023,0.0,,McKinsey & Company,Summer Associate,Summer Associate,Jun 2022,Aug 2022,1.0,McKinsey,Capital One,Product Strategy Analyst,Product Strategy Analyst,Feb 2020,Apr 2021,0.0,,Level5 Strategy,Level5 Strategy,Senior Consultant; Consultant; Analyst,Sep 2017,Jan 2020,0.0,,,,,,,,,,,,,,,,,,,,,,,,,,,,,,,,,,,,,,,,,,,,,,,,,,,,,,,,,,,,,,,,,,,,,,,,,,,,,,,,,,,,,,,,,,,,,,,,,,,,,,,,,,,,,,,,,,,,,,,,,,,,,,,,,,,,,,,,,,,,,,,,,,,,,,,,,,,,,,,,,,,,,,,,,,,,,,,,,,,,,,,
person-0440,Houston,Healthcare and AI | Bain | Kellogg,Jindal Healthcare,Northwestern University - Kellogg School of Management,2015.0,2013.0,,,,,,,,,,,2007.0,2006.0,1,Bain,Bain & Company,Bain,Bain & Company,Oct 2015,Sep 2020,Harris County,Sr. Manager of Performance and Budget,Jindal Healthcare,Chief Business Officer,Chief Business Officer,Jan 2024,Present,0,,Chief,Member,Member,Aug 2023,Present,0.0,,Harris County Office of County Administration,"Managing Director, Performance and Data","Managing Director, Performance and Data",Dec 2022,Jan 2024,0.0,,Harris County,Harris County,Director Performance Analysis; Sr. Manager of Performance and Budget,Sep 2020,Jan 2024,0.0,,Bain & Company,Bain & Company,Practice Manager; Case Team Leader; Consultant,Oct 2015,Sep 2020,1.0,Bain,Telebrands Corp.,Customer Analytics Consultant,Customer Analytics Consultant,Jun 2014,Aug 2014,0.0,,Jindal Intellicom Limited,Jindal Intellicom Limited,Senior Manager; Deputy Manager- Training & Client Servicing; Assistant Manager,Jul 2009,Jul 2013,0.0,,PwC,Trainee Research Analyst,Trainee Research Analyst,Jul 2008,Aug 2008,0.0,,International Market Assessment,Research Analyst,Research Analyst,Jul 2007,Aug 2007,0.0,,Blind School,Voluntary Worker,Voluntary Worker,Mar 2006,Apr 2006,0.0,,Jindal Transworld Pvt. Ltd,Human Resource Analyst,Human Resource Analyst,May 2005,Jun 2005,0.0,,,,,,,,,,,,,,,,,,,,,,,,,,,,,,,,,,,,,,,,,,,,,,,,,,,,,,,,,,,,,,,,,,,,,,,,,,,,,,,,,,,,,,,,,,,,,,,,,,,,,,,,,,,,,,,,,,,,,,,,,,,,,,,,,,,,,,,,,,,,,,,,,,,,
person-0441,New York,MBA Candidate at Columbia Business School,Columbia Business School,Columbia Business School,2026.0,2024.0,,,,,,,,,,,2011.0,2008.0,1,Bain,Bain & Company,Bain,Bain & Company,Sep 2018,Sep 2021,brightwheel,Business Operations Manager,Columbia Business School,MBA Candidate,MBA Candidate,Aug 2024,Present,0,,Relay Investments,Summer Intern,Summer Intern,Aug 2025,Aug 2025,0.0,,Earth Development,Sales Strategy Intern,Sales Strategy Intern,Jun 2025,Jul 2025,0.0,,brightwheel,Business Operations Manager,Business Operations Manager,Nov 2021,Mar 2024,0.0,,Bain & Company,Bain & Company,Senior Associate Consultant; Associate Consultant,Sep 2018,Sep 2021,1.0,Bain,Bain & Company,Associate Consultant Intern,Associate Consultant Intern,Jun 2017,Aug 2017,1.0,Bain,"Lianjia (Homelink Real Estate Agency Co., Ltd.)",Business Development Intern,Business Development Intern,Jun 2016,Aug 2016,0.0,,,,,,,,,,,,,,,,,,,,,,,,,,,,,,,,,,,,,,,,,,,,,,,,,,,,,,,,,,,,,,,,,,,,,,,,,,,,,,,,,,,,,,,,,,,,,,,,,,,,,,,,,,,,,,,,,,,,,,,,,,,,,,,,,,,,,,,,,,,,,,,,,,,,,,,,,,,,,,,,,,,,,,,,,,,,,,,,
person-0442,,Problem-solver and relationship builder - pursuing new approaches for business and climate solutions,Bridgewell Partners,Yale University - Yale School of Management,1984.0,1982.0,,,,,,,,,,,1979.0,1975.0,1,McKinsey,McKinsey and Company,McKinsey,McKinsey and Company,Sep 1984,1999,Collaborating Minds,Founder,Bridgewell Partners,Owner,Owner,Sep 1999,Present,0,,Eleves,Senior Advisor,Senior Advisor,Nov 2021,May 2022,0.0,,Kellogg School of Management,Clinical Assistant Professor of Executive Education,Clinical Assistant Professor of Executive Education,Apr 2015,Aug 2021,0.0,,Collaborating Minds,Founder,Founder,Jan 2008,Jun 2015,0.0,,McKinsey and Company,McKinsey and Company,Principal; Engagement Manager/Senior Engagement Manager; Associate,Sep 1984,1999,1.0,McKinsey,,,,,,,,,,,,,,,,,,,,,,,,,,,,,,,,,,,,,,,,,,,,,,,,,,,,,,,,,,,,,,,,,,,,,,,,,,,,,,,,,,,,,,,,,,,,,,,,,,,,,,,,,,,,,,,,,,,,,,,,,,,,,,,,,,,,,,,,,,,,,,,,,,,,,,,,,,,,,,,,,,,,,,,,,,,,,,,,,,,,,,,,,,,,,
person-0443,New York,"Senior Director of Schools, KIPP NYC",KIPP NYC,,,,,,,,,,,,,Duke University,2022.0,2018.0,1,Bain,Bain & Company,Bain,Bain & Company,Jul 2022,Aug 2025,KIPP NYC,Senior Director of Schools,KIPP NYC,Senior Director of Schools,Senior Director of Schools,Aug 2025,Present,0,,Bain & Company,Bain & Company,Senior Associate Consultant; Associate Consultant,Jul 2022,Aug 2025,1.0,Bain,KIPP NYC,Shared Services Team Extern,Shared Services Team Extern,Sep 2024,Feb 2025,0.0,,Duke Association for Business Oriented Women,Duke Association for Business Oriented Women,Vice President of General Body Meetings; Vice President of Entrepreneurship; Chair of Alumni Relations,May 2019,Apr 2022,0.0,,Duke University School of Law,Research Assistant at the Center for Science and Justice,Research Assistant at the Center for Science and Justice,Jan 2020,Apr 2022,0.0,,Duke BRITElab,Undergraduate Researcher,Undergraduate Researcher,Jan 2019,Apr 2022,0.0,,Accenture,Strategy Summer Analyst,Strategy Summer Analyst,Jun 2021,Aug 2021,0.0,,University of Pennsylvania,Summer Intern at the Duckworth Lab,Summer Intern at the Duckworth Lab,May 2020,Aug 2020,0.0,,Eisenhower Fellowships,Programs Intern,Programs Intern,Jun 2019,Aug 2019,0.0,,,,,,,,,,,,,,,,,,,,,,,,,,,,,,,,,,,,,,,,,,,,,,,,,,,,,,,,,,,,,,,,,,,,,,,,,,,,,,,,,,,,,,,,,,,,,,,,,,,,,,,,,,,,,,,,,,,,,,,,,,,,,,,,,,,,,,,,,,,,,,,,,,,,,,,,,,,,,,,,,,
person-0444,,Alvarez & Marsal | ex-BCG | Michigan Ross MBA | VIT,Alvarez & Marsal,University of Michigan - Stephen M. Ross School of Business,2024.0,2022.0,,,,,,,,,,,2016.0,2012.0,1,BCG,Boston Consulting Group (BCG),BCG,Boston Consulting Group (BCG),Aug 2016,Jul 2022,Tata Digital,MBA Consultant,Alvarez & Marsal,Senior Associate,Senior Associate,Jul 2024,Present,0,,Kearney,MBA Consultant,MBA Consultant,Sep 2023,Dec 2023,0.0,,Dell Technologies,Strategy Intern,Strategy Intern,May 2023,Aug 2023,0.0,,Tata Digital,MBA Consultant,MBA Consultant,Mar 2023,Apr 2023,0.0,,Boston Consulting Group (BCG),Boston Consulting Group (BCG),Senior Analyst; Analyst; Junior Analyst,Aug 2016,Jul 2022,1.0,BCG,General Motors,Project Trainee (Intern),Project Trainee (Intern),Jun 2014,Jul 2014,0.0,,,,,,,,,,,,,,,,,,,,,,,,,,,,,,,,,,,,,,,,,,,,,,,,,,,,,,,,,,,,,,,,,,,,,,,,,,,,,,,,,,,,,,,,,,,,,,,,,,,,,,,,,,,,,,,,,,,,,,,,,,,,,,,,,,,,,,,,,,,,,,,,,,,,,,,,,,,,,,,,,,,,,,,,,,,,,,,,,,,,,,,
person-0445,Denver,Business Transformation at Xometry,Xometry,,,,,,,,,,,,,United States Military Academy at West Point,2010.0,2006.0,1,McKinsey,McKinsey & Company,McKinsey,McKinsey & Company,Jan 2021,Oct 2025,United States Army Reserve,Engineer Officer,Xometry,Director Business Transformation,Director Business Transformation,Oct 2025,Present,0,,United States Army Reserve,Engineer Officer,Engineer Officer,Jul 2019,Present,0.0,,McKinsey & Company,McKinsey & Company,Engagement Manager; Associate,Jan 2021,Oct 2025,1.0,McKinsey,Hytrol,Operations Director,Operations Director,Jun 2019,Dec 2020,0.0,,US Army,US Army,"Project Manager, US Army Corps of Engineers; Company Commander (Director, Operations & Engineering); Engineer Operations Officer (Engineering Manager); Graduate Student, Missouri University of Science and Technology; Operations Officer (Program Manager); Executive Officer (Chief of Staff); Platoon Leader (Project Engineer)",May 2010,Jul 2019,0.0,,,,,,,,,,,,,,,,,,,,,,,,,,,,,,,,,,,,,,,,,,,,,,,,,,,,,,,,,,,,,,,,,,,,,,,,,,,,,,,,,,,,,,,,,,,,,,,,,,,,,,,,,,,,,,,,,,,,,,,,,,,,,,,,,,,,,,,,,,,,,,,,,,,,,,,,,,,,,,,,,,,,,,,,,,,,,,,,,,,,,,,,,,,,,,
person-0446,Washington,"Senior Director, Strategy and Policy at Washington Metropolitan Area Transit Authority",Washington Metropolitan Area Transit Authority (WMATA),,,,,,,,,,,,,Duke University School of Law,2012.0,2009.0,1,McKinsey,McKinsey & Company,McKinsey,Engagement Manager,Oct 2012,Oct 2015,TechnoServe,Project Lead Consultant,Washington Metropolitan Area Transit Authority (WMATA),Washington Metropolitan Area Transit Authority (WMATA),"Director, Strategy and Policy; Manager, Systems and Capital Planning; Acting Director, Capital Financial Reporting; Senior Performance Analyst",Sep 2016,Present,0,,TechnoServe,Project Lead Consultant,Project Lead Consultant,Jun 2016,Sep 2016,0.0,,McKinsey & Company,Engagement Manager,Engagement Manager,Oct 2012,Oct 2015,1.0,McKinsey,The Brookings Institution,Graduate Intern,Graduate Intern,Jan 2012,Apr 2012,0.0,,McKinsey & Company,Summer Associate,Summer Associate,Jul 2011,Aug 2011,1.0,McKinsey,Cleary Gottlieb Steen & Hamilton LLP,Summer Associate,Summer Associate,May 2011,Jul 2011,0.0,,Center for Strategic and International Studies,Research Assistant,Research Assistant,Aug 2006,Jul 2009,0.0,,,,,,,,,,,,,,,,,,,,,,,,,,,,,,,,,,,,,,,,,,,,,,,,,,,,,,,,,,,,,,,,,,,,,,,,,,,,,,,,,,,,,,,,,,,,,,,,,,,,,,,,,,,,,,,,,,,,,,,,,,,,,,,,,,,,,,,,,,,,,,,,,,,,,,,,,,,,,,,,,,,,,,,,,,,,,,,,
person-0447,New York,Operating Executive at KKR,KKR,,,,,,,,,,,,,University of Michigan College of Engineering,2022.0,2018.0,1,BCG,Boston Consulting Group (BCG),BCG,Boston Consulting Group (BCG),Aug 2022,Jan 2025,KKR,Operating Executive,KKR,Operating Executive,Operating Executive,Jan 2025,Present,0,,Boston Consulting Group (BCG),Boston Consulting Group (BCG),Consultant; Associate,Aug 2022,Jan 2025,1.0,BCG,Boston Consulting Group (BCG),Summer Associate,Summer Associate,Jun 2021,Aug 2021,1.0,BCG,PCC Airfoils,Process Engineering Intern,Process Engineering Intern,May 2020,Aug 2020,0.0,,PCC Airfoils,Manufacturing Engineering Intern,Manufacturing Engineering Intern,May 2019,Aug 2019,0.0,,,,,,,,,,,,,,,,,,,,,,,,,,,,,,,,,,,,,,,,,,,,,,,,,,,,,,,,,,,,,,,,,,,,,,,,,,,,,,,,,,,,,,,,,,,,,,,,,,,,,,,,,,,,,,,,,,,,,,,,,,,,,,,,,,,,,,,,,,,,,,,,,,,,,,,,,,,,,,,,,,,,,,,,,,,,,,,,,,,,,,,,,,,,,,
person-0448,Atlanta,"VP, Executive Search at Accel-KKR",Accel-KKR,,,,,,,,,,,,,University of St. Thomas,,,1,McKinsey,McKinsey & Company,McKinsey,Executive Recruiting Manager,Aug 2022,Dec 2024,Accel-KKR,"Vice President, Executive Search",Accel-KKR,"Vice President, Executive Search","Vice President, Executive Search",Mar 2025,Present,0,,McKinsey & Company,Executive Recruiting Manager,Executive Recruiting Manager,Aug 2022,Dec 2024,1.0,McKinsey,Barton Executive Search,Senior Consultant and Executive Recruiter,Senior Consultant and Executive Recruiter,Jun 2021,Aug 2022,0.0,,Russell Reynolds Associates,Executive Recruiter / Senior Research Consultant-Technology Practice,Executive Recruiter / Senior Research Consultant-Technology Practice,Oct 2016,Jun 2021,0.0,,Spencer Stuart,Spencer Stuart,Senior Associate and Executive Recruiter; Associate,May 2000,Sep 2016,0.0,,,,,,,,,,,,,,,,,,,,,,,,,,,,,,,,,,,,,,,,,,,,,,,,,,,,,,,,,,,,,,,,,,,,,,,,,,,,,,,,,,,,,,,,,,,,,,,,,,,,,,,,,,,,,,,,,,,,,,,,,,,,,,,,,,,,,,,,,,,,,,,,,,,,,,,,,,,,,,,,,,,,,,,,,,,,,,,,,,,,,,,,,,,,,,
person-0449,,Chief of Staff,S&P Global,,,,,,,,,,,,,University of Illinois at Urbana-Champaign,2019.0,2015.0,1,McKinsey,McKinsey & Company,McKinsey,Solutions Analyst,Jan 2022,Apr 2024,S&P Global,Senior Strategy Analyst,S&P Global,S&P Global,Chief of Staff; Senior Strategy Analyst,Apr 2024,Present,0,,McKinsey & Company,Solutions Analyst,Solutions Analyst,Jan 2022,Apr 2024,1.0,McKinsey,ExxonMobil,ExxonMobil,Upstream Process Engineer; Engineer in Operations,Aug 2019,Jan 2022,0.0,,University of Illinois at Urbana-Champaign,Teaching Assistant,Teaching Assistant,Aug 2018,May 2019,0.0,,BP,Integrated Supply & Trade Analyst Intern,Integrated Supply & Trade Analyst Intern,May 2018,Aug 2018,0.0,,Kimberly-Clark,Research & Development Engineer,Research & Development Engineer,Jan 2018,May 2018,0.0,,University of Illinois at Urbana-Champaign,University of Illinois at Urbana-Champaign,Research Assistant; Research Assistant; Research Assistant,Jan 2016,Dec 2017,0.0,,,,,,,,,,,,,,,,,,,,,,,,,,,,,,,,,,,,,,,,,,,,,,,,,,,,,,,,,,,,,,,,,,,,,,,,,,,,,,,,,,,,,,,,,,,,,,,,,,,,,,,,,,,,,,,,,,,,,,,,,,,,,,,,,,,,,,,,,,,,,,,,,,,,,,,,,,,,,,,,,,,,,,,,,,,,,,,,
person-0450,New York,Strategist at BCG BrightHouse,Prosper AI,,,,,,,,,,,,,Emory University,2023.0,2018.0,1,BCG,BCG BrightHouse,BCG,Strategist,Sep 2023,Present,Boston Consulting Group (BCG),Strategist - BCG BrightHouse,Boston Consulting Group (BCG),Strategist - BCG BrightHouse,Strategist - BCG BrightHouse,Sep 2023,Present,1,BCG,BCG BrightHouse,Strategist,Strategist,Sep 2023,Present,1.0,BCG,Emory University - Goizueta Business School,Career Management Center Coach,Career Management Center Coach,Aug 2022,Sep 2023,0.0,,Goldman Sachs,Summer Analyst,Summer Analyst,Jun 2022,Aug 2022,0.0,,Consult Your Community,Consult Your Community,Senior Advisor; Business Analyst,Jan 2020,Jul 2022,0.0,,BRASA - Brazilian Student Association,BRASA - Brazilian Student Association,Global Manager at BRASA Next; Analyst at BRASA Next,Jan 2020,Oct 2021,0.0,,cloud humans,cloud humans,Business Operations Analyst; Intern,Mar 2021,Jul 2021,0.0,,Canary,Talent & Add Value Summer Intern,Talent & Add Value Summer Intern,Jan 2021,Mar 2021,0.0,,Anheuser-Busch InBev,Marketing Summer Intern,Marketing Summer Intern,Jul 2020,Sep 2020,0.0,,Gerando Falcões,Gerando Falcões,Global Ambassador; Strategic Partnerships Intern,May 2019,Aug 2020,0.0,,Emory Argentine Tango Club,Co-Founder and Treasurer,Co-Founder and Treasurer,Aug 2018,Jul 2020,0.0,,World Solutions,Co-Founder,Co-Founder,Jan 2015,Dec 2016,0.0,,,,,,,,,,,,,,,,,,,,,,,,,,,,,,,,,,,,,,,,,,,,,,,,,,,,,,,,,,,,,,,,,,,,,,,,,,,,,,,,,,,,,,,,,,,,,,,,,,,,,,,,,,,,,,,,,,,,,,,,,,,,,,,,,,,,,,,,,,,,,
person-0451,New York,Freelance Writer,Freelance Writer,,,,,,,,,,,,,Scripps Howard Environmental Journalism Workshop,2003.0,2003.0,1,McKinsey,McKinsey & Company,McKinsey,Freelance Editor,Mar 2002,May 2002,The Green Guide Institute,Freelance Writer and Researcher,Freelance Writer,Freelance Writer and Editor,Freelance Writer and Editor,2012,Present,0,,NRDC,Senior Editor,Senior Editor,May 2009,Mar 2012,0.0,,National Geographic Society,Deputy Editor,Deputy Editor,Mar 2007,Mar 2009,0.0,,The Green Guide Institute,The Green Guide Institute,Senior Editor; Freelance Writer and Researcher,May 2002,Feb 2007,0.0,,McKinsey & Company,Freelance Editor,Freelance Editor,Mar 2002,May 2002,1.0,McKinsey,This Old House Ventures at Time Inc.,Researcher,Researcher,Oct 2000,Jan 2002,0.0,,,,,,,,,,,,,,,,,,,,,,,,,,,,,,,,,,,,,,,,,,,,,,,,,,,,,,,,,,,,,,,,,,,,,,,,,,,,,,,,,,,,,,,,,,,,,,,,,,,,,,,,,,,,,,,,,,,,,,,,,,,,,,,,,,,,,,,,,,,,,,,,,,,,,,,,,,,,,,,,,,,,,,,,,,,,,,,,,,,,,,,
person-0452,,"Managing Director, Hatch Advisory | Partner | Leading Positive Change",Hatch,Australian Graduate School of Management,,,Uppsala University,,,,,,,,,Uppsala University,,,1,Bain,Bain & Company,Bain,Bain & Company,2009,2021,Hatch,North America Advisory Regional Director | Partner | Hatch USA board member,Hatch,Hatch,"Managing Director, Hatch Advisory; North America Advisory Regional Director | Partner | Hatch USA board member",2021,Present,0,,Bain & Company,Bain & Company,Partner; Consultant/Principal/AP - Industrial Goods & Services,2009,2021,1.0,Bain,Telstra,Group Manager Strategy,Group Manager Strategy,2006,2009,0.0,,Telkom South Africa,Lead IT/OT Integration Architect,Lead IT/OT Integration Architect,2000,2005,0.0,,Midex IT Konsult,Solution Architect at Telia AB,Solution Architect at Telia AB,1998,2000,0.0,,,,,,,,,,,,,,,,,,,,,,,,,,,,,,,,,,,,,,,,,,,,,,,,,,,,,,,,,,,,,,,,,,,,,,,,,,,,,,,,,,,,,,,,,,,,,,,,,,,,,,,,,,,,,,,,,,,,,,,,,,,,,,,,,,,,,,,,,,,,,,,,,,,,,,,,,,,,,,,,,,,,,,,,,,,,,,,,,,,,,,,,,,,,,,
person-0453,Palo Alto,Wealth Management I Financial Planning I Former McKinsey Engagement Manager and F500 Marketing Executive,Focus Partners Wealth,Stanford University Graduate School of Business,,,,,,,,,,,,University of Virginia,,,1,McKinsey,McKinsey & Co,McKinsey,Engagement Manager,1998,2002,eBay,"Director, Corporate Strategy (Mergers & Acquisitions Team)",Focus Partners Wealth,Wealth Management Associate,Wealth Management Associate,Jul 2025,Present,0,,Bordeaux Wealth Advisors,Associate Wealth Advisor,Associate Wealth Advisor,Mar 2024,Jul 2025,0.0,,Target,Target,"Director, Marketing; Director, Interactive Marketing",Apr 2006,Sep 2008,0.0,,eBay,eBay,"Director, Marketing; Director, Corporate Strategy (Mergers & Acquisitions Team)",2002,2005,0.0,,McKinsey & Co,Engagement Manager,Engagement Manager,1998,2002,1.0,McKinsey,Advisory Board,Advisory Board,Associate Director; Research Manager,Jul 1993,Aug 1996,0.0,,SNL Financial Corp.,Researcher and writer,Researcher and writer,1991,1993,0.0,,,,,,,,,,,,,,,,,,,,,,,,,,,,,,,,,,,,,,,,,,,,,,,,,,,,,,,,,,,,,,,,,,,,,,,,,,,,,,,,,,,,,,,,,,,,,,,,,,,,,,,,,,,,,,,,,,,,,,,,,,,,,,,,,,,,,,,,,,,,,,,,,,,,,,,,,,,,,,,,,,,,,,,,,,,,,,,,
person-0454,,Sales Development Manager,IDIS Americas,,,,,,,,,,,,,Georgia Institute of Technology,2022.0,2021.0,1,BCG,The Boston Consulting Group,BCG,Consulting Research Analyst,Feb 2019,Mar 2019,NLVC - Northern Light Venture Capital,Project Consultant,IDIS Americas,IDIS Americas,Sales & Demand Creation Manager; Marketing & Sales Development Analyst,Oct 2024,Present,0,,Kearney,Kearney,Senior Business Analyst; Business Analyst,Sep 2022,Aug 2024,0.0,,NLVC - Northern Light Venture Capital,Project Consultant,Project Consultant,Dec 2021,Dec 2021,0.0,,Procter & Gamble,Product Supply - Supply Network Operation Intern,Product Supply - Supply Network Operation Intern,Jul 2020,Aug 2020,0.0,,The Boston Consulting Group,Consulting Research Analyst,Consulting Research Analyst,Feb 2019,Mar 2019,1.0,BCG,Oglethorpe Power Corporation,Planning & Financial Analyst,Planning & Financial Analyst,Jan 2018,May 2018,0.0,,,,,,,,,,,,,,,,,,,,,,,,,,,,,,,,,,,,,,,,,,,,,,,,,,,,,,,,,,,,,,,,,,,,,,,,,,,,,,,,,,,,,,,,,,,,,,,,,,,,,,,,,,,,,,,,,,,,,,,,,,,,,,,,,,,,,,,,,,,,,,,,,,,,,,,,,,,,,,,,,,,,,,,,,,,,,,,,,,,,,,,
person-0455,Chicago,Deployment Strategy @ LightSource,LightSource,,,,,,,,,,,,,University of Wisconsin-Madison,2018.0,2014.0,1,McKinsey,McKinsey & Company,McKinsey,McKinsey & Company,Feb 2021,Mar 2025,LightSource,Director of Deployment Strategy,LightSource,Director of Deployment Strategy,Director of Deployment Strategy,Mar 2025,Present,0,,McKinsey & Company,McKinsey & Company,Engagement Manager; Business Analyst,Feb 2021,Mar 2025,1.0,McKinsey,Deloitte Consulting,Deloitte Consulting,Consultant; Business Technology Analyst,Sep 2018,Feb 2021,0.0,,TARGO CONSULTING,Market Analyst Intern,Market Analyst Intern,Jun 2018,Aug 2018,0.0,,Arity,Scrum Master Intern,Scrum Master Intern,Jun 2017,Sep 2017,0.0,,,,,,,,,,,,,,,,,,,,,,,,,,,,,,,,,,,,,,,,,,,,,,,,,,,,,,,,,,,,,,,,,,,,,,,,,,,,,,,,,,,,,,,,,,,,,,,,,,,,,,,,,,,,,,,,,,,,,,,,,,,,,,,,,,,,,,,,,,,,,,,,,,,,,,,,,,,,,,,,,,,,,,,,,,,,,,,,,,,,,,,,,,,,,,
person-0456,Boston,Senior Customer Success Engineer at Cyera,Cyera,,,,,,,,,,,,,Northeastern University,2016.0,2011.0,1,BCG,The Boston Consulting Group (BCG),BCG,IT Digital Developer,Jan 2018,May 2019,Amazon Web Services (AWS),Associate Technical Account Manager,Cyera,Senior Customer Success Engineer,Senior Customer Success Engineer,Feb 2024,Present,0,,Starburst,Technical Account Manager,Technical Account Manager,Nov 2022,Feb 2024,0.0,,Deloitte Consulting,Cloud Strategy Consultant,Cloud Strategy Consultant,Oct 2021,Nov 2022,0.0,,Amazon Web Services (AWS),Amazon Web Services (AWS),Technical Account Manager; Associate Technical Account Manager,Jun 2019,Oct 2021,0.0,,The Boston Consulting Group (BCG),IT Digital Developer,IT Digital Developer,Jan 2018,May 2019,1.0,BCG,Peakwork AG,Application Support Engineer,Application Support Engineer,May 2016,Dec 2017,0.0,,StoneTurn Group,Forensic Technology Co-op,Forensic Technology Co-op,Jul 2015,Dec 2015,0.0,,New Frontier Advisors,Assistant System Administrator Co-op,Assistant System Administrator Co-op,May 2014,Dec 2014,0.0,,Harvard T.H. Chan School of Public Health,User Support Co-op,User Support Co-op,Jul 2013,Dec 2013,0.0,,Department of Chemical Engineering at Northeastern University,Office Assistant,Office Assistant,Sep 2011,May 2013,0.0,,Rhode Island Department of Labor and Training,Assistant to Head of Policy Work,Assistant to Head of Policy Work,Jun 2011,Jul 2011,0.0,,Rhode Island House of Representatives,Intern to Representative Eileen Naughton,Intern to Representative Eileen Naughton,Feb 2011,Jun 2011,0.0,,,,,,,,,,,,,,,,,,,,,,,,,,,,,,,,,,,,,,,,,,,,,,,,,,,,,,,,,,,,,,,,,,,,,,,,,,,,,,,,,,,,,,,,,,,,,,,,,,,,,,,,,,,,,,,,,,,,,,,,,,,,,,,,,,,,,,,,,,,,,
person-0457,Seattle,Product Lead for Support Automation and Core AI,DoorDash,,,,University of Cambridge,,,,,,,,,Princeton University,,,1,Bain,Bain & Company,Bain,Bain & Company,2011,2014,Uber,Driver Growth Product and Operations,DoorDash,Product Manager,Product Manager,2024,Present,0,,Birch.ai,Director of Product Management,Director of Product Management,2022,2024,0.0,,TOOLBX,Product Lead,Product Lead,2021,2022,0.0,,Uber,Uber,"Sr Manager, Product for Ads, Offers, and Merchant Loyalty; Sr Manager, Product for Uber Grocery; Driver Growth Product and Operations",2015,2021,0.0,,Bain & Company,Bain & Company,Senior Associate Consultant; Associate Consultant,2011,2014,1.0,Bain,Rowing Canada Aviron,Athlete,Athlete,Jun 2009,Oct 2011,0.0,,,,,,,,,,,,,,,,,,,,,,,,,,,,,,,,,,,,,,,,,,,,,,,,,,,,,,,,,,,,,,,,,,,,,,,,,,,,,,,,,,,,,,,,,,,,,,,,,,,,,,,,,,,,,,,,,,,,,,,,,,,,,,,,,,,,,,,,,,,,,,,,,,,,,,,,,,,,,,,,,,,,,,,,,,,,,,,,,,,,,,,
person-0458,,Planning Intern @Tesla | MEM’25 Northwestern University | CSPO | Ex-Schneider Electric,Tesla,,,,,,,,,,,,,Northwestern University,2025.0,2024.0,1,McKinsey,McKinsey & Company,McKinsey,Forward Learner,Apr 2025,Jun 2025,Northwestern University Product Management Club (NUPMC),Head of Operations,Tesla,Intern,Intern,Sep 2025,Present,0,,Northwestern University,Arch Residential Director,Arch Residential Director,Aug 2025,Sep 2025,0.0,,Northwestern University Product Management Club (NUPMC),Head of Operations,Head of Operations,Apr 2025,Sep 2025,0.0,,McKinsey & Company,Forward Learner,Forward Learner,Apr 2025,Jun 2025,1.0,McKinsey,Schneider Electric,Schneider Electric,Senior Business Analyst; Business Analyst; Intern,Feb 2021,Jul 2024,0.0,,Toastmasters International,Toastmasters International,President; Vice President Education,May 2022,Jun 2023,0.0,,Wipro Infrastructure Engineering,Summer Intern,Summer Intern,Jun 2019,Jul 2019,0.0,,RUGVED Systems,Mechanical Subsystem Member,Mechanical Subsystem Member,Mar 2018,Jan 2019,0.0,,,,,,,,,,,,,,,,,,,,,,,,,,,,,,,,,,,,,,,,,,,,,,,,,,,,,,,,,,,,,,,,,,,,,,,,,,,,,,,,,,,,,,,,,,,,,,,,,,,,,,,,,,,,,,,,,,,,,,,,,,,,,,,,,,,,,,,,,,,,,,,,,,,,,,,,,,,,,,,,,,,,,,,,,
person-0459,Albany,Deputy Director at GlobalFoundries,GlobalFoundries,,,,,,,Princeton University,,,,,,University of Michigan College of Engineering,,,1,Bain,Bain & Company,Bain,Bain & Company,2021,2024,GlobalFoundries,Deputy Director,GlobalFoundries,Deputy Director,Deputy Director,2024,Present,0,,Bain & Company,Bain & Company,Manager; Consultant,2021,2024,1.0,Bain,Princeton University,University Administrative Fellow,University Administrative Fellow,2019,2020,0.0,,Owens Corning,Research and development,Research and development,2016,2016,0.0,,,,,,,,,,,,,,,,,,,,,,,,,,,,,,,,,,,,,,,,,,,,,,,,,,,,,,,,,,,,,,,,,,,,,,,,,,,,,,,,,,,,,,,,,,,,,,,,,,,,,,,,,,,,,,,,,,,,,,,,,,,,,,,,,,,,,,,,,,,,,,,,,,,,,,,,,,,,,,,,,,,,,,,,,,,,,,,,,,,,,,,,,,,,,,,,,,,,,
person-0460,Dallas,Vice President of Client Development at Vestcom,Vestcom,Northwestern University - Kellogg School of Management,2017.0,2015.0,,,,,,,,,,,2011.0,2007.0,1,Bain,Bain & Company,Bain,Bain & Company,Aug 2017,Dec 2020,Vestcom,"Sr Director, Client Development and New Business",Vestcom,Vestcom,"Vice President of Client Development; Sr Director, Client Development and New Business",Dec 2020,Present,0,,Bain & Company,Bain & Company,Manager; Case Team Leader; Consultant,Aug 2017,Dec 2020,1.0,Bain,Kellogg School of Management,MBA Candidate,MBA Candidate,Aug 2015,Jun 2017,0.0,,Bain & Company,Summer Associate,Summer Associate,Jun 2016,Aug 2016,1.0,Bain,American Airlines,American Airlines,Senior Strategy Analyst; Strategy Analyst- London Pricing Hub; Strategy Analyst- International Revenue Management; Market Analyst,Jun 2011,Aug 2015,0.0,,Duke University Health System,Lab Assistant: Sherwood Lab,Lab Assistant: Sherwood Lab,Aug 2008,Jul 2011,0.0,,Nordstrom,Sales Intern,Sales Intern,May 2010,Aug 2010,0.0,,,,,,,,,,,,,,,,,,,,,,,,,,,,,,,,,,,,,,,,,,,,,,,,,,,,,,,,,,,,,,,,,,,,,,,,,,,,,,,,,,,,,,,,,,,,,,,,,,,,,,,,,,,,,,,,,,,,,,,,,,,,,,,,,,,,,,,,,,,,,,,,,,,,,,,,,,,,,,,,,,,,,,,,,,,,,,,,
person-0461,,Business Economics & Machine Learning @ UC San Diego | Prev @ J.P. Morgan,Phi Beta Lambda at UC San Diego,,,,,,,,,,,,,UC San Diego,2026.0,2022.0,1,BCG,Boston Consulting Group (BCG),BCG,BCG Launch,Jun 2023,Jul 2023,Goldman Sachs,Virtual Insight Series,Phi Beta Lambda at UC San Diego,Phi Beta Lambda at UC San Diego,"Executive Vice President; Professional Development Mentor; Vice President of Finance; Finance, Marketing, External Committee Member; Class Brotherhood Chair",Jan 2023,Present,0,,Business Council of UC San Diego,Business Council of UC San Diego,President; Vice President of Professional Development,May 2024,Present,0.0,,J.P. Morgan,Commercial & Investment Banking Summer Analyst,Commercial & Investment Banking Summer Analyst,Jun 2025,Aug 2025,0.0,,Sustainable Investment Group at UC San Diego,Sustainable Investment Group at UC San Diego,Equity Research Analyst; Vice President of Finance,Jun 2024,Jun 2025,0.0,,UC San Diego,UC San Diego,Research Assistant; Research Assistant; Research Assistant,Sep 2024,Mar 2025,0.0,,"University of California, San Diego - Rady School of Management",Research Assistant,Research Assistant,Oct 2024,Jan 2025,0.0,,PwC,Financial Consulting Intern,Financial Consulting Intern,Jun 2024,Aug 2024,0.0,,Goldman Sachs,Virtual Insight Series,Virtual Insight Series,May 2024,Jul 2024,0.0,,Lincoln Financial Group,Wealth Management & Financial Planning Intern,Wealth Management & Financial Planning Intern,Oct 2023,Mar 2024,0.0,,Boston Consulting Group (BCG),BCG Launch,BCG Launch,Jun 2023,Jul 2023,1.0,BCG,Junior Achievement of Northern California,Marketing Intern,Marketing Intern,Jun 2020,Jul 2020,0.0,,,,,,,,,,,,,,,,,,,,,,,,,,,,,,,,,,,,,,,,,,,,,,,,,,,,,,,,,,,,,,,,,,,,,,,,,,,,,,,,,,,,,,,,,,,,,,,,,,,,,,,,,,,,,,,,,,,,,,,,,,,,,,,,,,,,,,,,,,,,,,,,,,,,
person-0462,New York,Business Analyst & Entrepreneurs Relation at Angels Partners | I connect startups with investors,Angels Partners,NYU Stern School of Business,2013.0,2011.0,,,,,,,,,,,2010.0,2006.0,1,McKinsey,McKinsey & Company,McKinsey,McKinsey & Company,Nov 2013,May 2018,Ideal Ventures Studio,Accelerator Consultant / Advisor in Residence,Angels Partners,Partner | Head of Startups,Partner | Head of Startups,Apr 2019,Present,0,,Keiretsu Forum,Talent Scout,Talent Scout,Jul 2018,Present,0.0,,Entrepreneurs Roundtable Accelerator,Entrepreneurs Roundtable Accelerator,Operations Manager; Program Manager,May 2018,Dec 2019,0.0,,Ideal Ventures Studio,Accelerator Consultant / Advisor in Residence,Accelerator Consultant / Advisor in Residence,Aug 2016,Aug 2019,0.0,,McKinsey & Company,McKinsey & Company,Operations Manager; Senior Business Analyst; Business Analyst,Nov 2013,May 2018,1.0,McKinsey,,,,,,,,,,,,,,,,,,,,,,,,,,,,,,,,,,,,,,,,,,,,,,,,,,,,,,,,,,,,,,,,,,,,,,,,,,,,,,,,,,,,,,,,,,,,,,,,,,,,,,,,,,,,,,,,,,,,,,,,,,,,,,,,,,,,,,,,,,,,,,,,,,,,,,,,,,,,,,,,,,,,,,,,,,,,,,,,,,,,,,,,,,,,,
person-0463,New York,Vice President at HQ Capital,HQ Capital Private Equity,,,,,,,,,,,,,Boston University,,,1,McKinsey,McKinsey & Company,McKinsey,Junior Analyst,Nov 2005,Mar 2009,HQ Capital Private Equity,Analyst,HQ Capital Private Equity,HQ Capital Private Equity,Vice President; Associate; Analyst,Apr 2009,Present,0,,McKinsey & Company,Junior Analyst,Junior Analyst,Nov 2005,Mar 2009,1.0,McKinsey,,,,,,,,,,,,,,,,,,,,,,,,,,,,,,,,,,,,,,,,,,,,,,,,,,,,,,,,,,,,,,,,,,,,,,,,,,,,,,,,,,,,,,,,,,,,,,,,,,,,,,,,,,,,,,,,,,,,,,,,,,,,,,,,,,,,,,,,,,,,,,,,,,,,,,,,,,,,,,,,,,,,,,,,,,,,,,,,,,,,,,,,,,,,,,,,,,,,,,,,,,,,,,,,,,
person-0464,New York,"Senior Director, Organizational Health & HR Transformation",Covista,Columbia Business School,,,,,,,,,,,,The University of British Columbia,,,1,McKinsey,McKinsey & Company,McKinsey,Engagement Manager,Sep 2019,Jul 2024,Precision Pill,Founder,Adtalem Global Education,"Senior Director, Organizational Health & HR Transformation","Senior Director, Organizational Health & HR Transformation",Apr 2025,Present,0,,Precision Pill,Founder,Founder,Jul 2024,May 2025,0.0,,McKinsey & Company,Engagement Manager,Engagement Manager,Sep 2019,Jul 2024,1.0,McKinsey,Columbia Business School,MBA Candidate,MBA Candidate,Aug 2017,May 2019,0.0,,PGIM Real Estate,Summer Associate,Summer Associate,Jun 2018,Aug 2018,0.0,,Bentall Kennedy,Bentall Kennedy,"Manager, Corporate Initiatives; Portfolio Analyst",May 2011,May 2017,0.0,,Sauder School of Business at UBC,Finance Tutor,Finance Tutor,May 2009,May 2011,0.0,,Bentall LP,"Analyst, Investment Management","Analyst, Investment Management",May 2010,Aug 2010,0.0,,Musart Cultural Society,Event Coordinator,Event Coordinator,May 2007,Sep 2007,0.0,,,,,,,,,,,,,,,,,,,,,,,,,,,,,,,,,,,,,,,,,,,,,,,,,,,,,,,,,,,,,,,,,,,,,,,,,,,,,,,,,,,,,,,,,,,,,,,,,,,,,,,,,,,,,,,,,,,,,,,,,,,,,,,,,,,,,,,,,,,,,,,,,,,,,,,,,,,,,,,,,,
person-0465,Jupiter,We Build the Tools + Teams That Make Transformation Stick | Managing Partner @ Arcos | Ex-McKinsey RTS,Arcos Group,Northwestern University - Kellogg School of Management,2014.0,2012.0,,,,,,,,,,,2008.0,2004.0,1,McKinsey,McKinsey & Company,McKinsey,McKinsey & Company,2014,2018,Arcos Group,Managing Partner,Arcos Group,Managing Partner,Managing Partner,Mar 2018,Present,0,,McKinsey & Company,McKinsey & Company,Engagement Manager; Associate,2014,2018,1.0,McKinsey,Navistar Inc,Senior Product Development Engineer,Senior Product Development Engineer,Nov 2010,Jul 2013,0.0,,Roush,Development Engineer,Development Engineer,Jun 2008,Nov 2010,0.0,,Ford Motor Company,Chassis Development Intern,Chassis Development Intern,Jun 2007,Sep 2007,0.0,,Ford Motor Company,Manufacturing Operations Intern,Manufacturing Operations Intern,Jun 2006,Sep 2006,0.0,,Turner Construction,Construction Management Intern,Construction Management Intern,Jun 2005,Sep 2005,0.0,,,,,,,,,,,,,,,,,,,,,,,,,,,,,,,,,,,,,,,,,,,,,,,,,,,,,,,,,,,,,,,,,,,,,,,,,,,,,,,,,,,,,,,,,,,,,,,,,,,,,,,,,,,,,,,,,,,,,,,,,,,,,,,,,,,,,,,,,,,,,,,,,,,,,,,,,,,,,,,,,,,,,,,,,,,,,,,,
person-0466,,"Assistant Director, Instructional Design at Harvard Medical School",Harvard Medical School,,,,,,,,,,,,,University of Massachusetts Boston,2024.0,2018.0,1,Bain,Bain & Company,Bain,Bain & Company,Jul 2008,Aug 2013,Cengage,Associate Content Developer,Harvard Medical School,Harvard Medical School,"Assistant Director, Instructional Design; Instructional Designer",Jul 2021,Present,0,,Cengage,Cengage,Learning Designer; Senior Content Developer; Content Developer; Associate Content Developer,Sep 2013,Jul 2021,0.0,,Bain & Company,Bain & Company,Online Content Specialist; Editorial Assistant,Jul 2008,Aug 2013,1.0,Bain,Bedford/St. Martin's,Bedford/St. Martin's,Editorial Freelancer; Administrative and Marketing Assistant,Feb 2004,Sep 2010,0.0,,Syracuse University,Graduate Teaching Associate,Graduate Teaching Associate,Aug 2006,May 2008,0.0,,"Museum of Fine Arts, Boston",Art of Europe Department Intern,Art of Europe Department Intern,Feb 2005,Sep 2005,0.0,,,,,,,,,,,,,,,,,,,,,,,,,,,,,,,,,,,,,,,,,,,,,,,,,,,,,,,,,,,,,,,,,,,,,,,,,,,,,,,,,,,,,,,,,,,,,,,,,,,,,,,,,,,,,,,,,,,,,,,,,,,,,,,,,,,,,,,,,,,,,,,,,,,,,,,,,,,,,,,,,,,,,,,,,,,,,,,,,,,,,,,
person-0467,,Honors Finance Student at the University of Alabama,University of Alabama Black Business Student Association,,,,,,,,,,,,,The University of Alabama,2026.0,2022.0,1,McKinsey,McKinsey & Company,McKinsey,Up Next First Year Leadership Summit,May 2023,May 2023,Lehigh Valley Community Foundation,Grantmaker,University of Alabama Black Business Student Association,University of Alabama Black Business Student Association,President; Corporate Relations Chair,May 2023,Present,0,,Culverhouse Business Honors Program,Culverhouse Business Honors Program,Consultant; Member,Apr 2023,Present,0.0,,Culverhouse College of Business,Office of Culture and Success Fellow,Office of Culture and Success Fellow,Aug 2023,Present,0.0,,Halogen Ventures,Venture Capital Fellow,Venture Capital Fellow,Jul 2025,Jul 2025,0.0,,PwC,Advance Management Consulting Summer Analyst,Advance Management Consulting Summer Analyst,Jun 2025,Jul 2025,0.0,,PwC,Start Management Consulting Summer Analyst,Start Management Consulting Summer Analyst,Jun 2024,Jul 2024,0.0,,Accenture,Early Insight Intern,Early Insight Intern,Jul 2023,Aug 2023,0.0,,Lehigh Valley Community Foundation,Grantmaker,Grantmaker,Nov 2021,Jun 2023,0.0,,McKinsey & Company,Up Next First Year Leadership Summit,Up Next First Year Leadership Summit,May 2023,May 2023,1.0,McKinsey,Goldman Sachs,Possibilities Summit Program,Possibilities Summit Program,Jan 2023,Mar 2023,0.0,,,,,,,,,,,,,,,,,,,,,,,,,,,,,,,,,,,,,,,,,,,,,,,,,,,,,,,,,,,,,,,,,,,,,,,,,,,,,,,,,,,,,,,,,,,,,,,,,,,,,,,,,,,,,,,,,,,,,,,,,,,,,,,,,,,,,,,,,,,,,,,,,,,,,,,,,,,
person-0468,Washington,Research Fellow,International Food Policy Research Institute (IFPRI),,,,,,,Columbia University in the City of New York,,,,,,Duke University,,,1,BCG,Boston Consulting Group (BCG),BCG,Associate,2007,2008,The National Team for the Acceleration of Poverty Reduction (TNP2K),Visiting Researcher,International Food Policy Research Institute (IFPRI),Research Fellow,Research Fellow,Sep 2022,Present,0,,Office of Management and Budget,"Policy Analyst, Office of Information and Regulatory Affairs","Policy Analyst, Office of Information and Regulatory Affairs",Jul 2020,Sep 2022,0.0,,Tony Blair Institute for Global Change,Senior Fellow and Chief of Data & Analytics,Senior Fellow and Chief of Data & Analytics,Oct 2017,May 2020,0.0,,International Food Policy Research Institute (IFPRI),International Food Policy Research Institute (IFPRI),Non-Resident Research Fellow; Associate Research Fellow,Nov 2015,Aug 2019,0.0,,Columbia University in the City of New York,Graduate & Teaching Fellow,Graduate & Teaching Fellow,Sep 2008,Oct 2015,0.0,,The National Team for the Acceleration of Poverty Reduction (TNP2K),Visiting Researcher,Visiting Researcher,Jan 2012,Jul 2012,0.0,,Innovations for Poverty Action,Graduate Student Intern,Graduate Student Intern,May 2009,Aug 2009,0.0,,Boston Consulting Group (BCG),Associate,Associate,2007,2008,1.0,BCG,,,,,,,,,,,,,,,,,,,,,,,,,,,,,,,,,,,,,,,,,,,,,,,,,,,,,,,,,,,,,,,,,,,,,,,,,,,,,,,,,,,,,,,,,,,,,,,,,,,,,,,,,,,,,,,,,,,,,,,,,,,,,,,,,,,,,,,,,,,,,,,,,,,,,,,,,,,,,,,,,,,,,,,,
person-0469,Denver,Private Infrastructure at Partners Group,Partners Group,The University of Chicago Booth School of Business,2024.0,2022.0,,,,,,,,,,,2015.0,2010.0,1,McKinsey,McKinsey & Company,McKinsey,McKinsey & Company,Sep 2015,Jul 2018,Alta Growth Capital,Private Equity Analyst,Partners Group,Private Infrastructure Associate,Private Infrastructure Associate,Aug 2024,Present,0,,The University of Chicago Booth School of Business,MBA Candidate,MBA Candidate,Sep 2022,Sep 2024,0.0,,Endeavor,Mentor,Mentor,Jan 2021,Sep 2024,0.0,,Jump Capital,Venture Capital Intern,Venture Capital Intern,Jan 2023,Apr 2023,0.0,,Actis,Private Equity Associate,Private Equity Associate,May 2020,May 2022,0.0,,Atlas Renewable Energy,Board Observer,Board Observer,May 2020,May 2022,0.0,,Lottus Education,Board Observer,Board Observer,Jan 2019,May 2020,0.0,,Artes Graficas Hispano,Member Board of Directors,Member Board of Directors,Aug 2018,May 2020,0.0,,Alta Growth Capital,Private Equity Analyst,Private Equity Analyst,Jul 2018,May 2020,0.0,,McKinsey & Company,McKinsey & Company,Private Equity & Principals Investors - Sr. Business Analyst; Business Analyst,Sep 2015,Jul 2018,1.0,McKinsey,,,,,,,,,,,,,,,,,,,,,,,,,,,,,,,,,,,,,,,,,,,,,,,,,,,,,,,,,,,,,,,,,,,,,,,,,,,,,,,,,,,,,,,,,,,,,,,,,,,,,,,,,,,,,,,,,,,,,,,,,,,,,,,,,,,,,,,,,,,,,,,,,,,,,,,,,,
person-0470,Boston,Associate at Bain Capital,East Wave Partners,Indiana University - Kelley School of Business,,,,,,,,,,,,,,,1,Bain,Bain & Company,Bain,Bain & Company,2020,2023,Uniswap Labs,Growth Extern,Bain Capital,Investor,Investor,2023,Present,1,Bain,Uniswap Labs,Growth Extern,Growth Extern,Jan 2023,Apr 2023,0.0,,Bain & Company,Bain & Company,Senior Associate Consultant; Associate Consultant,2020,2023,1.0,Bain,Archdiocese of Chicago,Strategy Intern,Strategy Intern,Jul 2020,Oct 2020,0.0,,Indiana University Student Foundation,Riders Council Memeber,Riders Council Memeber,May 2018,May 2020,0.0,,Bain & Company,Associate Consultant Intern,Associate Consultant Intern,Jun 2019,Aug 2019,1.0,Bain,180 Degrees Consulting,Consultant,Consultant,Jan 2017,Dec 2018,0.0,,Merrill Lynch,Global Wealth and Asset Management Intern,Global Wealth and Asset Management Intern,May 2018,Aug 2018,0.0,,MB Financial Bank,Financial Crimes Risk Management Intern,Financial Crimes Risk Management Intern,May 2017,Aug 2017,0.0,,,,,,,,,,,,,,,,,,,,,,,,,,,,,,,,,,,,,,,,,,,,,,,,,,,,,,,,,,,,,,,,,,,,,,,,,,,,,,,,,,,,,,,,,,,,,,,,,,,,,,,,,,,,,,,,,,,,,,,,,,,,,,,,,,,,,,,,,,,,,,,,,,,,,,,,,,,,,,,,,,
person-0471,Washington,Freelance Graphic Designer and Publications Manager,Freelance,,,,,,,,,,,,,,,,1,McKinsey,McKinsey & Company,McKinsey,Visual Aids Assistant,May 1997,Jul 2002,Shakespeare Theatre Company,Publications Manager,Freelance,Graphic Designer/Publications Manager,Graphic Designer/Publications Manager,Feb 2015,Present,0,,Arena Stage at the Mead Center for American Theater,Arena Stage at the Mead Center for American Theater,Graphic Design Consultant; Senior Graphic Designer,Sep 2017,Jan 2025,0.0,,Perelman Performing Arts Center (PAC NYC),Graphic Designer,Graphic Designer,Feb 2023,Jun 2024,0.0,,Second Stage Theater,Graphic Designer,Graphic Designer,Apr 2022,Jan 2023,0.0,,Studio Theatre,Graphic Designer,Graphic Designer,Feb 2015,Nov 2017,0.0,,Arena Stage at the Mead Center for American Theater,Associate Director of Publications/Publications Manager,Associate Director of Publications/Publications Manager,May 2012,Feb 2015,0.0,,Studio B,Production Manager,Production Manager,Mar 2010,May 2012,0.0,,Shakespeare Theatre Company,Publications Manager,Publications Manager,Jul 2002,Feb 2010,0.0,,McKinsey & Company,Visual Aids Assistant,Visual Aids Assistant,May 1997,Jul 2002,1.0,McKinsey,HJ Ford Associates,Visual Information Specialist,Visual Information Specialist,Mar 1991,May 1997,0.0,,Bartley Collection,Draftsman,Draftsman,Oct 1988,Mar 1991,0.0,,KPMG,Graphics Assistant,Graphics Assistant,Nov 1985,Oct 1988,0.0,,,,,,,,,,,,,,,,,,,,,,,,,,,,,,,,,,,,,,,,,,,,,,,,,,,,,,,,,,,,,,,,,,,,,,,,,,,,,,,,,,,,,,,,,,,,,,,,,,,,,,,,,,,,,,,,,,,,,,,,,,,,,,,,,,,,,,,,,,,,,
person-0472,Tampa,Senior Business Analyst at Accenture Federal Services,Accenture Federal Services,,,,,,,,,,,,,University of Central Florida,2022.0,2020.0,1,McKinsey,McKinsey & Company,McKinsey,McKinsey & Company,Jun 2022,Apr 2024,Accenture Federal Services,Senior Business Analyst,Accenture Federal Services,Senior Business Analyst,Senior Business Analyst,Jul 2024,Present,0,,McKinsey & Company,McKinsey & Company,Digital Delivery Analyst; Junior Digital Delivery Analyst,Jun 2022,Apr 2024,1.0,McKinsey,PlanSource,PlanSource,Early Talent Program Coordinator Intern; Talent Acquisition Intern,Mar 2021,Jun 2022,0.0,,University of Central Florida,Career Services Graduate Assistant,Career Services Graduate Assistant,Jan 2021,Jun 2022,0.0,,,,,,,,,,,,,,,,,,,,,,,,,,,,,,,,,,,,,,,,,,,,,,,,,,,,,,,,,,,,,,,,,,,,,,,,,,,,,,,,,,,,,,,,,,,,,,,,,,,,,,,,,,,,,,,,,,,,,,,,,,,,,,,,,,,,,,,,,,,,,,,,,,,,,,,,,,,,,,,,,,,,,,,,,,,,,,,,,,,,,,,,,,,,,,,,,,,,,
person-0473,Corvallis,Sara Hart Kimball Dean | Oregon State University ⠀⠀⠀⠀⠀⠀⠀ ⠀⠀⠀⠀ College of Business,Oregon State University College of Business,Duke University - The Fuqua School of Business,2002.0,2002.0,,,,,,,,,,,1991.0,1991.0,1,McKinsey,McKinsey & Company,McKinsey,Consultant,1999,2000,Georgia Tech,Assistant Professor,Oregon State University College of Business,Sara Hart Kimball Dean,Sara Hart Kimball Dean,Jul 2021,Present,0,,American Leadership Forum,Senior Fellow,Senior Fellow,May 2019,Present,0.0,,University of the Pacific - Eberhardt School of Business,Dean,Dean,Mar 2018,Jul 2021,0.0,,CATHOLIC DIOCESE OF CHARLESTON,Diocesan Finance Council,Diocesan Finance Council,Jul 2017,Dec 2019,0.0,,Code Zero,Strategy | Advisory Board,Strategy | Advisory Board,Jul 2016,Apr 2019,0.0,,"Darla Moore School of Business, University of South Carolina","Darla Moore School of Business, University of South Carolina","Associate Dean, Executive Education; President, Corporate Solutions LLC; Director, PMBA Program; Asst Professor of Management",2006,2018,0.0,,Georgia Tech,Assistant Professor,Assistant Professor,2002,2006,0.0,,McKinsey & Company,Consultant,Consultant,1999,2000,1.0,McKinsey,,,,,,,,,,,,,,,,,,,,,,,,,,,,,,,,,,,,,,,,,,,,,,,,,,,,,,,,,,,,,,,,,,,,,,,,,,,,,,,,,,,,,,,,,,,,,,,,,,,,,,,,,,,,,,,,,,,,,,,,,,,,,,,,,,,,,,,,,,,,,,,,,,,,,,,,,,,,,,,,,,,,,,,,
person-0474,,"Vice President, Automotive and Mobility, at Escalent",Escalent,University of Michigan - Stephen M. Ross School of Business,,,,,,,,,,,,"University of California, Berkeley",,,1,McKinsey,McKinsey & Company,McKinsey,Associate,Aug 2010,Jul 2011,Toyota USA,Senior Strategic Research Consultant - Enterprise Intelligence Team,Escalent,"Vice President, Automotive & Mobility","Vice President, Automotive & Mobility",Sep 2016,Jun 2024,0,,Toyota USA,Toyota USA,Consumer Insights Manager - Corporate Strategy and Planning Dept.; Senior Strategic Research Consultant - Enterprise Intelligence Team,Oct 2011,Aug 2016,0.0,,McKinsey & Company,Associate,Associate,Aug 2010,Jul 2011,1.0,McKinsey,GE Transportation,Experienced Commercial Leadership Program Intern,Experienced Commercial Leadership Program Intern,Jun 2009,Aug 2009,0.0,,AVL North America,IMAP Consultant,IMAP Consultant,Jan 2009,May 2009,0.0,,JD Power and Associates,Research Specialist,Research Specialist,2006,2008,0.0,,UCLA,Staff Research Associate,Staff Research Associate,2003,2005,0.0,,,,,,,,,,,,,,,,,,,,,,,,,,,,,,,,,,,,,,,,,,,,,,,,,,,,,,,,,,,,,,,,,,,,,,,,,,,,,,,,,,,,,,,,,,,,,,,,,,,,,,,,,,,,,,,,,,,,,,,,,,,,,,,,,,,,,,,,,,,,,,,,,,,,,,,,,,,,,,,,,,,,,,,,,,,,,,,,
person-0475,Olympia,System Analyst Specialist Lead at Acentra Health,Acentra Health,,,,,,,,,,,,,Annamalai University,2010.0,2008.0,1,McKinsey,McKinsey & Company,McKinsey,Visual Graphics Specialist,Feb 2006,Jun 2006,Fidelity Investments,Database Engineer,Acentra Health,System Analyst Specialist Lead,System Analyst Specialist Lead,Jun 2014,Present,0,,CNSI,CNSI,Application Operations Lead; Senior Software Engineer,Jun 2014,Present,0.0,,Apple,Apple,Technology Lead; Senior Database Developer,Oct 2010,Jun 2014,0.0,,Infosys,Infosys,Technology Analyst; Graduate Engineering Trainee,Jun 2006,Jun 2014,0.0,,Fidelity Investments,Database Engineer,Database Engineer,Aug 2006,Oct 2010,0.0,,McKinsey & Company,Visual Graphics Specialist,Visual Graphics Specialist,Feb 2006,Jun 2006,1.0,McKinsey,,,,,,,,,,,,,,,,,,,,,,,,,,,,,,,,,,,,,,,,,,,,,,,,,,,,,,,,,,,,,,,,,,,,,,,,,,,,,,,,,,,,,,,,,,,,,,,,,,,,,,,,,,,,,,,,,,,,,,,,,,,,,,,,,,,,,,,,,,,,,,,,,,,,,,,,,,,,,,,,,,,,,,,,,,,,,,,,,,,,,,
person-0476,Gibsonton,Customer Relationship Management Services,Progressive Insurance,,,,,,,,,,,,,Full Sail University,2020.0,2018.0,1,McKinsey,McKinsey & Company,McKinsey,Recruiting Administrator,Jun 2022,Mar 2023,Progressive Insurance,Service Consultant,Progressive Insurance,Progressive Insurance,Research & Testing Specialist; Service Consultant,Feb 2024,Present,0,,McKinsey & Company,Recruiting Administrator,Recruiting Administrator,Jun 2022,Mar 2023,1.0,McKinsey,Target,Target,Inbound Team Lead; Sales Floor Team Member; Sales Floor Team Member,Jul 2019,Jun 2022,0.0,,Starbucks,Starbucks,Barista Trainer; Barista,Nov 2018,Mar 2020,0.0,,Efficient Home Services of Florida,Customer Service Representative,Customer Service Representative,Jun 2018,Jul 2018,0.0,,,,,,,,,,,,,,,,,,,,,,,,,,,,,,,,,,,,,,,,,,,,,,,,,,,,,,,,,,,,,,,,,,,,,,,,,,,,,,,,,,,,,,,,,,,,,,,,,,,,,,,,,,,,,,,,,,,,,,,,,,,,,,,,,,,,,,,,,,,,,,,,,,,,,,,,,,,,,,,,,,,,,,,,,,,,,,,,,,,,,,,,,,,,,,
person-0477,,Investment Analyst,Pzena Investment Management,The Wharton School,2019.0,2017.0,,,,,,,,,,,2013.0,2009.0,1,McKinsey,McKinsey & Company,McKinsey,Business Analyst,Aug 2013,Dec 2014,Blackstone,Private Equity Analyst,Pzena Investment Management,Pzena Investment Management,Senior Research Analyst; Research Analyst,Jul 2019,Present,0,,BlackRock,Investment Analyst,Investment Analyst,Jun 2018,Aug 2018,0.0,,Blackstone,Private Equity Analyst,Private Equity Analyst,Jan 2015,Jun 2017,0.0,,McKinsey & Company,Business Analyst,Business Analyst,Aug 2013,Dec 2014,1.0,McKinsey,,,,,,,,,,,,,,,,,,,,,,,,,,,,,,,,,,,,,,,,,,,,,,,,,,,,,,,,,,,,,,,,,,,,,,,,,,,,,,,,,,,,,,,,,,,,,,,,,,,,,,,,,,,,,,,,,,,,,,,,,,,,,,,,,,,,,,,,,,,,,,,,,,,,,,,,,,,,,,,,,,,,,,,,,,,,,,,,,,,,,,,,,,,,,,,,,,,,
person-0478,,Investment Management,Granite Partners,Georgetown University McDonough School of Business,,,,,,,,,,,,Georgetown University McDonough School of Business,,,1,McKinsey,McKinsey & Company,McKinsey,Associate,2011,2012,Granite Partners,Consultant,Granite Partners,Granite Partners,Senior Advisor; Investment Strategist; Director of Investments; Investment Manager; Consultant,2013,2022,0,,McKinsey & Company,Associate,Associate,2011,2012,1.0,McKinsey,,,,,,,,,,,,,,,,,,,,,,,,,,,,,,,,,,,,,,,,,,,,,,,,,,,,,,,,,,,,,,,,,,,,,,,,,,,,,,,,,,,,,,,,,,,,,,,,,,,,,,,,,,,,,,,,,,,,,,,,,,,,,,,,,,,,,,,,,,,,,,,,,,,,,,,,,,,,,,,,,,,,,,,,,,,,,,,,,,,,,,,,,,,,,,,,,,,,,,,,,,,,,,,,,,
person-0479,New York,"Senior Analyst, Greystone Capital Advisors",Greystone,,,,,,,,,,,,,Northwestern University,,,1,BCG,Boston Consulting Group (BCG),BCG,Business Consultant,May 2018,Jun 2018,Greystone,Analyst,Greystone,Greystone,Senior Analyst; Analyst,Dec 2022,Present,0,,Plante Moran,Real Estate Transactions and Asset Management Summer Analyst,Real Estate Transactions and Asset Management Summer Analyst,May 2021,Aug 2021,0.0,,Tricap Residential Group,Real Estate Investment Summer Analyst,Real Estate Investment Summer Analyst,May 2020,Aug 2020,0.0,,Lakeshore Management,Real Estate Acquisitions Summer Analyst,Real Estate Acquisitions Summer Analyst,Jun 2019,Aug 2019,0.0,,Boston Consulting Group (BCG),Business Consultant,Business Consultant,May 2018,Jun 2018,1.0,BCG,City of Evanston,Lifeguard Evanston Lake Front,Lifeguard Evanston Lake Front,May 2016,Sep 2017,0.0,,,,,,,,,,,,,,,,,,,,,,,,,,,,,,,,,,,,,,,,,,,,,,,,,,,,,,,,,,,,,,,,,,,,,,,,,,,,,,,,,,,,,,,,,,,,,,,,,,,,,,,,,,,,,,,,,,,,,,,,,,,,,,,,,,,,,,,,,,,,,,,,,,,,,,,,,,,,,,,,,,,,,,,,,,,,,,,,,,,,,,,
person-0480,,Incoming Strategy Analyst @ Accenture | Senior @ UNC Chapel Hill,Accenture,UNC Kenan-Flagler Business School,2026.0,2024.0,,,,,,,,,,University of North Carolina at Chapel Hill,2026.0,2022.0,1,BCG,Boston Consulting Group (BCG),BCG,BCG Launch,Dec 2023,Mar 2024,Boston Consulting Group (BCG),Bridge to Consulting,Accenture,Accenture,Incoming Strategy Analyst; Strategy Summer Analyst,Jun 2025,Present,0,,Education Symmetry Project,Research Division Team Lead,Research Division Team Lead,Aug 2025,Present,0.0,,UNC Student Government Executive Branch,UNC Student Government Executive Branch,Graduate Academic Affairs and Professional Development; Academic Affairs and Professional Development,Aug 2023,Aug 2025,0.0,,Deloitte,Deloitte,"Deloitte's Leadership, Allyship, and Mentorship Program (DLAMP); Deloitte Consulting: D-STEM Program",Jan 2024,Sep 2024,0.0,,Boston Consulting Group (BCG),Bridge to Consulting,Bridge to Consulting,May 2024,May 2024,1.0,BCG,Acadia Healthcare,Student Intern,Student Intern,Jan 2024,Mar 2024,0.0,,Boston Consulting Group (BCG),BCG Launch,BCG Launch,Dec 2023,Mar 2024,1.0,BCG,Kintegra Health,Student Intern,Student Intern,Feb 2022,Aug 2023,0.0,,The Global Tech Experience,Student Intern,Student Intern,May 2023,Jul 2023,0.0,,,,,,,,,,,,,,,,,,,,,,,,,,,,,,,,,,,,,,,,,,,,,,,,,,,,,,,,,,,,,,,,,,,,,,,,,,,,,,,,,,,,,,,,,,,,,,,,,,,,,,,,,,,,,,,,,,,,,,,,,,,,,,,,,,,,,,,,,,,,,,,,,,,,,,,,,,,,,,,,,,
person-0481,Stanford,Consultant at BCG | Stanford MBA candidate,Atelier Oblique,Stanford University Graduate School of Business,2027.0,2027.0,,,,,,,,,,,2020.0,2017.0,1,BCG,Boston Consulting Group (BCG),BCG,Boston Consulting Group (BCG),Jan 2022,Jul 2025,Atelier Oblique,Chief Commercial Officer (CCO),Atelier Oblique,Chief Commercial Officer (CCO),Chief Commercial Officer (CCO),Nov 2023,Present,0,,Boston Consulting Group (BCG),Boston Consulting Group (BCG),Consultant; Senior Associate; Associate,Jan 2022,Jul 2025,1.0,BCG,JustShip,Business Development Manager,Business Development Manager,Jan 2021,Sep 2021,0.0,,Monitor Deloitte,Strategy Consulting Summer Analyst,Strategy Consulting Summer Analyst,Jul 2019,Aug 2019,0.0,,L Catterton,Consumer Private Equity Summer Analyst,Consumer Private Equity Summer Analyst,Jul 2018,Sep 2018,0.0,,Future Bridges (ED.),Co-Founder,Co-Founder,Apr 2016,Oct 2017,0.0,,,,,,,,,,,,,,,,,,,,,,,,,,,,,,,,,,,,,,,,,,,,,,,,,,,,,,,,,,,,,,,,,,,,,,,,,,,,,,,,,,,,,,,,,,,,,,,,,,,,,,,,,,,,,,,,,,,,,,,,,,,,,,,,,,,,,,,,,,,,,,,,,,,,,,,,,,,,,,,,,,,,,,,,,,,,,,,,,,,,,,,
person-0482,,Oracle | BCG | SaaS,Oracle,,,,The Ohio State University,,,,,,,,,"Birla Institute of Technology and Science, Pilani",,,1,BCG,Boston Consulting Group (BCG),BCG,Boston Consulting Group (BCG),May 2022,Jul 2024,Oracle,Product Manager,Oracle,Product Manager,Product Manager,Jul 2024,Present,0,,Boston Consulting Group (BCG),Boston Consulting Group (BCG),Consultant; Senior Associate,May 2022,Jul 2024,1.0,BCG,Strategy&,Experienced Associate,Experienced Associate,Oct 2021,Apr 2022,0.0,,HighRadius,Digital Transformation and Product,Digital Transformation and Product,Mar 2019,Sep 2021,0.0,,The Ohio State University,Graduate Research Assistant,Graduate Research Assistant,2017,Jan 2019,0.0,,EY,Associate Consultant,Associate Consultant,Jul 2016,Jun 2017,0.0,,,,,,,,,,,,,,,,,,,,,,,,,,,,,,,,,,,,,,,,,,,,,,,,,,,,,,,,,,,,,,,,,,,,,,,,,,,,,,,,,,,,,,,,,,,,,,,,,,,,,,,,,,,,,,,,,,,,,,,,,,,,,,,,,,,,,,,,,,,,,,,,,,,,,,,,,,,,,,,,,,,,,,,,,,,,,,,,,,,,,,,
person-0483,Seattle,GTM Strategy @ Salesforce | ex-Bain,Salesforce,"University of California, Berkeley, Haas School of Business",,,,,,,,,,,,"University of California, Berkeley",,,1,Bain,Bain & Company,Bain,Bain & Company,2023,Oct 2025,Salesforce,"Senior Analyst, Global GTM Strategy & Analytics",Salesforce,"Senior Analyst, Global GTM Strategy & Analytics","Senior Analyst, Global GTM Strategy & Analytics",Oct 2025,Present,0,,Bain & Company,Bain & Company,Senior Associate Consultant; Associate Consultant,2023,Oct 2025,1.0,Bain,Bain & Company,Associate Consultant Intern,Associate Consultant Intern,Jun 2022,Aug 2022,1.0,Bain,TikTok,Product Strategy and Operations Intern,Product Strategy and Operations Intern,Mar 2021,Aug 2021,0.0,,UNICEF USA,Social Media Marketing Intern,Social Media Marketing Intern,Sep 2020,Feb 2021,0.0,,WSP USA,Marketing Intern,Marketing Intern,Jun 2020,Aug 2020,0.0,,,,,,,,,,,,,,,,,,,,,,,,,,,,,,,,,,,,,,,,,,,,,,,,,,,,,,,,,,,,,,,,,,,,,,,,,,,,,,,,,,,,,,,,,,,,,,,,,,,,,,,,,,,,,,,,,,,,,,,,,,,,,,,,,,,,,,,,,,,,,,,,,,,,,,,,,,,,,,,,,,,,,,,,,,,,,,,,,,,,,,,
person-0484,Atlanta,Independent Strategy Consultant | Driving Transformational Growth in Consumer & Franchise Businesses,Self-employed,University of Georgia - Terry College of Business,2012.0,2011.0,,,,,,,,,,,2008.0,2004.0,1,BCG,The Boston Consulting Group (BCG),BCG,The Boston Consulting Group (BCG),Jan 2013,Oct 2018,Self-Employed,Independent Consultant,Self-employed,Independent Consultant,Independent Consultant,Feb 2021,Present,0,,Buffalo Wild Wings,Buffalo Wild Wings,"Senior Director - Digital, eCommerce, and Retail; Senior Director Go to Market Excellence",Jul 2019,Jan 2021,0.0,,Self-Employed,Independent Consultant,Independent Consultant,Oct 2018,Jul 2019,0.0,,The Boston Consulting Group (BCG),The Boston Consulting Group (BCG),Project Leader; Project Leader; Consultant; Consultant; Associate,Jan 2013,Oct 2018,1.0,BCG,Morgan Stanley,Summer Analyst: Institutional Equities,Summer Analyst: Institutional Equities,Jun 2011,Aug 2011,0.0,,University of Georgia Athletic Association,Sports Communications Student Assistant,Sports Communications Student Assistant,Aug 2009,Jan 2011,0.0,,Bank of America,Student Leader,Student Leader,Jun 2007,Aug 2007,0.0,,,,,,,,,,,,,,,,,,,,,,,,,,,,,,,,,,,,,,,,,,,,,,,,,,,,,,,,,,,,,,,,,,,,,,,,,,,,,,,,,,,,,,,,,,,,,,,,,,,,,,,,,,,,,,,,,,,,,,,,,,,,,,,,,,,,,,,,,,,,,,,,,,,,,,,,,,,,,,,,,,,,,,,,,,,,,,,,
person-0485,Harrisonburg,Associate Professor of Management at James Madison University College of Business,James Madison University,University of Virginia Darden School of Business,2019.0,2014.0,,,,,,,,,,,2001.0,1995.0,1,Bain,Bain & Company,Bain,Senior Consultant,Apr 2006,Oct 2012,Monsanto,Business Development Lead East Europe,James Madison University,James Madison University,Associate Professor; Assistant Professor,Aug 2019,Present,0,,Monsanto,Business Development Lead East Europe,Business Development Lead East Europe,Oct 2012,Jul 2014,0.0,,Bain & Company,Senior Consultant,Senior Consultant,Apr 2006,Oct 2012,1.0,Bain,Procter & Gamble,Associate Manager,Associate Manager,Nov 2004,Apr 2006,0.0,,Voice of America,Summer Intern,Summer Intern,May 2003,Aug 2003,0.0,,Tekhnodrev,Sales Manager,Sales Manager,1999,2001,0.0,,,,,,,,,,,,,,,,,,,,,,,,,,,,,,,,,,,,,,,,,,,,,,,,,,,,,,,,,,,,,,,,,,,,,,,,,,,,,,,,,,,,,,,,,,,,,,,,,,,,,,,,,,,,,,,,,,,,,,,,,,,,,,,,,,,,,,,,,,,,,,,,,,,,,,,,,,,,,,,,,,,,,,,,,,,,,,,,,,,,,,,
person-0486,,Corporate Strategy at BNY,BNY,NYU Stern School of Business,2019.0,2017.0,,,,,,,,,,,2010.0,2006.0,1,BCG,Boston Consulting Group (BCG),BCG,Boston Consulting Group (BCG),Jun 2019,Jul 2024,BNY,"Director, Corporate Strategy",BNY,"Director, Corporate Strategy","Director, Corporate Strategy",Jul 2024,Present,0,,Boston Consulting Group (BCG),Boston Consulting Group (BCG),Principal; Project Leader; Consultant,Jun 2019,Jul 2024,1.0,BCG,Boston Consulting Group (BCG),Summer Consultant,Summer Consultant,Jun 2018,Aug 2018,1.0,BCG,UBS,UBS,"Associate Director, Private Wealth Management; Senior Analyst, Private Wealth Management; Analyst, Graduate Rotational Program",Jul 2010,Jul 2017,0.0,,,,,,,,,,,,,,,,,,,,,,,,,,,,,,,,,,,,,,,,,,,,,,,,,,,,,,,,,,,,,,,,,,,,,,,,,,,,,,,,,,,,,,,,,,,,,,,,,,,,,,,,,,,,,,,,,,,,,,,,,,,,,,,,,,,,,,,,,,,,,,,,,,,,,,,,,,,,,,,,,,,,,,,,,,,,,,,,,,,,,,,,,,,,,,,,,,,,,
person-0487,Cleveland,"New Business Builder, Innovator, & Commercial Leader @ McKinsey I Ex-Amazon",ghSMART,,,,,,,,,,,,,University of Notre Dame,2014.0,2010.0,1,McKinsey,McKinsey & Company,McKinsey,McKinsey & Company,Aug 2018,Oct 2024,Healthmap Solutions,Product Strategy & Growth,Healthmap Solutions,Product Strategy & Growth,Product Strategy & Growth,Nov 2024,Present,0,,McKinsey & Company,McKinsey & Company,Engagement Manager; Product Lead; Associate,Aug 2018,Oct 2024,1.0,McKinsey,Amazon,Amazon,"Product Manager, Kindle; Vendor Manager, Kindle; Business Development Associate, Retail Operations and Innovations",Aug 2015,Aug 2018,0.0,,University of Notre Dame,Program Manager,Program Manager,Aug 2014,Jul 2015,0.0,,,,,,,,,,,,,,,,,,,,,,,,,,,,,,,,,,,,,,,,,,,,,,,,,,,,,,,,,,,,,,,,,,,,,,,,,,,,,,,,,,,,,,,,,,,,,,,,,,,,,,,,,,,,,,,,,,,,,,,,,,,,,,,,,,,,,,,,,,,,,,,,,,,,,,,,,,,,,,,,,,,,,,,,,,,,,,,,,,,,,,,,,,,,,,,,,,,,,
person-0488,Berkeley,Google | UC Berkeley Alum,"University of California, Berkeley",,,,,,,,,,,,,"University of California, Berkeley",2025.0,2021.0,1,Bain,Bain & Company,Bain,CREW,Jan 2023,Feb 2023,Undergraduate Marketing Association,Director of Membership,Google,APMM,APMM,Sep 2025,Present,0,,"University of California, Berkeley","University of California, Berkeley",Social Media Intern @ucberkeleyofficial; Resident Assistant,May 2022,May 2025,0.0,,Berkeley Business Society,Berkeley Business Society,VP of Professional Development; President; Project Manager; Consultant,Aug 2022,Dec 2024,0.0,,Google,BOLD Intern,BOLD Intern,May 2024,Aug 2024,0.0,,BARE Magazine,BARE Magazine,President; Director of Operations; Operations Member,Aug 2021,Aug 2024,0.0,,"University of California, Berkeley, Haas School of Business",DeCal Co-Founder,DeCal Co-Founder,Oct 2023,May 2024,0.0,,Lexus,Project Manager,Project Manager,Aug 2023,Dec 2023,0.0,,UNIQLO,Account Manager,Account Manager,Aug 2023,Dec 2023,0.0,,Delta Air Lines,Business Strategy Intern,Business Strategy Intern,May 2023,Aug 2023,0.0,,NASA - National Aeronautics and Space Administration,Strategy Consultant,Strategy Consultant,Jan 2023,May 2023,0.0,,DeCal Program,Lead Instructor,Lead Instructor,Jan 2022,May 2023,0.0,,Undergraduate Marketing Association,Director of Membership,Director of Membership,Aug 2021,May 2023,0.0,,Market Games,Marketing Intern,Marketing Intern,Jan 2023,Apr 2023,0.0,,Bain & Company,CREW,CREW,Jan 2023,Feb 2023,1.0,Bain,TikTok,Strategy Consultant,Strategy Consultant,Aug 2022,Dec 2022,0.0,,San Francisco Giants,Strategy Consultant,Strategy Consultant,Jan 2022,May 2022,0.0,,Roblox,Strategy Consultant,Strategy Consultant,Aug 2021,Dec 2021,0.0,,,,,,,,,,,,,,,,,,,,,,,,,,,,,,,,,,,,,,,,,,,,,,,,,,,,,,,,,,,,,,,,,,,,,,,,,,,,,,,,,,,,,,,,,,,,,,,,,,,,,,,,,,
person-0489,Columbus,"Member at Epstein Becker Green, P.C.","Epstein Becker & Green, P.C.",,,,,,,,,,,,,The University of Texas School of Law,2006.0,2003.0,1,McKinsey,McKinsey & Company,McKinsey,Business Associate,Sep 2001,Jun 2003,Bricker & Eckler LLP,Associate,"Epstein Becker & Green, P.C.",Member,Member,Sep 2021,Present,0,,Bricker & Eckler LLP,Bricker & Eckler LLP,Partner; Associate,Sep 2006,Aug 2021,0.0,,McKinsey & Company,Business Associate,Business Associate,Sep 2001,Jun 2003,1.0,McKinsey,,,,,,,,,,,,,,,,,,,,,,,,,,,,,,,,,,,,,,,,,,,,,,,,,,,,,,,,,,,,,,,,,,,,,,,,,,,,,,,,,,,,,,,,,,,,,,,,,,,,,,,,,,,,,,,,,,,,,,,,,,,,,,,,,,,,,,,,,,,,,,,,,,,,,,,,,,,,,,,,,,,,,,,,,,,,,,,,,,,,,,,,,,,,,,,,,,,,,,,,,,,
person-0490,,Marketing @ UIUC | Prev. Intern @ Mastercard,Microsoft,,,,,,,,,,,,,University of Illinois Urbana-Champaign,2025.0,2022.0,1,BCG,Boston Consulting Group (BCG),BCG,Advance Launch Program,Jan 2023,Mar 2023,PwC,Explore Program Member,Mastercard,Business Analyst Intern,Business Analyst Intern,May 2025,Present,0,,Microsoft,OneNote Content Creator,OneNote Content Creator,Sep 2024,Present,0.0,,TikTok,Content Creator,Content Creator,Jun 2024,Present,0.0,,Notion,Content Creator,Content Creator,Mar 2025,Jun 2025,0.0,,Uber,UberOne Creator,UberOne Creator,Nov 2024,Dec 2024,0.0,,Adobe,Brand Ambassador,Brand Ambassador,Sep 2024,Dec 2024,0.0,,Clinique,Clinique Fall 2024 Campus Ambassador,Clinique Fall 2024 Campus Ambassador,Aug 2024,Dec 2024,0.0,,EvolveZ Agency,Doritos® Dinamitas® College Brand Ambassador,Doritos® Dinamitas® College Brand Ambassador,Aug 2024,Dec 2024,0.0,,Her Campus Media,Her Campus Media,Campus Fashionista; Campus Trendsetter,Aug 2024,Dec 2024,0.0,,Illinois Enactus,Illinois Enactus,Media Liaison; Phoenix Project Associate,Feb 2024,Dec 2024,0.0,,Chegg Inc.,Social Media Ambassador,Social Media Ambassador,Jul 2024,Sep 2024,0.0,,Amazon,Amazon Storefront Affiliate and Influencer,Amazon Storefront Affiliate and Influencer,Jul 2024,Aug 2024,0.0,,Alpha Kappa Psi,Alpha Kappa Psi,Formal Committee; Chapter Relations; Pledge Class Fundraising Chair,Sep 2022,Apr 2024,0.0,,Pacifica On Green,Marketing Consultant,Marketing Consultant,May 2023,Feb 2024,0.0,,PwC,Explore Program Member,Explore Program Member,Jan 2024,Jan 2024,0.0,,Clik.ai,Marketing Analyst Intern,Marketing Analyst Intern,May 2023,Aug 2023,0.0,,Boston Consulting Group (BCG),Advance Launch Program,Advance Launch Program,Jan 2023,Mar 2023,1.0,BCG,Disruption Lab at Gies,Content Creator,Content Creator,Sep 2022,Dec 2022,0.0,,Star Dance Company,Co-Founder,Co-Founder,Oct 2020,Aug 2022,0.0,,,,,,,,,,,,,,,,,,,,,,,,,,,,,,,,,,,,,,,,,,,,,,,,,,,,,,,,,,,,,,,,,,,,,,,,,,,,,,,,,,,,,,,,,,,,
person-0491,New York,Managing Partner at Absegami,Absegami,,,,,,,,,,,,,Columbia University in the City of New York,2010.0,2006.0,1,McKinsey,McKinsey & Company,McKinsey,McKinsey & Company,Oct 2016,May 2019,Absegami,Managing Partner,Absegami,Managing Partner,Managing Partner,May 2019,Present,0,,McKinsey & Company,McKinsey & Company,Expert / Engagement Manager; Analytics Specialist,Oct 2016,May 2019,1.0,McKinsey,ZS,ZS,Business Consultant; Business Analytics Associate Consultant; Business Analytics Associate,Sep 2010,Sep 2016,0.0,,Compytent LLC,Co-Founder,Co-Founder,Nov 2008,Apr 2012,0.0,,J.P. Morgan,Business Operations Consultant,Business Operations Consultant,Jun 2011,Aug 2011,0.0,,Polymer Synthesis Research Laboratory at Columbia University,Undergraduate Researcher,Undergraduate Researcher,Sep 2008,Dec 2009,0.0,,Bristol-Myers Squibb,Device Engineering Intern and Project Management Infrastructure Lead,Device Engineering Intern and Project Management Infrastructure Lead,Jun 2009,Aug 2009,0.0,,Bristol-Myers Squibb,Manufacturing Launch Team Intern,Manufacturing Launch Team Intern,Jun 2008,Aug 2008,0.0,,,,,,,,,,,,,,,,,,,,,,,,,,,,,,,,,,,,,,,,,,,,,,,,,,,,,,,,,,,,,,,,,,,,,,,,,,,,,,,,,,,,,,,,,,,,,,,,,,,,,,,,,,,,,,,,,,,,,,,,,,,,,,,,,,,,,,,,,,,,,,,,,,,,,,,,,,,,,,,,,,,,,,,,,
person-0492,Miami,Sustainable Packaging and Compliance | Ex-BCG,Validyn,,,,,,,,,,,,,University of Cambridge,2014.0,2010.0,1,BCG,Boston Consulting Group (BCG),BCG,Boston Consulting Group (BCG),Nov 2015,Jun 2024,Soln Packaging,Director,Validyn,Co-Founder,Co-Founder,Feb 2025,Present,0,,Soln Packaging,Director,Director,Sep 2024,Present,0.0,,Boston Consulting Group (BCG),Boston Consulting Group (BCG),Principal; Project Leader; Consultant; Senior Associate; Associate,Nov 2015,Jun 2024,1.0,BCG,The FG Academy,Director of Studies,Director of Studies,Oct 2014,May 2015,0.0,,Plasma Antennas Ltd,Summer Intern,Summer Intern,2011,2013,0.0,,,,,,,,,,,,,,,,,,,,,,,,,,,,,,,,,,,,,,,,,,,,,,,,,,,,,,,,,,,,,,,,,,,,,,,,,,,,,,,,,,,,,,,,,,,,,,,,,,,,,,,,,,,,,,,,,,,,,,,,,,,,,,,,,,,,,,,,,,,,,,,,,,,,,,,,,,,,,,,,,,,,,,,,,,,,,,,,,,,,,,,,,,,,,,
person-0493,Brookline,,Harvard Institute for Learning (HILR),,,,,,,,,,,,,Harvard University Kennedy School of Government,1979.0,1978.0,1,McKinsey,McKinsey & Company,McKinsey,"Researcher assisting with book ""Corporate Culture"" by Deal & Kennedy",Oct 1980,Jun 1981,Isabell Stewart Gardner Museum,Product Development and Store manager,Harvard Institute for Learning (HILR),Member of the Learning Community,Member of the Learning Community,May 2024,Present,0,,Career Work Coaching,Principle Career Work Coaching,Principle Career Work Coaching,Nov 1980,Present,0.0,,Boston University,Boston University,Senior Lecturer Metropolitan College 1981-Present / Career Consultant Questrom School of Business; International Career Consultant,2005,Present,0.0,,Brandeis International Business School,Senior Associate Director Career Advising and Mentoring Programing,Senior Associate Director Career Advising and Mentoring Programing,Nov 2008,May 2024,0.0,,Harvard Business School Press,Chapter reviewer,Chapter reviewer,Jul 2015,Jul 2015,0.0,,Brandeis University,Associate Director of Career Advising,Associate Director of Career Advising,Aug 2008,Nov 2012,0.0,,Isabell Stewart Gardner Museum,Product Development and Store manager,Product Development and Store manager,1993,1997,0.0,,McKinsey & Company,"Researcher assisting with book ""Corporate Culture"" by Deal & Kennedy","Researcher assisting with book ""Corporate Culture"" by Deal & Kennedy",Oct 1980,Jun 1981,1.0,McKinsey,,,,,,,,,,,,,,,,,,,,,,,,,,,,,,,,,,,,,,,,,,,,,,,,,,,,,,,,,,,,,,,,,,,,,,,,,,,,,,,,,,,,,,,,,,,,,,,,,,,,,,,,,,,,,,,,,,,,,,,,,,,,,,,,,,,,,,,,,,,,,,,,,,,,,,,,,,,,,,,,,,,,,,,,
person-0494,Chicago,Associate at L.E.K. Consulting,L.E.K. Consulting,,,,,,,,,,,,,University of Wisconsin-Madison,2024.0,2020.0,1,"BCG, Bain",Boston Consulting Group (BCG),BCG,BCG Advance Participant,Apr 2022,Apr 2022,L.E.K. Consulting,Associate,L.E.K. Consulting,Associate,Associate,Aug 2024,Present,0,,PwC,PwC,Financial Services Transformations Intern; Consulting Solutions Intern,Jun 2021,Aug 2023,0.0,,Wisconsin School of Business,Wisconsin School of Business,Diversity Consultant; Summer Mentor,Jun 2021,May 2023,0.0,,Bain & Company,BEL intern at Bain,BEL intern at Bain,Aug 2022,Aug 2022,1.0,Bain,Boston Consulting Group (BCG),BCG Advance Participant,BCG Advance Participant,Apr 2022,Apr 2022,1.0,BCG,Lakeshore East Cafe,Barista,Barista,May 2021,Sep 2021,0.0,,Junior Economic Club of Chicago,Chief Financial Officer,Chief Financial Officer,May 2019,May 2020,0.0,,,,,,,,,,,,,,,,,,,,,,,,,,,,,,,,,,,,,,,,,,,,,,,,,,,,,,,,,,,,,,,,,,,,,,,,,,,,,,,,,,,,,,,,,,,,,,,,,,,,,,,,,,,,,,,,,,,,,,,,,,,,,,,,,,,,,,,,,,,,,,,,,,,,,,,,,,,,,,,,,,,,,,,,,,,,,,,,
person-0495,New York,Strategy @ NYCEDC,New York City Economic Development Corporation,,,,,,,,,,,,,Harvard University,2022.0,2017.0,1,McKinsey,McKinsey & Company,McKinsey,Senior Business Analyst,Nov 2022,Aug 2024,New York City Economic Development Corporation,"Senior Associate, Strategy",New York City Economic Development Corporation,"Senior Associate, Strategy","Senior Associate, Strategy",Aug 2024,Present,0,,McKinsey & Company,Senior Business Analyst,Senior Business Analyst,Nov 2022,Aug 2024,1.0,McKinsey,McKinsey & Company,Summer Business Analyst,Summer Business Analyst,May 2021,Jul 2021,1.0,McKinsey,Council of the District of Columbia,"Comprehensive Plan Intern, Councilmember Mary Cheh","Comprehensive Plan Intern, Councilmember Mary Cheh",Oct 2020,May 2021,0.0,,11th Street Bridge Park,Small Business Retention Researcher,Small Business Retention Researcher,Oct 2020,May 2021,0.0,,D.C. Policy Center,Urban Economic Policy Researcher,Urban Economic Policy Researcher,Sep 2020,Dec 2020,0.0,,Center for Strategic and International Studies (CSIS),Americas Program Research Intern,Americas Program Research Intern,Jun 2020,Aug 2020,0.0,,Harvard Undergraduate Political Consulting,Harvard Undergraduate Political Consulting,Team Lead; Analyst,Feb 2018,May 2020,0.0,,Oxfam America,Summer Researcher,Summer Researcher,Jun 2019,Aug 2019,0.0,,Harvard University,Research Assistant,Research Assistant,Jan 2019,Jun 2019,0.0,,European Parliament Liaison Office with US Congress,US Government Relations Intern,US Government Relations Intern,Jan 2019,Jan 2019,0.0,,Office of US Congressman Eliot Engel,Congressional Intern,Congressional Intern,Apr 2017,Jun 2017,0.0,,Yunnan Kingdom Beatitudes Agriculture Company,Small Enterprise Trainee,Small Enterprise Trainee,Jan 2017,Mar 2017,0.0,,Yunnan Parallel,Public Affairs Intern,Public Affairs Intern,Jan 2017,Mar 2017,0.0,,Wildlife & Ecological Investments,Tourism and Conservation Business Intern,Tourism and Conservation Business Intern,Sep 2016,Dec 2016,0.0,,,,,,,,,,,,,,,,,,,,,,,,,,,,,,,,,,,,,,,,,,,,,,,,,,,,,,,,,,,,,,,,,,,,,,,,,,,,,,,,,,,,,,,,,,,,,,,,,,,,,,,,,,,,,,,,,,,,,,,,
person-0496,Boston,Senior Consultant - Talent Engagement & Employee Purpose,Deloitte,,,,,,,,,,,,,Colgate University,2018.0,2014.0,1,Bain,Bain & Company,Bain,Bain & Company,Jan 2019,Jun 2021,Arnold & Porter Kaye Scholer LLP,Women's Initiatives Specialist,Deloitte,Deloitte,"Senior Consultant, Human Capital, Employee Engagement & Talent Transformation; Senior Consultant, Talent Engagement, Growth & Purpose; Consultant, Human Capital, Employee Engagement & Workforce Transformation",May 2022,Present,0,,Arnold & Porter Kaye Scholer LLP,Women's Initiatives Specialist,Women's Initiatives Specialist,Jun 2021,May 2022,0.0,,Bain & Company,Bain & Company,"Coordinator, Recruiting; Associate, Recruiting; Manager Assistant",Jan 2019,Jun 2021,1.0,Bain,ACLU of Northern California,Communications & Development Assistant,Communications & Development Assistant,Jul 2018,Jan 2019,0.0,,Consumer Bankruptcy Law Project,Student Volunteer Legal Assistant,Student Volunteer Legal Assistant,Sep 2017,May 2018,0.0,,Shaw Wellness Institute,Program Coordinator,Program Coordinator,Sep 2017,May 2018,0.0,,Outdoor Education,Outdoor Education,Teambuilder; Outdoor Leader; Summer Educator,Jun 2017,May 2018,0.0,,Human Resources Department,Employee Wellness & Benefits Intern,Employee Wellness & Benefits Intern,Sep 2017,Dec 2017,0.0,,Boston University,Physiology of Psychology Teaching Assistant,Physiology of Psychology Teaching Assistant,Jan 2015,May 2015,0.0,,,,,,,,,,,,,,,,,,,,,,,,,,,,,,,,,,,,,,,,,,,,,,,,,,,,,,,,,,,,,,,,,,,,,,,,,,,,,,,,,,,,,,,,,,,,,,,,,,,,,,,,,,,,,,,,,,,,,,,,,,,,,,,,,,,,,,,,,,,,,,,,,,,,,,,,,,,,,,,,,,
person-0497,Lincolnwood,Sr. HR Specialist at Vistex,Vistex,,,,,,,,,,,,,Carleton College,2010.0,2006.0,1,BCG,Boston Consulting Group (BCG),BCG,Diversity Recruiting Assistant,Jan 2012,Mar 2012,HAPPY KIDS LEARNING CENTER INC.,Assistant Director,Vistex,Vistex,"Senior Human Resources Specialist; Human Resources Specialist; Senior Administrative Assistant; Administrative Assistant III, Solution Delivery",Mar 2018,Present,0,,HAPPY KIDS LEARNING CENTER INC.,Assistant Director,Assistant Director,Apr 2014,Apr 2017,0.0,,"Perkins Investment Management, LLC","Perkins Investment Management, LLC",Operations Analyst; Administrative Assistant,Apr 2012,Apr 2014,0.0,,Boston Consulting Group (BCG),Diversity Recruiting Assistant,Diversity Recruiting Assistant,Jan 2012,Mar 2012,1.0,BCG,Aseptic Solutions USA,Logistics and Market Chain Coordinator,Logistics and Market Chain Coordinator,Jan 2011,Sep 2011,0.0,,Steppenwolf Theatre Company,Steppenwolf for Young Adults Intern,Steppenwolf for Young Adults Intern,Jun 2007,Sep 2007,0.0,,,,,,,,,,,,,,,,,,,,,,,,,,,,,,,,,,,,,,,,,,,,,,,,,,,,,,,,,,,,,,,,,,,,,,,,,,,,,,,,,,,,,,,,,,,,,,,,,,,,,,,,,,,,,,,,,,,,,,,,,,,,,,,,,,,,,,,,,,,,,,,,,,,,,,,,,,,,,,,,,,,,,,,,,,,,,,,,,,,,,,,
person-0498,,MBA/MS candidate at Stanford | Climate & Energy,Anthro Energy,,,,,,,,,,,,,,2018.0,2014.0,1,BCG,Boston Consulting Group (BCG),BCG,Boston Consulting Group (BCG),Sep 2018,Sep 2021,LevelTen Energy,Senior Associate,LevelTen Energy,LevelTen Energy,Corporate Development Manager; Senior Associate,Nov 2021,Jul 2024,0,,Boston Consulting Group (BCG),Boston Consulting Group (BCG),Consultant; Associate,Sep 2018,Sep 2021,1.0,BCG,"Form Energy, Inc.",Product Analyst Extern,Product Analyst Extern,Feb 2021,Jun 2021,0.0,,Impact Investment Exchange,Summer Associate,Summer Associate,Jun 2017,Aug 2017,0.0,,Mayor's Office of Operations,Intern,Intern,Jan 2017,May 2017,0.0,,Abdul Latif Jameel Poverty Action Lab (J-PAL),Policy Intern,Policy Intern,May 2016,Aug 2016,0.0,,Columbia University Department of Political Science,Research Assistant,Research Assistant,Oct 2015,Jul 2016,0.0,,NAACP (National Association for the Advancement of Colored People ),Public Policy Intern,Public Policy Intern,May 2015,Jul 2015,0.0,,Appalachian Mountain Club,Teen Trail Crew Leader,Teen Trail Crew Leader,May 2014,Aug 2014,0.0,,,,,,,,,,,,,,,,,,,,,,,,,,,,,,,,,,,,,,,,,,,,,,,,,,,,,,,,,,,,,,,,,,,,,,,,,,,,,,,,,,,,,,,,,,,,,,,,,,,,,,,,,,,,,,,,,,,,,,,,,,,,,,,,,,,,,,,,,,,,,,,,,,,,,,,,,,,,,,,,,,
person-0499,,"Manager, Full Asset Potential at AngloGold Ashanti",AngloGold Ashanti North America,,,,,,,,,,,,,Massachusetts Institute of Technology,2023.0,2019.0,1,McKinsey,McKinsey & Company,McKinsey,McKinsey & Company,Mar 2023,Jul 2025,AngloGold Ashanti North America,Manager of Full Asset Potential,AngloGold Ashanti North America,Manager of Full Asset Potential,Manager of Full Asset Potential,Aug 2025,Present,0,,McKinsey & Company,McKinsey & Company,Senior Business Analyst; Business Analyst,Mar 2023,Jul 2025,1.0,McKinsey,McKinsey & Company,Summer Business Analyst,Summer Business Analyst,Jun 2022,Aug 2022,1.0,McKinsey,Boeing,Program Management Intern,Program Management Intern,Jun 2021,Aug 2021,0.0,,Colorado Department of Transportation,Economics Intern,Economics Intern,Jul 2020,Apr 2021,0.0,,,,,,,,,,,,,,,,,,,,,,,,,,,,,,,,,,,,,,,,,,,,,,,,,,,,,,,,,,,,,,,,,,,,,,,,,,,,,,,,,,,,,,,,,,,,,,,,,,,,,,,,,,,,,,,,,,,,,,,,,,,,,,,,,,,,,,,,,,,,,,,,,,,,,,,,,,,,,,,,,,,,,,,,,,,,,,,,,,,,,,,,,,,,,,
person-0500,New York,Analytics & Insights @ Instacart | Ex-BCG,Instacart,,,,,,,,,,,,,Boston University,2020.0,2016.0,1,BCG,Boston Consulting Group (BCG),BCG,Boston Consulting Group (BCG),Oct 2022,Aug 2025,Instacart,Insights Manager II,Instacart,Insights Manager II,Insights Manager II,Sep 2025,Present,0,,Boston Consulting Group (BCG),Boston Consulting Group (BCG),Senior Analyst - Growth & Innovation | Corporate Finance & Strategy; Analyst - Growth & Innovation | Corporate Finance & Strategy,Oct 2022,Aug 2025,1.0,BCG,"Datto, Inc.",Business Intelligence Analyst - Product,Business Intelligence Analyst - Product,Apr 2022,Oct 2022,0.0,,Profitero,Profitero,Strategy and Insights Analyst; Associate Strategy and Insights Analyst,Jun 2020,Apr 2022,0.0,,Nu Chapter Consulting Group,Nu Chapter Consulting Group,President; Vice President; Senior Associate Consultant,Sep 2017,May 2020,0.0,,MEMIC,Data Analytics Intern,Data Analytics Intern,Jun 2019,Aug 2019,0.0,,Caxton FX,Data Analytics Intern - Fraud and Compliance,Data Analytics Intern - Fraud and Compliance,Feb 2019,Apr 2019,0.0,,Armenian National Committee of America,Salesforce Business Analyst and Lobbying Intern,Salesforce Business Analyst and Lobbying Intern,Jun 2018,Aug 2018,0.0,,Alpha Kappa Psi- Nu Chapter,Professional Director,Professional Director,Jan 2018,May 2018,0.0,,180 Degrees Consulting,Associate Consultant,Associate Consultant,Dec 2017,May 2018,0.0,,American Income Life Insurance Company,Summer Life Insurance Agent,Summer Life Insurance Agent,Jun 2017,Sep 2017,0.0,,Armenian Youth Federation Camp Haiastan,Cabin Counselor,Cabin Counselor,Jun 2016,Aug 2016,0.0,,Armenian Youth Federation Camp Haiastan,Maintenance and Kitchen Staff,Maintenance and Kitchen Staff,Jun 2015,Aug 2015,0.0,,Stand Up for Your Survivor,Vice President,Vice President,Apr 2012,2015,0.0,,,,,,,,,,,,,,,,,,,,,,,,,,,,,,,,,,,,,,,,,,,,,,,,,,,,,,,,,,,,,,,,,,,,,,,,,,,,,,,,,,,,,,,,,,,,,,,,,,,,,,,,,,,,,,,,,,,,,,,,,,,,,,,
person-0501,Boston,Founder & CEO | Ex-BCG,Qubit Nexus,,,,,,,,,,,,,Fordham University,2007.0,2005.0,1,BCG,The Boston Consulting Group (BCG),BCG,The Boston Consulting Group (BCG),Apr 2014,Jun 2018,Pathrithm Inc.,Founder & CEO,Qubit Nexus,Founder & CEO,Founder & CEO,Jan 2020,Present,0,,Pathrithm Inc.,Founder & CEO,Founder & CEO,Jun 2018,Jan 2020,0.0,,The Boston Consulting Group (BCG),The Boston Consulting Group (BCG),"Advanced Analytics Expert; Lead Knowledge Analyst, Strategic Analytics",Apr 2014,Jun 2018,1.0,BCG,TTEC Digital,"Manager, Advanced Analytics, Recipient of Shining Star Award","Manager, Advanced Analytics, Recipient of Shining Star Award",May 2011,Apr 2014,0.0,,The Travelers Companies,Senior Consultant-Research and Modeling,Senior Consultant-Research and Modeling,Apr 2007,May 2011,0.0,,The Hartford,Intern-Research Consultant,Intern-Research Consultant,Aug 2006,Apr 2007,0.0,,,,,,,,,,,,,,,,,,,,,,,,,,,,,,,,,,,,,,,,,,,,,,,,,,,,,,,,,,,,,,,,,,,,,,,,,,,,,,,,,,,,,,,,,,,,,,,,,,,,,,,,,,,,,,,,,,,,,,,,,,,,,,,,,,,,,,,,,,,,,,,,,,,,,,,,,,,,,,,,,,,,,,,,,,,,,,,,,,,,,,,
person-0502,Milwaukee,"Writing a book in public | ex-BCG, Stanford | Founder + speaker on upskilling for the current & future workforce",Esper Collective,,,,,,,,,,,,,Massachusetts Institute of Technology,,,1,BCG,Boston Consulting Group (BCG),BCG,Boston Consulting Group (BCG),Jan 2022,May 2024,"Center for Teaching and Learning, Stanford",(Pioneering Member) Peer Learning Consultant,Esper Collective,Founder,Founder,Jul 2024,Present,0,,"Center for Teaching and Learning, Stanford","Center for Teaching and Learning, Stanford",Strategy and Operations Division Director; Special Projects Manager; Lead Learning Consultant; Senior Program Coordinator; (Pioneering Member) Peer Learning Consultant,Nov 2018,Sep 2024,0.0,,Boston Consulting Group (BCG),Boston Consulting Group (BCG),Consultant; Associate,Jan 2022,May 2024,1.0,BCG,Adopt a Science Olympiad Team,Adopt a Science Olympiad Team,Co-Founder; President,May 2020,Aug 2022,0.0,,Walmart Distribution Center,Continuous Improvement Process Engineer,Continuous Improvement Process Engineer,Jun 2021,Aug 2021,0.0,,Golden Gate Science Olympiad,Golden Gate Science Olympiad,Tournament Director; Director of Sponsorship; Director Of Communications; Co Executive Director,Apr 2019,Jun 2021,0.0,,The Joyce Ivy Foundation,The Joyce Ivy Foundation,Stanford Chapter Representative; Mentor; Head Of Communications; General Fellow; Ambassador,Nov 2016,Jun 2021,0.0,,Stanford Society of Women Engineers,Stanford Society of Women Engineers,"Outreach Volunteer; Financial Officer, Executive Board; Outreach Mentorship Chair; Interim Vice President of STEM Partnerships; Outreach Mentor; Elementary School Outreach Intern",Oct 2017,Jun 2021,0.0,,Bismarck State College,Chemistry Lab Coordinator,Chemistry Lab Coordinator,Sep 2020,May 2021,0.0,,DENSO,New Product Innovation Team,New Product Innovation Team,Jun 2020,Sep 2020,0.0,,Skolkovo Institute of Science and Technology,Research Assistant,Research Assistant,Jun 2019,Aug 2019,0.0,,PlanMyCollege,College Counselor,College Counselor,Jul 2018,Jun 2019,0.0,,Leland Stanford Junior University Marching Band,Clarinet Section Member,Clarinet Section Member,Sep 2017,Nov 2018,0.0,,Aga Khan Foundation Tajikistan,Maker's Lab Co-Creator,Maker's Lab Co-Creator,Jun 2018,Aug 2018,0.0,,CollegeXpress,Contributor,Contributor,Dec 2016,May 2018,0.0,,Gateway To Science,Center Guide,Center Guide,May 2015,Jan 2018,0.0,,Bismarck Tribune,Reporter,Reporter,Sep 2014,May 2017,0.0,,,,,,,,,,,,,,,,,,,,,,,,,,,,,,,,,,,,,,,,,,,,,,,,,,,,,,,,,,,,,,,,,,,,,,,,,,,,,,,,,,,,,,,,,,,,,,,,,,,,,,,,,,
person-0503,,Principal Product Manager Technical at Amazon Sustainability | Stanford MBA | ex-Bain,Amazon,Stanford University Graduate School of Business,2019.0,2017.0,,,,,,,,,,,2011.0,2011.0,1,Bain,Bain & Company,Bain,Bain & Company,Aug 2014,Aug 2017,Amazon,Senior Product Manager - Grocery Supply Chain,Amazon,Amazon,Principal Product Manager Technical - Sustainability Technology; Principal Product Manager Technical - Grocery Supply Chain; Senior Product Manager Technical - Grocery Supply Chain; Senior Product Manager - Grocery Supply Chain,Aug 2019,Present,0,,Amazon,Senior Product Manager - RLD Summer Intern,Senior Product Manager - RLD Summer Intern,Jun 2018,Aug 2018,0.0,,Bain & Company,Bain & Company,Senior Associate Consultant; Associate Consultant,Aug 2014,Aug 2017,1.0,Bain,New Ventures México,Senior Analyst - Strategy and Business Development,Senior Analyst - Strategy and Business Development,Mar 2014,Jul 2014,0.0,,Children's Investment Fund Foundation (CIFF),Investments Intern - Climate Change,Investments Intern - Climate Change,Aug 2013,Jan 2014,0.0,,Macmillan,Financial Planning Assistant,Financial Planning Assistant,May 2010,Jun 2012,0.0,,Construyendo y Creciendo,Project Coordinator,Project Coordinator,Jun 2011,Dec 2011,0.0,,,,,,,,,,,,,,,,,,,,,,,,,,,,,,,,,,,,,,,,,,,,,,,,,,,,,,,,,,,,,,,,,,,,,,,,,,,,,,,,,,,,,,,,,,,,,,,,,,,,,,,,,,,,,,,,,,,,,,,,,,,,,,,,,,,,,,,,,,,,,,,,,,,,,,,,,,,,,,,,,,,,,,,,,,,,,,,,
person-0504,,Writer,Paralign Health,,,,,,,,,,,,,University of Pennsylvania,,,1,McKinsey,McKinsey & Company,McKinsey,Consultant,Jul 2016,Jun 2018,Participant Media,Strategy & Business Development,Paralign Health,Operations,Operations,Apr 2025,Present,0,,Self Employed,Self Employed,"Strategy Consultant; Author; Artist-in-Fire Resident, Confluence Lab",Sep 2024,Present,0.0,,Participant Media,Strategy & Business Development,Strategy & Business Development,Jun 2018,Jul 2020,0.0,,McKinsey & Company,Consultant,Consultant,Jul 2016,Jun 2018,1.0,McKinsey,,,,,,,,,,,,,,,,,,,,,,,,,,,,,,,,,,,,,,,,,,,,,,,,,,,,,,,,,,,,,,,,,,,,,,,,,,,,,,,,,,,,,,,,,,,,,,,,,,,,,,,,,,,,,,,,,,,,,,,,,,,,,,,,,,,,,,,,,,,,,,,,,,,,,,,,,,,,,,,,,,,,,,,,,,,,,,,,,,,,,,,,,,,,,,,,,,,,
person-0505,New York,"Vice President, Employee Experience Strategy at JPMorganChase",JPMorganChase,Harvard Business School,,,,,,,,,,,,Washington University in St. Louis,,,1,Bain,Bain & Company,Bain,Consultant,Jul 2021,Sep 2022,JPMorganChase,Vice President - Strategy & Process Improvement,JPMorganChase,JPMorganChase,Vice President - Employee Experience Strategy; Vice President - Strategy & Process Improvement,Mar 2023,Present,0,,Bain & Company,Consultant,Consultant,Jul 2021,Sep 2022,1.0,Bain,Bain & Company,Summer Associate,Summer Associate,2020,2020,1.0,Bain,Delta Air Lines,Delta Air Lines,Senior Analyst - Inventory Management; Commercial Strategy Analyst - Co-Brands Acquisitions,2015,2019,0.0,,,,,,,,,,,,,,,,,,,,,,,,,,,,,,,,,,,,,,,,,,,,,,,,,,,,,,,,,,,,,,,,,,,,,,,,,,,,,,,,,,,,,,,,,,,,,,,,,,,,,,,,,,,,,,,,,,,,,,,,,,,,,,,,,,,,,,,,,,,,,,,,,,,,,,,,,,,,,,,,,,,,,,,,,,,,,,,,,,,,,,,,,,,,,,,,,,,,,
person-0506,Detroit,People Leader | Operations | Strategy & Transformation | McKinsey Alumna | Ross MBA,Qualfon,University of Michigan - Stephen M. Ross School of Business,2020.0,2018.0,,,,,,,,,,,2010.0,2006.0,1,McKinsey,McKinsey & Company,McKinsey,McKinsey & Company,May 2020,May 2024,Qualfon,VP Managing Director of Product Fulfillment,Qualfon,VP Managing Director of Product Fulfillment,VP Managing Director of Product Fulfillment,Oct 2025,Present,0,,McKinsey & Company,McKinsey & Company,Engagement Manager; Management Consultant,May 2020,May 2024,1.0,McKinsey,Shinola,Shinola,Head of Production; Watch Factory Production Manager; Leather Factory Production Manager; Production Engineer,Aug 2015,Mar 2020,0.0,,"Exxel Pharma, Inc",MBA Consultant,MBA Consultant,Jan 2019,Apr 2019,0.0,,PepsiCo,PepsiCo,Production Supervisor; Management Trainee,May 2014,Jul 2015,0.0,,PepsiCo,Manufacturing and Warehouse Intern,Manufacturing and Warehouse Intern,May 2013,Jan 2014,0.0,,Toyota,Corporate Strategy Office Co-op,Corporate Strategy Office Co-op,Jan 2012,May 2012,0.0,,Tata Technologies,Internship,Internship,May 2011,Aug 2011,0.0,,,,,,,,,,,,,,,,,,,,,,,,,,,,,,,,,,,,,,,,,,,,,,,,,,,,,,,,,,,,,,,,,,,,,,,,,,,,,,,,,,,,,,,,,,,,,,,,,,,,,,,,,,,,,,,,,,,,,,,,,,,,,,,,,,,,,,,,,,,,,,,,,,,,,,,,,,,,,,,,,,,,,,,,,
person-0507,Baltimore,MBA at Johns Hopkins Carey Business School I Forte Fellow I Former Digital Health Advisor,The Johns Hopkins University - Carey Business School,The Johns Hopkins University - Carey Business School,2026.0,2024.0,,,,,,,,,,Jaypee Institute Of Information Technology,,,1,Bain,Bain & Company,Bain,Associate - Industries,2015,2017,Gartner,Industry Research Specialist - Tech and Service Providers at Gartner,The Johns Hopkins University - Carey Business School,Graduate Assistant - Admissions Office,Graduate Assistant - Admissions Office,Nov 2024,Present,0,,Johns Hopkins Product Management Club,Director of Projects,Director of Projects,Oct 2024,Present,0.0,,ADAPT,Senior Research Strategist - CIOs and Product Leaders,Senior Research Strategist - CIOs and Product Leaders,Aug 2022,Present,0.0,,Nurish,Pre-MBA: Product Strategy Intern,Pre-MBA: Product Strategy Intern,May 2024,Jul 2024,0.0,,Gartner,Gartner,Principal Analyst - Healthcare and Life Science; Associate Principal Analyst - Healthcare and Life Science; Industry Research Specialist - Tech and Service Providers at Gartner,2017,2022,0.0,,Bain & Company,Associate - Industries,Associate - Industries,2015,2017,1.0,Bain,,,,,,,,,,,,,,,,,,,,,,,,,,,,,,,,,,,,,,,,,,,,,,,,,,,,,,,,,,,,,,,,,,,,,,,,,,,,,,,,,,,,,,,,,,,,,,,,,,,,,,,,,,,,,,,,,,,,,,,,,,,,,,,,,,,,,,,,,,,,,,,,,,,,,,,,,,,,,,,,,,,,,,,,,,,,,,,,,,,,,,
person-0508,Bedford,Incoming Summer Associate @ BCG | Business + Statistics @ Carnegie Mellon,Kappa Alpha Theta Fraternity,,,,,,,,,,,,,Carnegie Mellon University,2027.0,2023.0,1,BCG,Boston Consulting Group (BCG),BCG,BCG Advance Program,Apr 2025,Apr 2025,Kappa Alpha Theta Fraternity,VP of Finance,Carnegie Mellon University,Carnegie Mellon University,70-311 Organizational Behavior Teaching Assistant; 70-110 Business Computing Teaching Assistant,Dec 2024,Present,0,,Women in Business Carnegie Mellon,Women in Business Carnegie Mellon,Vice President of Alumni & Industry Engagement; Director of External Relations; Member,Nov 2024,Present,0.0,,180 Degrees Consulting,180 Degrees Consulting,Project Lead; Student Consultant,Feb 2024,Present,0.0,,Kappa Alpha Theta Fraternity,Kappa Alpha Theta Fraternity,VP of Administration; VP of Finance,Nov 2023,Present,0.0,,Molina Healthcare,Finance & Analytics Intern,Finance & Analytics Intern,May 2025,Aug 2025,0.0,,Boston Consulting Group (BCG),BCG Advance Program,BCG Advance Program,Apr 2025,Apr 2025,1.0,BCG,Smart Woman Securities @ CMU,Research Board Analyst,Research Board Analyst,Aug 2024,Jan 2025,0.0,,Abercrombie & Fitch Co.,Brand Ambassador,Brand Ambassador,Jun 2022,Jun 2024,0.0,,U.S. Figure Skating,Team USA Athlete,Team USA Athlete,May 2020,Apr 2023,0.0,,,,,,,,,,,,,,,,,,,,,,,,,,,,,,,,,,,,,,,,,,,,,,,,,,,,,,,,,,,,,,,,,,,,,,,,,,,,,,,,,,,,,,,,,,,,,,,,,,,,,,,,,,,,,,,,,,,,,,,,,,,,,,,,,,,,,,,,,,,,,,,,,,,,,,,,,,,,,,,,,,
person-0509,,Chief of Staff at Riot Ventures,Riot Ventures,Harvard Business School,2025.0,2023.0,,,,,,,,,,,2013.0,2009.0,1,McKinsey,McKinsey & Company,McKinsey,Associate,May 2024,Jul 2024,Riot Ventures,Chief of Staff,Riot Ventures,Chief of Staff,Chief of Staff,Jun 2025,Present,0,,McKinsey & Company,Associate,Associate,May 2024,Jul 2024,1.0,McKinsey,General Motors,General Motors,Strategy & Business Planning Manager; Systems Engineer - Automated Driving; TRACK Leadership Development Rotation Program,Sep 2018,Aug 2023,0.0,,,,,,,,,,,,,,,,,,,,,,,,,,,,,,,,,,,,,,,,,,,,,,,,,,,,,,,,,,,,,,,,,,,,,,,,,,,,,,,,,,,,,,,,,,,,,,,,,,,,,,,,,,,,,,,,,,,,,,,,,,,,,,,,,,,,,,,,,,,,,,,,,,,,,,,,,,,,,,,,,,,,,,,,,,,,,,,,,,,,,,,,,,,,,,,,,,,,,,,,,,,,
person-0510,Brooklyn,"Manager, Global ESG Reporting; Sustainable and Corporate Strategy",PepsiCo,,,,,,,,,,,,,Harvard University,2018.0,2014.0,1,BCG,The Boston Consulting Group (BCG),BCG,Associate,Sep 2018,Sep 2020,PepsiCo,"Associate Manager, Sustainable Strategy",PepsiCo,PepsiCo,"Manager, Global ESG Reporting; Associate Manager, Sustainable Strategy",May 2021,Present,0,,The Boston Consulting Group (BCG),Associate,Associate,Sep 2018,Sep 2020,1.0,BCG,The Boston Consulting Group (BCG),Summer Associate,Summer Associate,Jun 2017,Aug 2017,1.0,BCG,Pearl Energy Investments,Intern,Intern,Jun 2016,Aug 2017,0.0,,Patio Volantín,Assistant Coordinator,Assistant Coordinator,Jul 2015,Aug 2015,0.0,,Luminant,Intern,Intern,Jul 2014,Aug 2014,0.0,,National Institutes of Health,Intern,Intern,Jul 2013,Aug 2013,0.0,,,,,,,,,,,,,,,,,,,,,,,,,,,,,,,,,,,,,,,,,,,,,,,,,,,,,,,,,,,,,,,,,,,,,,,,,,,,,,,,,,,,,,,,,,,,,,,,,,,,,,,,,,,,,,,,,,,,,,,,,,,,,,,,,,,,,,,,,,,,,,,,,,,,,,,,,,,,,,,,,,,,,,,,,,,,,,,,
person-0511,Chicago,,Abridge,,,,,,,,,,,,,University of Notre Dame,,,1,Bain,Bain & Company,Bain,Bain & Company,2015,2018,"Tempus Labs, Inc.",Operations Manager,Tempus AI,Tempus AI,"Senior Director, Data & AI Strategy; Director of Product Management; Director of Operations; Senior Operations Manager",Feb 2020,Oct 2025,0,,"Tempus Labs, Inc.",Operations Manager,Operations Manager,2018,2020,0.0,,Bain & Company,Bain & Company,Senior Associate Consultant; Associate Consultant,2015,2018,1.0,Bain,Bain & Company,Associate Consultant Intern,Associate Consultant Intern,2014,2014,1.0,Bain,Origami Capital,Summer Analyst,Summer Analyst,2013,2013,0.0,,,,,,,,,,,,,,,,,,,,,,,,,,,,,,,,,,,,,,,,,,,,,,,,,,,,,,,,,,,,,,,,,,,,,,,,,,,,,,,,,,,,,,,,,,,,,,,,,,,,,,,,,,,,,,,,,,,,,,,,,,,,,,,,,,,,,,,,,,,,,,,,,,,,,,,,,,,,,,,,,,,,,,,,,,,,,,,,,,,,,,,,,,,,,,
person-0512,,Data Science at Google,Google,,,,,,,,,,,,,University of Minnesota,,,1,McKinsey,McKinsey & Company,McKinsey,McKinsey & Company,Sep 2022,Jan 2025,Google,Senior Data Scientist,Google,Senior Data Scientist,Senior Data Scientist,Jan 2025,Present,0,,McKinsey & Company,McKinsey & Company,Data Science Lead; Data Science Consultant,Sep 2022,Jan 2025,1.0,McKinsey,Carlson Analytics Lab,Engagement Manager,Engagement Manager,May 2022,Aug 2022,0.0,,Credit Suisse,Quantitative Research,Quantitative Research,Jul 2018,May 2021,0.0,,Credit Suisse,Quantitative Research Intern,Quantitative Research Intern,Jul 2017,Dec 2017,0.0,,"Central Leather Research Institute, Council of Scientific and Industrial Research",Intern - Industrial Research,Intern - Industrial Research,Jun 2016,Jul 2016,0.0,,,,,,,,,,,,,,,,,,,,,,,,,,,,,,,,,,,,,,,,,,,,,,,,,,,,,,,,,,,,,,,,,,,,,,,,,,,,,,,,,,,,,,,,,,,,,,,,,,,,,,,,,,,,,,,,,,,,,,,,,,,,,,,,,,,,,,,,,,,,,,,,,,,,,,,,,,,,,,,,,,,,,,,,,,,,,,,,,,,,,,,
person-0513,Louisville,"Chief Business Officer, TenZero Biosciences",TenZero Biosciences,,,,,,,,,,,,,Yale University,1985.0,1981.0,1,BCG,The Boston Consulting Group (New York),BCG,Associate,1987,1989,Empire Blue Cross and Blue Shield,Internal Consultant,TenZero Biosciences,Chief Business Officer,Chief Business Officer,Mar 2021,Present,0,,Vigesco LLC,Principal,Principal,Nov 2017,Present,0.0,,"Biodesix, Inc.","Biodesix, Inc.","Senior Director, Strategic Business Development; Senior Director, Strategic Marketing",Apr 2015,Nov 2017,0.0,,BioFuel Energy Corp / Sage Bioproducts,"Vice President, Strategy and Business Development","Vice President, Strategy and Business Development",Sep 2011,Apr 2015,0.0,,Medtronic / Covidien - Respiratory and Monitoring Solutions,Medtronic / Covidien - Respiratory and Monitoring Solutions,"Director, Market Intelligence & Decision Analysis; Director, Strategic Alliances",2007,2011,0.0,,"Renewable Agricultural Energy, Inc.",Co-Founder & VP of Strategic Planning,Co-Founder & VP of Strategic Planning,2006,2007,0.0,,SomaLogic,Senior Director of Corporate Development & Strategic Planning,Senior Director of Corporate Development & Strategic Planning,2004,2006,0.0,,Life Sciences and Biotechnology Focus,Independent Consultant,Independent Consultant,2002,2003,0.0,,SomaLogic,Senior Director of Strategic Planning,Senior Director of Strategic Planning,2000,2002,0.0,,Life Sciences and Biotechnology Focus,Independent Consultant,Independent Consultant,1999,2000,0.0,,NeXstar Pharmaceuticals,Senior Director of Business Development,Senior Director of Business Development,1998,1999,0.0,,Big Stone Partners,Associate,Associate,1995,1998,0.0,,Piper Jaffray,Associate - Equities Research,Associate - Equities Research,1994,1995,0.0,,Empire Blue Cross and Blue Shield,Internal Consultant,Internal Consultant,1990,1992,0.0,,The Boston Consulting Group (New York),Associate,Associate,1987,1989,1.0,BCG,,,,,,,,,,,,,,,,,,,,,,,,,,,,,,,,,,,,,,,,,,,,,,,,,,,,,,,,,,,,,,,,,,,,,,,,,,,,,,,,,,,,,,,,,,,,,,,,,,,,,,,,,,,,,,,,,,,,,,,
person-0514,Pittsburgh,,Schneider Downs,,,,,,,,,,,,,Bryant University,2013.0,2009.0,1,Bain,Bain & Company,Bain,Bain & Company,Jul 2013,Dec 2021,"Loomis, Sayles & Company (via Signature Consultants)",Technical A/V Consultant,Schneider Downs,Technical Operations Manager,Technical Operations Manager,May 2023,Present,0,,"Loomis, Sayles & Company (via Signature Consultants)",Technical A/V Consultant,Technical A/V Consultant,Apr 2022,May 2023,0.0,,Bain & Company,Bain & Company,"Project Manager, End-User Engineering; Team Leader, TSG Support; Analyst, TSG Support; Coordinator, TSG Support; Associate, TSG Support",Jul 2013,Dec 2021,1.0,Bain,Bryant University,Bryant University,Help Desk Technician; System Administration Intern,May 2012,May 2013,0.0,,,,,,,,,,,,,,,,,,,,,,,,,,,,,,,,,,,,,,,,,,,,,,,,,,,,,,,,,,,,,,,,,,,,,,,,,,,,,,,,,,,,,,,,,,,,,,,,,,,,,,,,,,,,,,,,,,,,,,,,,,,,,,,,,,,,,,,,,,,,,,,,,,,,,,,,,,,,,,,,,,,,,,,,,,,,,,,,,,,,,,,,,,,,,,,,,,,,,
person-0515,,Incoming Consulting Analyst @ Accenture | Industrial & Systems Engineering Student @ University of Florida | TAMID Vice President @ Florida,TAMID at Florida,,,,,,,,,,,,,University of Florida,2026.0,2023.0,1,Bain,Bain & Company,Bain,BEL Participant,May 2024,May 2024,Engineers Without Borders USA,External Communications Team Member,Accenture,Accenture,Incoming Consulting Analyst; Consulting Summer Analyst,Jun 2025,Present,0,,TAMID at Florida,TAMID at Florida,Vice President; Project Manager; Director of Fellowship; Director of Fundraising; Consulting Strategy Analyst,Sep 2023,Present,0.0,,Engineers Without Borders USA,External Communications Team Member,External Communications Team Member,Sep 2023,Present,0.0,,Baker Hughes,Lean Manufacturing Intern,Lean Manufacturing Intern,May 2024,Aug 2024,0.0,,Bain & Company,BEL Participant,BEL Participant,May 2024,May 2024,1.0,Bain,Makana Therapeutics,Summer Intern,Summer Intern,Jun 2023,Jul 2023,0.0,,University of Wisconsin-Madison,Laboratory Research Assistant,Laboratory Research Assistant,Sep 2022,Feb 2023,0.0,,,,,,,,,,,,,,,,,,,,,,,,,,,,,,,,,,,,,,,,,,,,,,,,,,,,,,,,,,,,,,,,,,,,,,,,,,,,,,,,,,,,,,,,,,,,,,,,,,,,,,,,,,,,,,,,,,,,,,,,,,,,,,,,,,,,,,,,,,,,,,,,,,,,,,,,,,,,,,,,,,,,,,,,,,,,,,,,
person-0516,Charlotte,"Strategic Advisor & Operations Leader | Driving Enterprise Transformations and Executive Impact | Ex-McKinsey, Kellogg MBA",Toddler Escapades,Northwestern University - Kellogg School of Management,2018.0,2016.0,,,,,,,,,,,2010.0,2006.0,1,McKinsey,McKinsey & Company,McKinsey,McKinsey & Company,Aug 2018,May 2024,Toddler Escapades,Founder & Operator,Toddler Escapades,Founder & Operator,Founder & Operator,Mar 2025,Present,0,,McKinsey & Company,McKinsey & Company,Engagement Manager; Associate,Aug 2018,May 2024,1.0,McKinsey,Kellogg School of Management,MBA Candidate,MBA Candidate,Aug 2016,Jun 2018,0.0,,McKinsey & Company,Summer Associate,Summer Associate,Jun 2017,Aug 2017,1.0,McKinsey,"Skadden, Arps, Slate, Meagher & Flom LLP & Affiliates",Global Business Development Analyst,Global Business Development Analyst,Mar 2014,Jul 2016,0.0,,TV Asahi America,Media Analyst,Media Analyst,Jun 2010,Mar 2014,0.0,,Global Peace Initiative of Women,Intern,Intern,Jun 2009,Aug 2009,0.0,,,,,,,,,,,,,,,,,,,,,,,,,,,,,,,,,,,,,,,,,,,,,,,,,,,,,,,,,,,,,,,,,,,,,,,,,,,,,,,,,,,,,,,,,,,,,,,,,,,,,,,,,,,,,,,,,,,,,,,,,,,,,,,,,,,,,,,,,,,,,,,,,,,,,,,,,,,,,,,,,,,,,,,,,,,,,,,,
person-0517,,The Selfless Solution™: Design for Regenerative Growth™,Archdiocese of Chicago,,,,,,,,,,,,,,1989.0,1985.0,1,McKinsey,McKinsey & Company,McKinsey,Engagement Manager,1998,2002,AtomWorks,Founder and Executive Director,Archdiocese of Chicago,Archdiocese of Chicago,Senior Director of Operations; Consultant and Project Manager,Sep 2017,Present,0,,Ceragy Engines,Co-Founder,Co-Founder,Apr 2014,Present,0.0,,MG Fuels,Co-Founder,Co-Founder,Apr 2015,Present,0.0,,Shaping Strategies,Founder and Chief Strategy Officer,Founder and Chief Strategy Officer,Feb 2008,Present,0.0,,CogniTek Energy Development,Co-Founder and Chief Strategy Officer,Co-Founder and Chief Strategy Officer,Apr 2013,Present,0.0,,NLS Analytics,Co-Founder and CEO,Co-Founder and CEO,Jul 2013,Present,0.0,,SugarCube Systems,Co-Founder and CEO,Co-Founder and CEO,Mar 2013,Present,0.0,,NanoSonix Inc.,Co-Founder and CEO,Co-Founder and CEO,Mar 2008,Apr 2013,0.0,,NanoBusiness Alliance,Executive Director and Executive Chairman,Executive Director and Executive Chairman,Nov 2004,Sep 2009,0.0,,Kellogg School of Management Northwestern University,Adjunct Professor,Adjunct Professor,2004,2007,0.0,,AtomWorks,Founder and Executive Director,Founder and Executive Director,2002,2004,0.0,,McKinsey & Company,Engagement Manager,Engagement Manager,1998,2002,1.0,McKinsey,ZS Associates,Consultant/Manager,Consultant/Manager,1993,1996,0.0,,,,,,,,,,,,,,,,,,,,,,,,,,,,,,,,,,,,,,,,,,,,,,,,,,,,,,,,,,,,,,,,,,,,,,,,,,,,,,,,,,,,,,,,,,,,,,,,,,,,,,,,,,,,,,,,,,,,,,,,,,,,,,,,,,,,,,
person-0518,Boston,Nonantum Capital Partners,Nonantum Capital Partners,,,,,,,,,,,,,The Johns Hopkins University,2022.0,2018.0,1,BCG,Boston Consulting Group (BCG),BCG,Boston Consulting Group (BCG),2022,2025,Nonantum Capital Partners,Private Equity Associate,Nonantum Capital Partners,Private Equity Associate,Private Equity Associate,Jul 2025,Present,0,,Boston Consulting Group (BCG),Boston Consulting Group (BCG),Consultant; Associate,2022,2025,1.0,BCG,Goldman Sachs,Summer Analyst,Summer Analyst,2021,2021,0.0,,Elevance Health,Summer Analyst,Summer Analyst,2020,2020,0.0,,Gallagher,Summer Analyst,Summer Analyst,2019,2019,0.0,,,,,,,,,,,,,,,,,,,,,,,,,,,,,,,,,,,,,,,,,,,,,,,,,,,,,,,,,,,,,,,,,,,,,,,,,,,,,,,,,,,,,,,,,,,,,,,,,,,,,,,,,,,,,,,,,,,,,,,,,,,,,,,,,,,,,,,,,,,,,,,,,,,,,,,,,,,,,,,,,,,,,,,,,,,,,,,,,,,,,,,,,,,,,,
person-0519,Framingham,"Partner, Wayfinders Consulting by Fujitsu | Artificial intelligence, data science, and transformation leader working at the intersection of technology and operations",Wayfinders Consulting by Fujitsu,,,,,,,University of Pittsburgh,,,,,,University of Pittsburgh,,,1,McKinsey,McKinsey & Company,McKinsey,McKinsey & Company,Jun 2017,Mar 2024,Fujitsu,Partner,Wayfinders Consulting by Fujitsu,Partner,Partner,Oct 2024,Present,0,,Fujitsu,Partner,Partner,Oct 2024,Present,0.0,,McKinsey & Company,McKinsey & Company,Expert Associate Partner; Data Science Expert,Jun 2017,Mar 2024,1.0,McKinsey,"Network Science Center, BS&L, United States Military Academy",Minerva Fellow,Minerva Fellow,Mar 2012,Aug 2015,0.0,,"Strategic Studies Institute, U.S. Army War College",Visiting Researcher,Visiting Researcher,Oct 2010,Oct 2011,0.0,,Center for Computational Analysis of Social and Organizational Systems,Data Analyst,Data Analyst,Mar 2008,Jul 2009,0.0,,,,,,,,,,,,,,,,,,,,,,,,,,,,,,,,,,,,,,,,,,,,,,,,,,,,,,,,,,,,,,,,,,,,,,,,,,,,,,,,,,,,,,,,,,,,,,,,,,,,,,,,,,,,,,,,,,,,,,,,,,,,,,,,,,,,,,,,,,,,,,,,,,,,,,,,,,,,,,,,,,,,,,,,,,,,,,,,,,,,,,,
person-0520,Annapolis,Value Engineering @ Cribl | Ex-BCG | Marine Corps Veteran,Cribl,,,,University of Cambridge,,,,,,,,,United States Naval Academy,,,1,BCG,Boston Consulting Group (BCG),BCG,Boston Consulting Group (BCG),Oct 2021,Oct 2024,Cribl,"Lead Business Value Engineer, GM of Strategic Accounts",Cribl,"Lead Business Value Engineer, GM of Strategic Accounts","Lead Business Value Engineer, GM of Strategic Accounts",Oct 2024,Present,0,,Boston Consulting Group (BCG),Boston Consulting Group (BCG),Project Leader; Consultant,Oct 2021,Oct 2024,1.0,BCG,United States Naval Academy,Master Instructor,Master Instructor,Jun 2018,Sep 2021,0.0,,United States Marine Corps,United States Marine Corps,Current Operations Officer at I MEF Communication Strategy and Operations; Public Affairs Officer for Special Purpose MAGTF - Crisis Response - Central Command; Marine Officer,May 2014,May 2018,0.0,,,,,,,,,,,,,,,,,,,,,,,,,,,,,,,,,,,,,,,,,,,,,,,,,,,,,,,,,,,,,,,,,,,,,,,,,,,,,,,,,,,,,,,,,,,,,,,,,,,,,,,,,,,,,,,,,,,,,,,,,,,,,,,,,,,,,,,,,,,,,,,,,,,,,,,,,,,,,,,,,,,,,,,,,,,,,,,,,,,,,,,,,,,,,,,,,,,,,
person-0521,New York,"VP, Media @ VaynerMedia | ex-BCG",VaynerMedia,,,,,,,,,,,,,Middlebury College,2016.0,2012.0,1,BCG,Boston Consulting Group (BCG),BCG,Boston Consulting Group (BCG),Aug 2022,Oct 2025,BCG X,Senior Growth Architect,VaynerMedia,"Vice President, Media","Vice President, Media",Oct 2025,Present,0,,BCG X,BCG X,Lead Growth Architect; Senior Growth Architect,Aug 2022,Oct 2025,1.0,BCG,Boston Consulting Group (BCG),Boston Consulting Group (BCG),"Project Leader, Marketing; Consultant, Marketing",Aug 2022,Oct 2025,1.0,BCG,Media.Monks,Media.Monks,Associate Director | Marketing Transformations & In-Housing; Team Lead | Marketing Transformations & In-Housing,Aug 2021,Aug 2022,0.0,,MightyHive,"Team Lead, Marketing Transformations (now part of Media.Monks)","Team Lead, Marketing Transformations (now part of Media.Monks)",Dec 2020,Oct 2021,0.0,,VaynerMedia,VaynerMedia,"Associate Director, Paid Media; Manager, Paid Media; Senior Analyst, Paid Media; Analyst, Paid Media",Jul 2016,Dec 2020,0.0,,Middlebury,Office Assistant at Center for Careers and Interships,Office Assistant at Center for Careers and Interships,Aug 2014,May 2016,0.0,,Quietman,Production Intern,Production Intern,May 2015,Aug 2015,0.0,,Witnify,Remote Intern,Remote Intern,Jun 2014,Aug 2014,0.0,,,,,,,,,,,,,,,,,,,,,,,,,,,,,,,,,,,,,,,,,,,,,,,,,,,,,,,,,,,,,,,,,,,,,,,,,,,,,,,,,,,,,,,,,,,,,,,,,,,,,,,,,,,,,,,,,,,,,,,,,,,,,,,,,,,,,,,,,,,,,,,,,,,,,,,,,,,,,,,,,,
person-0522,Phoenix,Editorial Strategy & Operations,iResearch Services,,,,,,,,,,,,,Columbia University - School of International and Public Affairs,2017.0,2015.0,1,McKinsey,McKinsey & Company,McKinsey,McKinsey & Company,Feb 2018,May 2021,Leff,Editor,iResearch Services,Senior Editorial Strategy and Operations Lead,Senior Editorial Strategy and Operations Lead,Mar 2025,Present,0,,Springboard,Business Operations Manager,Business Operations Manager,Jun 2023,Mar 2025,0.0,,Leff,Leff,Senior Editor; Editor,May 2021,Jun 2023,0.0,,McKinsey & Company,McKinsey & Company,"Senior Analyst, Organization Practice; Analyst, Organization Practice",Feb 2018,May 2021,1.0,McKinsey,Columbia University in the City of New York,Graduate Teaching Assistant,Graduate Teaching Assistant,Aug 2016,May 2017,0.0,,Eurasia Group,"Intern, Office of the President/Communications","Intern, Office of the President/Communications",Jun 2016,Aug 2016,0.0,,Carnegie Council for Ethics in International Affairs,"Editorial Fellow, Ethics & International Affairs","Editorial Fellow, Ethics & International Affairs",Feb 2016,Aug 2016,0.0,,The Bari Lipp Foundation,Yongfeng Fellow,Yongfeng Fellow,Jun 2014,May 2015,0.0,,Arizona Department of Corrections,Education Intern,Education Intern,Jan 2013,May 2014,0.0,,,,,,,,,,,,,,,,,,,,,,,,,,,,,,,,,,,,,,,,,,,,,,,,,,,,,,,,,,,,,,,,,,,,,,,,,,,,,,,,,,,,,,,,,,,,,,,,,,,,,,,,,,,,,,,,,,,,,,,,,,,,,,,,,,,,,,,,,,,,,,,,,,,,,,,,,,,,,,,,,,
person-0523,Bethesda,"Senior Principal at ghSMART | Leadership advisor | Organizations and Talent | ex-McKinsey, OdgersBerndtson",ghSMART,,,,,,,,,,,,,,,,1,McKinsey,McKinsey & Company,McKinsey,McKinsey & Company,Sep 2016,Apr 2022,ghSMART,Senior Principal,ghSMART,Senior Principal,Senior Principal,Apr 2022,Present,0,,McKinsey & Company,McKinsey & Company,Associate Partner; Engagement Manager; Associate,Sep 2016,Apr 2022,1.0,McKinsey,"Haas School of Business, UC Berkeley",MBA Candidate,MBA Candidate,Aug 2014,May 2016,0.0,,Symantec,Innovation Intern,Innovation Intern,Jun 2015,Aug 2015,0.0,,Odgers Berndtson Russia,Partner,Partner,Jan 2014,Aug 2014,0.0,,Odgers Berndtson,Senior Consultant,Senior Consultant,Jan 2011,Dec 2013,0.0,,Ecopsy Consulting,HR Consultant,HR Consultant,Sep 2005,Jan 2011,0.0,,Kontakt Agency,Consultant,Consultant,Sep 2004,Sep 2005,0.0,,,,,,,,,,,,,,,,,,,,,,,,,,,,,,,,,,,,,,,,,,,,,,,,,,,,,,,,,,,,,,,,,,,,,,,,,,,,,,,,,,,,,,,,,,,,,,,,,,,,,,,,,,,,,,,,,,,,,,,,,,,,,,,,,,,,,,,,,,,,,,,,,,,,,,,,,,,,,,,,,,,,,,,,,
person-0524,Houston,Business Finance + Cognitive Sciences @ Rice University,Bank of America,,,,,,,,,,,,,Rice University,2023.0,2023.0,1,BCG,Boston Consulting Group (BCG),BCG,Boston Consulting Group (BCG),Apr 2025,May 2025,Rice New Energy Fund,Deputy Chief Operating Officer,Ticketmaster,Business Analyst Intern,Business Analyst Intern,Jun 2025,Present,0,,180 Degrees Consulting,180 Degrees Consulting,President; VP of External Affairs; Project Lead; Consultant,Sep 2023,Present,0.0,,Rice New Energy Fund,Rice New Energy Fund,Chief Operating Officer; Deputy Chief Operating Officer,Mar 2024,Present,0.0,,Boston Consulting Group (BCG),Boston Consulting Group (BCG),Bridge to Consulting; BCG Advance,Apr 2025,May 2025,1.0,BCG,Rice University,Data and Process Optimization Intern,Data and Process Optimization Intern,Sep 2024,Apr 2025,0.0,,Accenture,Extern,Extern,Mar 2025,Mar 2025,0.0,,Brown College at Rice University,Brown College at Rice University,Secretary; New Student Representative,Sep 2023,Mar 2025,0.0,,Bank of America,Campus to Careers Women's Forum Participant,Campus to Careers Women's Forum Participant,Jan 2025,Jan 2025,0.0,,CVS Health,Finance Extern,Finance Extern,Sep 2024,Oct 2024,0.0,,Plug Power,Project Management Intern,Project Management Intern,May 2024,Aug 2024,0.0,,BNY Mellon,Freshman Jumpstart Program,Freshman Jumpstart Program,May 2024,Aug 2024,0.0,,EY,Expedition EY,Expedition EY,Feb 2024,Aug 2024,0.0,,Federal Reserve Bank of Dallas,Business Systems Analyst Extern,Business Systems Analyst Extern,Mar 2024,Mar 2024,0.0,,Business Professionals of America,President,President,Aug 2021,May 2023,0.0,,She's the First,President,President,Sep 2019,May 2023,0.0,,,,,,,,,,,,,,,,,,,,,,,,,,,,,,,,,,,,,,,,,,,,,,,,,,,,,,,,,,,,,,,,,,,,,,,,,,,,,,,,,,,,,,,,,,,,,,,,,,,,,,,,,,,,,,,,,,,,,,,,
person-0525,,"Vice President, Fund Management at Jordan Park",Jordan Park Group,University of Massachusetts at Amherst - Isenberg School of Management,,,,,,,,,,,,Bentley University,,,1,Bain,Bain & Company,Bain,Fund Controller and Manager of Financial Reporting,Jun 2001,2010,John Hancock Funds,Fund Reporting Manager,Jordan Park Group,Jordan Park Group,"Vice President; Senior Associate, Fund Management; Associate, Fund Management",Nov 2020,Present,0,,Perspecta Trust,Partnership Administrator,Partnership Administrator,Aug 2015,Nov 2020,0.0,,The RiverStone Group,Investment Accounting Manager,Investment Accounting Manager,Mar 2013,Nov 2013,0.0,,John Hancock Funds,Fund Reporting Manager,Fund Reporting Manager,Jan 2011,Mar 2013,0.0,,Bain & Company,Fund Controller and Manager of Financial Reporting,Fund Controller and Manager of Financial Reporting,Jun 2001,2010,1.0,Bain,Digitas,Accounting Manager,Accounting Manager,Jul 2000,Apr 2001,0.0,,"Feeley & Driscoll, P.C.",Audit Manager,Audit Manager,Aug 1994,Jul 2000,0.0,,KPMG,Audit Staff,Audit Staff,Sep 1993,Apr 1994,0.0,,,,,,,,,,,,,,,,,,,,,,,,,,,,,,,,,,,,,,,,,,,,,,,,,,,,,,,,,,,,,,,,,,,,,,,,,,,,,,,,,,,,,,,,,,,,,,,,,,,,,,,,,,,,,,,,,,,,,,,,,,,,,,,,,,,,,,,,,,,,,,,,,,,,,,,,,,,,,,,,,,,,,,,,,
person-0526,Seattle,Applied Scientist | Amazon | Ex-BCG,Amazon,,,,,,,,,,,,,Northwestern University,2020.0,2015.0,1,BCG,Boston Consulting Group (BCG),BCG,Boston Consulting Group (BCG),Apr 2020,Jan 2024,Amazon,Applied Scientist,Amazon,Applied Scientist,Applied Scientist,Dec 2024,Present,0,,Boston Consulting Group (BCG),Boston Consulting Group (BCG),Project Leader; Consultant,Apr 2020,Jan 2024,1.0,BCG,Northwestern University,Research Assistant,Research Assistant,Sep 2015,Mar 2020,0.0,,,,,,,,,,,,,,,,,,,,,,,,,,,,,,,,,,,,,,,,,,,,,,,,,,,,,,,,,,,,,,,,,,,,,,,,,,,,,,,,,,,,,,,,,,,,,,,,,,,,,,,,,,,,,,,,,,,,,,,,,,,,,,,,,,,,,,,,,,,,,,,,,,,,,,,,,,,,,,,,,,,,,,,,,,,,,,,,,,,,,,,,,,,,,,,,,,,,,,,,,,,,
person-0527,,Sr. Supply Chain Consultant | Supply Chain Planning | SAP | IBP | S&OP | Inventory Optimization | Order Based Planning | Data Analytics,"CoorsTek, Inc.",,,,,,,,,,,,,University of Illinois Urbana-Champaign,2015.0,2011.0,1,McKinsey,McKinsey & Company,McKinsey,Senior Supply Chain Consultant,Oct 2022,Jan 2025,"CoorsTek, Inc.",Senior IBP Business Analyst,"CoorsTek, Inc.",Senior IBP Business Analyst,Senior IBP Business Analyst,Feb 2025,Present,0,,McKinsey & Company,Senior Supply Chain Consultant,Senior Supply Chain Consultant,Oct 2022,Jan 2025,1.0,McKinsey,SCM Connections,SCM Connections,Sr. Supply Chain Analyst; Supply Chain Consultant; Supply Chain Analyst,Jun 2019,Oct 2022,0.0,,Amazon,Area Manager,Area Manager,Jun 2015,Jun 2019,0.0,,University of Illinois Urbana-Champaign,Intramural Supervisor,Intramural Supervisor,Jan 2015,May 2015,0.0,,,,,,,,,,,,,,,,,,,,,,,,,,,,,,,,,,,,,,,,,,,,,,,,,,,,,,,,,,,,,,,,,,,,,,,,,,,,,,,,,,,,,,,,,,,,,,,,,,,,,,,,,,,,,,,,,,,,,,,,,,,,,,,,,,,,,,,,,,,,,,,,,,,,,,,,,,,,,,,,,,,,,,,,,,,,,,,,,,,,,,,,,,,,,,
person-0528,Boston,Immunology Analytics at Sobi,Sobi - North America,,,,,,,,,,,,,Cornell University,2018.0,2014.0,1,McKinsey,McKinsey & Company,McKinsey,Sr. Analyst,May 2022,Jun 2025,Sobi - North America,"Senior Manager, Immunology Analytics",Sobi - North America,"Senior Manager, Immunology Analytics","Senior Manager, Immunology Analytics",Jun 2025,Present,0,,McKinsey & Company,Sr. Analyst,Sr. Analyst,May 2022,Jun 2025,1.0,McKinsey,Hemanext,Hemanext,Medical Information Specialist; Research Associate,Jun 2018,May 2022,0.0,,,,,,,,,,,,,,,,,,,,,,,,,,,,,,,,,,,,,,,,,,,,,,,,,,,,,,,,,,,,,,,,,,,,,,,,,,,,,,,,,,,,,,,,,,,,,,,,,,,,,,,,,,,,,,,,,,,,,,,,,,,,,,,,,,,,,,,,,,,,,,,,,,,,,,,,,,,,,,,,,,,,,,,,,,,,,,,,,,,,,,,,,,,,,,,,,,,,,,,,,,,,
person-0529,Houston,Corporate Development at Fervo Energy | Ex-Bain,Fervo Energy,,,,,,,,,,,,,Davidson College,2022.0,2018.0,1,Bain,Bain & Company,Bain,Bain & Company,Aug 2022,Aug 2025,Fervo Energy,Corporate Development Associate,Fervo Energy,Corporate Development Associate,Corporate Development Associate,Sep 2025,Present,0,,Bain & Company,Bain & Company,Senior Associate Consultant; Associate Consultant,Aug 2022,Aug 2025,1.0,Bain,Davidson College,Davidson College,Writing Center Tutor; Gig-Hub Consultant,Jan 2020,May 2022,0.0,,YMCA Camp Sea Gull,Head Counselor,Head Counselor,May 2021,Aug 2021,0.0,,,,,,,,,,,,,,,,,,,,,,,,,,,,,,,,,,,,,,,,,,,,,,,,,,,,,,,,,,,,,,,,,,,,,,,,,,,,,,,,,,,,,,,,,,,,,,,,,,,,,,,,,,,,,,,,,,,,,,,,,,,,,,,,,,,,,,,,,,,,,,,,,,,,,,,,,,,,,,,,,,,,,,,,,,,,,,,,,,,,,,,,,,,,,,,,,,,,,
person-0530,Roswell,Change Management & Communications Practitioner,Hiscox,,,,,,,,,,,,,Georgia College,2013.0,2009.0,1,BCG,Boston Consulting Group (BCG),BCG,Boston Consulting Group (BCG),Nov 2018,Sep 2022,Yara North America,Change Management & Communications Lead,Hiscox,Change Management Practitioner,Change Management Practitioner,Apr 2025,Present,0,,Yara North America,Change Management & Communications Lead,Change Management & Communications Lead,Apr 2022,Feb 2025,0.0,,Boston Consulting Group (BCG),Boston Consulting Group (BCG),Change & Communications Senior Specialist; Change & Communications Specialist; Operational Innovation Analyst - Change Communications,Nov 2018,Sep 2022,1.0,BCG,Delta Air Lines,Communications Specialist,Communications Specialist,Mar 2017,Oct 2018,0.0,,The CurrentHub,Features Writer,Features Writer,Jul 2013,Nov 2016,0.0,,Roswell Inc,Communication and Administration Coordinator,Communication and Administration Coordinator,May 2013,Oct 2015,0.0,,,,,,,,,,,,,,,,,,,,,,,,,,,,,,,,,,,,,,,,,,,,,,,,,,,,,,,,,,,,,,,,,,,,,,,,,,,,,,,,,,,,,,,,,,,,,,,,,,,,,,,,,,,,,,,,,,,,,,,,,,,,,,,,,,,,,,,,,,,,,,,,,,,,,,,,,,,,,,,,,,,,,,,,,,,,,,,,,,,,,,,
person-0531,Houston,Career Advocate at Lensa,Lensa,,,,,,,,,,,,,The University of Texas at San Antonio,,,1,Bain,Bain & Company,Bain,Business Development Manager,Jan 2014,Oct 2015,Lensa,Senior Business Development Manager,Lensa,Lensa,Career Advocate; Senior Business Development Manager,Dec 2015,Present,0,,Bain & Company,Business Development Manager,Business Development Manager,Jan 2014,Oct 2015,1.0,Bain,Deloitte,Deloitte,Senior Business Consultant; Business Consultant,Dec 2007,Dec 2013,0.0,,PwC,Junior Business Advisor,Junior Business Advisor,Aug 2006,Dec 2007,0.0,,,,,,,,,,,,,,,,,,,,,,,,,,,,,,,,,,,,,,,,,,,,,,,,,,,,,,,,,,,,,,,,,,,,,,,,,,,,,,,,,,,,,,,,,,,,,,,,,,,,,,,,,,,,,,,,,,,,,,,,,,,,,,,,,,,,,,,,,,,,,,,,,,,,,,,,,,,,,,,,,,,,,,,,,,,,,,,,,,,,,,,,,,,,,,,,,,,,,
person-0532,,APC Coordinator at AdventHealth Corporate,AdventHealth Corporate,,,,,,,,,,,,,Lincoln Christian University,1987.0,1985.0,1,McKinsey,McKinsey & Company,McKinsey,Executive Assistant,Aug 2008,Jun 2014,AdventHealth,Coder Analyst 2,AdventHealth Corporate,AdventHealth Corporate,APC Coordinator; Coder Analyst 2 Corporate,Mar 2024,Present,0,,AdventHealth,Coder Analyst 2,Coder Analyst 2,Mar 2020,Apr 2024,0.0,,Florida Hospital Tampa,Florida Hospital Tampa,Coder Analyst; Senior administrative assistant; Administrative Assistant,Jul 2014,Mar 2020,0.0,,McKinsey & Company,Executive Assistant,Executive Assistant,Aug 2008,Jun 2014,1.0,McKinsey,Chicago Sun-Times,Administrative Assistant,Administrative Assistant,May 1989,Sep 1994,0.0,,,,,,,,,,,,,,,,,,,,,,,,,,,,,,,,,,,,,,,,,,,,,,,,,,,,,,,,,,,,,,,,,,,,,,,,,,,,,,,,,,,,,,,,,,,,,,,,,,,,,,,,,,,,,,,,,,,,,,,,,,,,,,,,,,,,,,,,,,,,,,,,,,,,,,,,,,,,,,,,,,,,,,,,,,,,,,,,,,,,,,,,,,,,,,
person-0533,Cerritos,"Go-to-Market & Program Strategy | Media + Entertainment | Creator Economy | Partnerships | Project Management | USC MBA | ex - Google, BCG",Los Angeles County District Attorney's Office,,,,,,,,,,,,,Southwestern Law School,2027.0,2023.0,1,BCG,Boston Consulting Group (BCG),BCG,Boston Consulting Group (BCG),May 2018,Sep 2024,Google,Go-To-Market Strategy & Business Development – YouTube - Large Customer Sales,Los Angeles County District Attorney's Office,Summer Law Clerk,Summer Law Clerk,Jun 2025,Aug 2025,0,,Google,Go-To-Market Strategy & Business Development – YouTube - Large Customer Sales,Go-To-Market Strategy & Business Development – YouTube - Large Customer Sales,Aug 2024,May 2025,0.0,,Boston Consulting Group (BCG),Boston Consulting Group (BCG),Sr. Solution Analyst – Org Design & Data Strategy (OrgBuilder); Sr. Solution Analyst – Transformation & Project Management (Key by BCG); Solution Analyst - X Delivery: Transformation & Project Management Specialist (Key by BCG),May 2018,Sep 2024,1.0,BCG,Injoi Consulting Management & Merchandise,Founder & Principal Consultant | Injoi Consulting,Founder & Principal Consultant | Injoi Consulting,Sep 2021,Sep 2024,0.0,,Slash Management,Partnerships and Business Development Intern,Partnerships and Business Development Intern,Aug 2021,Dec 2021,0.0,,United Talent Agency,Extern,Extern,Sep 2021,Oct 2021,0.0,,HBOMax,HBO Max Program Management MBA Intern,HBO Max Program Management MBA Intern,Jun 2021,Aug 2021,0.0,,Endeavor,Endeavor Excellence Program (Particpant),Endeavor Excellence Program (Particpant),Jun 2021,Aug 2021,0.0,,Accenture,Management Consulting Sr. Analyst / Process Architect,Management Consulting Sr. Analyst / Process Architect,Jun 2016,Jun 2018,0.0,,Goldman Sachs,Summer Analyst,Summer Analyst,May 2015,Aug 2015,0.0,,Chrysler Group LLC,Mopar International Inventory Management Intern,Mopar International Inventory Management Intern,May 2014,Aug 2014,0.0,,Plante Moran,Summer Intern,Summer Intern,Jun 2013,Jul 2013,0.0,,,,,,,,,,,,,,,,,,,,,,,,,,,,,,,,,,,,,,,,,,,,,,,,,,,,,,,,,,,,,,,,,,,,,,,,,,,,,,,,,,,,,,,,,,,,,,,,,,,,,,,,,,,,,,,,,,,,,,,,,,,,,,,,,,,,,,,,,,,,,
person-0534,,Partnerships at Pure Storage,Pure Storage,The University of Chicago Booth School of Business,2018.0,2016.0,,,,,,,,,,,2011.0,2011.0,1,McKinsey,McKinsey & Company,McKinsey,McKinsey & Company,Aug 2018,Jan 2025,Pure Storage,"Director, Global Partner Strategy & Programs",Pure Storage,"Director, Global Partner Strategy & Programs","Director, Global Partner Strategy & Programs",Jan 2025,Present,0,,McKinsey & Company,McKinsey & Company,Engagement Manager; Associate,Aug 2018,Jan 2025,1.0,McKinsey,Roland Berger,Pre-MBA Intern,Pre-MBA Intern,Jun 2016,Aug 2016,0.0,,Mu Sigma Inc.,Mu Sigma Inc.,Associate Manager; Senior Business Analyst; Business Analyst,Jun 2012,May 2016,0.0,,Bridge to India Pvt. Ltd.,Research Analyst,Research Analyst,Jan 2012,May 2012,0.0,,Vellore Institute Of Technology,Intern - CO2 Research & Green Technologies Centre,Intern - CO2 Research & Green Technologies Centre,Jan 2011,May 2011,0.0,,Defence Research and Development Organisation,Trainee - Electronics & Radar Development Establishment,Trainee - Electronics & Radar Development Establishment,Jun 2010,Jul 2010,0.0,,The Freedom Foundation,Intern,Intern,May 2009,Jul 2009,0.0,,,,,,,,,,,,,,,,,,,,,,,,,,,,,,,,,,,,,,,,,,,,,,,,,,,,,,,,,,,,,,,,,,,,,,,,,,,,,,,,,,,,,,,,,,,,,,,,,,,,,,,,,,,,,,,,,,,,,,,,,,,,,,,,,,,,,,,,,,,,,,,,,,,,,,,,,,,,,,,,,,,,,,,,,
person-0535,New York,"Strategy Associate at J.P. Morgan, McKinsey alum",J.P. Morgan,,,,,,,,,,,,,Northwestern University,2022.0,2018.0,1,McKinsey,McKinsey & Company,McKinsey,McKinsey & Company,Aug 2022,Jul 2025,J.P. Morgan,Strategy Associate,J.P. Morgan,Strategy Associate,Strategy Associate,Jul 2025,Present,0,,McKinsey & Company,McKinsey & Company,Senior Research Science Analyst; Solution Analyst,Aug 2022,Jul 2025,1.0,McKinsey,Northwestern University - Kellogg School of Management,Research Assistant,Research Assistant,Apr 2022,Jul 2022,0.0,,Discover Financial Services,Data & Analytics Intern,Data & Analytics Intern,Jun 2021,Aug 2021,0.0,,,,,,,,,,,,,,,,,,,,,,,,,,,,,,,,,,,,,,,,,,,,,,,,,,,,,,,,,,,,,,,,,,,,,,,,,,,,,,,,,,,,,,,,,,,,,,,,,,,,,,,,,,,,,,,,,,,,,,,,,,,,,,,,,,,,,,,,,,,,,,,,,,,,,,,,,,,,,,,,,,,,,,,,,,,,,,,,,,,,,,,,,,,,,,,,,,,,,
person-0536,New York,"VP, Strategy & Ops | Ex-Bain | Tuck MBA",A Place for Mom,The Tuck School of Business at Dartmouth,2018.0,2016.0,,,,,,,,,,,2013.0,2009.0,1,Bain,Bain & Company,Bain,Bain & Company,Oct 2013,Feb 2021,Angi,"Director, Category Management",A Place for Mom,"Vice President, Strategy & Operations","Vice President, Strategy & Operations",Mar 2025,Oct 2025,0,,Keychain,Data & Research Operations,Data & Research Operations,Apr 2024,Dec 2024,0.0,,Angi,Angi,"Senior Director, Growth & Category Management; Director, Category Management",Feb 2021,Apr 2024,0.0,,Bain & Company,Bain & Company,Manager; Consultant; Education LOA; Senior Associate Consultant; Associate Consultant,Oct 2013,Feb 2021,1.0,Bain,Tie Bar,Growth Strategy MBA Intern,Growth Strategy MBA Intern,Jun 2017,Aug 2017,0.0,,Vector Marketing,Vector Marketing,Branch Manager; Field Sales Manager,Jun 2010,Aug 2012,0.0,,CBRE,Private Capital Group Intern,Private Capital Group Intern,Jan 2012,May 2012,0.0,,,,,,,,,,,,,,,,,,,,,,,,,,,,,,,,,,,,,,,,,,,,,,,,,,,,,,,,,,,,,,,,,,,,,,,,,,,,,,,,,,,,,,,,,,,,,,,,,,,,,,,,,,,,,,,,,,,,,,,,,,,,,,,,,,,,,,,,,,,,,,,,,,,,,,,,,,,,,,,,,,,,,,,,,,,,,,,,
person-0537,San Francisco,AI Monetization Partnerships and GTM @ Meta | Ex-McKinsey,Meta,,,,,,,,,,,,,New Economic School,2017.0,2013.0,1,McKinsey,McKinsey & Company,McKinsey,McKinsey & Company,Aug 2018,Jul 2025,Meta,Lead @ AI Monetization Partnerships and GTM,Meta,Lead @ AI Monetization Partnerships and GTM,Lead @ AI Monetization Partnerships and GTM,Jul 2025,Present,0,,McKinsey & Company,McKinsey & Company,Senior Engagement Manager; Junior Engagement Manager/ Associate/ Senior Business Analyst/ Business Analyst,Aug 2018,Jul 2025,1.0,McKinsey,Eurasian Resources Group,Analyst,Analyst,Jul 2016,Aug 2018,0.0,,,,,,,,,,,,,,,,,,,,,,,,,,,,,,,,,,,,,,,,,,,,,,,,,,,,,,,,,,,,,,,,,,,,,,,,,,,,,,,,,,,,,,,,,,,,,,,,,,,,,,,,,,,,,,,,,,,,,,,,,,,,,,,,,,,,,,,,,,,,,,,,,,,,,,,,,,,,,,,,,,,,,,,,,,,,,,,,,,,,,,,,,,,,,,,,,,,,,,,,,,,,
person-0538,Burlington,Director Supply Chain Strategy at Staples,Staples,D'Amore-McKim School of Business at Northeastern University,2009.0,2007.0,,,,,,,,,,,2001.0,1997.0,1,Bain,Bain & Company,Bain,Global Knowledge Management Independent Contractor,May 2008,Mar 2010,Staples,Senior Analyst Logistics,Staples,Staples,Director Supply Chain Strategy; Senior Manager of Strategy; Manager of Strategy; Project Manager Logistics Strategy; Senior Analyst Logistics,May 2010,Present,0,,Bain & Company,Global Knowledge Management Independent Contractor,Global Knowledge Management Independent Contractor,May 2008,Mar 2010,1.0,Bain,Jasper White's Summer Shack,Sous Chef,Sous Chef,Feb 2002,Aug 2007,0.0,,,,,,,,,,,,,,,,,,,,,,,,,,,,,,,,,,,,,,,,,,,,,,,,,,,,,,,,,,,,,,,,,,,,,,,,,,,,,,,,,,,,,,,,,,,,,,,,,,,,,,,,,,,,,,,,,,,,,,,,,,,,,,,,,,,,,,,,,,,,,,,,,,,,,,,,,,,,,,,,,,,,,,,,,,,,,,,,,,,,,,,,,,,,,,,,,,,,,,,,,,,,
person-0539,St. Petersburg,Associate Director at UnitedHealthcare,UnitedHealthcare,,,,,,,,,,,,,University of Illinois at Urbana-Champaign,,,1,BCG,The Boston Consulting Group,BCG,Lead Knowledge Analyst,Aug 2016,Dec 2017,ShopRunner,Senior Analyst,UnitedHealthcare,UnitedHealthcare,Associate Director; Senior Data Analyst,Jan 2019,Present,0,,ShopRunner,Senior Analyst,Senior Analyst,Jan 2018,Nov 2018,0.0,,The Boston Consulting Group,Lead Knowledge Analyst,Lead Knowledge Analyst,Aug 2016,Dec 2017,1.0,BCG,"Blue Cross and Blue Shield of Illinois, Montana, New Mexico, Oklahoma & Texas",Analytics Consultant,Analytics Consultant,Apr 2014,Jul 2016,0.0,,Orbitz Worldwide,Revenue Management Analyst,Revenue Management Analyst,Jan 2013,Apr 2014,0.0,,Deloitte Consulting,Human Capital Consultant,Human Capital Consultant,Jul 2010,Jan 2013,0.0,,Bankers Life and Casualty,Actuarial Intern,Actuarial Intern,May 2009,Aug 2009,0.0,,,,,,,,,,,,,,,,,,,,,,,,,,,,,,,,,,,,,,,,,,,,,,,,,,,,,,,,,,,,,,,,,,,,,,,,,,,,,,,,,,,,,,,,,,,,,,,,,,,,,,,,,,,,,,,,,,,,,,,,,,,,,,,,,,,,,,,,,,,,,,,,,,,,,,,,,,,,,,,,,,,,,,,,,,,,,,,,
person-0540,Austin,Social Media Editor & Strategist at Dell Technologies,Dell Technologies,,,,,,,,,,,,,The University of Texas at Austin,2008.0,2003.0,1,Bain,Bain & Company,Bain,Associate Consultant,Oct 2008,Feb 2010,Next Level Austin,"Marketing and Growth Consultant, Assistant Designer, Business Manager",Dell Technologies,Dell Technologies,Social Media Editor; Communications & Creative Manager,Dec 2015,Present,0,,Jane Burson Art & Design,Artist/Owner,Artist/Owner,Jan 2000,Present,0.0,,Liaison Resources,Communications & Creative Manager,Communications & Creative Manager,Feb 2013,Dec 2015,0.0,,Next Level Austin,"Marketing and Growth Consultant, Assistant Designer, Business Manager","Marketing and Growth Consultant, Assistant Designer, Business Manager",Jul 2010,Sep 2012,0.0,,Bain & Company,Associate Consultant,Associate Consultant,Oct 2008,Feb 2010,1.0,Bain,L'Oréal,Full Time Intern,Full Time Intern,Jun 2006,Aug 2006,0.0,,,,,,,,,,,,,,,,,,,,,,,,,,,,,,,,,,,,,,,,,,,,,,,,,,,,,,,,,,,,,,,,,,,,,,,,,,,,,,,,,,,,,,,,,,,,,,,,,,,,,,,,,,,,,,,,,,,,,,,,,,,,,,,,,,,,,,,,,,,,,,,,,,,,,,,,,,,,,,,,,,,,,,,,,,,,,,,,,,,,,,,
person-0541,,Launch Operations @ Microsoft,Microsoft,,,,,,,,,,,,,UC Santa Barbara,2023.0,2020.0,1,BCG,Boston Consulting Group (BCG),BCG,Virtual Market Research Analyst,Jun 2021,Aug 2021,Pickup N' Park,External Operations and Finance Analyst,Microsoft,"Finance Manager, Launch Operations","Finance Manager, Launch Operations",Oct 2025,Present,0,,UCSB ALUMNI ASSOCIATION,Executive Board Member,Executive Board Member,Sep 2023,Present,0.0,,EY,EY,Business Risk Consultant; Senior Business Risk Consultant,Aug 2023,Oct 2025,0.0,,Women in Business at UC Santa Barbara,Head of Communications,Head of Communications,Sep 2022,Oct 2023,0.0,,"OLEAVICIN, LLC","OLEAVICIN, LLC",Head of Finance and Operations; Head of Finance and Operations,Sep 2022,Mar 2023,0.0,,Moss Adams,Internal Audit and Compliance Intern,Internal Audit and Compliance Intern,Jun 2022,Aug 2022,0.0,,BuildClinical,Marketing And Advertising Analyst,Marketing And Advertising Analyst,Nov 2021,Mar 2022,0.0,,Pickup N' Park,External Operations and Finance Analyst,External Operations and Finance Analyst,Jul 2021,Jan 2022,0.0,,Student Science Innovation Network,Associate Director of Operations and Research,Associate Director of Operations and Research,May 2020,Jan 2022,0.0,,Boston Consulting Group (BCG),Virtual Market Research Analyst,Virtual Market Research Analyst,Jun 2021,Aug 2021,1.0,BCG,Ronald Reagan Presidential Library Foundation and Institute,Ronald Reagan Alumni Scholar/Educator,Ronald Reagan Alumni Scholar/Educator,Jan 2017,Jul 2021,0.0,,Lenox Hill Hospital,Lenox Hill Neurosurgery Intern,Lenox Hill Neurosurgery Intern,Jul 2020,Sep 2020,0.0,,Adventist Health,Head Volunteer Program Manager,Head Volunteer Program Manager,Jan 2016,Jul 2020,0.0,,Roopa Rao Md Inc,Medical Assistant,Medical Assistant,Jan 2019,Jun 2019,0.0,,US Congress,Head Campaign Manager- Steve Knight,Head Campaign Manager- Steve Knight,Jan 2018,Aug 2018,0.0,,,,,,,,,,,,,,,,,,,,,,,,,,,,,,,,,,,,,,,,,,,,,,,,,,,,,,,,,,,,,,,,,,,,,,,,,,,,,,,,,,,,,,,,,,,,,,,,,,,,,,,,,,,,,,,,,,,,,,,,
person-0542,,Partner at Kalytera Procurement,Kalytera Procurement,,,,,,,,,,,,,Georgia Institute of Technology,2013.0,2009.0,1,McKinsey,McKinsey & Company,McKinsey,McKinsey & Company,Jan 2014,Present,Kalytera Procurement,Partner,Kalytera Procurement,Partner,Partner,Jan 2024,Present,0,,McKinsey & Company,McKinsey & Company,Associate Partner; Engagement Manager; Engagement Manager; Associate,Jan 2014,Present,1.0,McKinsey,"Tri Vantage, LLC",Intern-Project Management,Intern-Project Management,May 2011,May 2012,0.0,,CSM Bakery Supplies North America,Intern-Total Productive Maintenance (TPM) Program,Intern-Total Productive Maintenance (TPM) Program,Aug 2011,Dec 2011,0.0,,,,,,,,,,,,,,,,,,,,,,,,,,,,,,,,,,,,,,,,,,,,,,,,,,,,,,,,,,,,,,,,,,,,,,,,,,,,,,,,,,,,,,,,,,,,,,,,,,,,,,,,,,,,,,,,,,,,,,,,,,,,,,,,,,,,,,,,,,,,,,,,,,,,,,,,,,,,,,,,,,,,,,,,,,,,,,,,,,,,,,,,,,,,,,,,,,,,,
person-0543,,,Amazon,"Indian Institute of Management, Kozhikode",,,,,,,,,,,,Dhirubhai Ambani Institute of Information and Communication Technology,,,1,Bain,Bain & Company,Bain,Consultant,2022,2023,Amazon,Senior Product Manager,Amazon,Amazon,Senior Product Manager - Technical - Alexa+; Senior Product Manager,2023,Present,0,,Bain & Company,Consultant,Consultant,2022,2023,1.0,Bain,Monitor Deloitte,Monitor Deloitte,Senior Consultant - M&A Strategy; Consultant - M&A Strategy,2018,2022,0.0,,ZS Associates,Business Analyst,Business Analyst,2014,2016,0.0,,,,,,,,,,,,,,,,,,,,,,,,,,,,,,,,,,,,,,,,,,,,,,,,,,,,,,,,,,,,,,,,,,,,,,,,,,,,,,,,,,,,,,,,,,,,,,,,,,,,,,,,,,,,,,,,,,,,,,,,,,,,,,,,,,,,,,,,,,,,,,,,,,,,,,,,,,,,,,,,,,,,,,,,,,,,,,,,,,,,,,,,,,,,,,,,,,,,,
person-0544,Los Angeles,--,Aeon Holding LLC,"University of California, Berkeley, Haas School of Business",,,,,,,,,,,,Guangzhou College of South China University of Technology,,,1,BCG,Boston Consulting Group (BCG),BCG,Boston Consulting Group (BCG),Feb 2010,Apr 2017,Parkeli United Development Co,Founder,Aeon Holding LLC,Founder and President,Founder and President,Jun 2020,Present,0,,Parkeli United Development Co,Founder,Founder,Mar 2016,Present,0.0,,Boston Consulting Group (BCG),Boston Consulting Group (BCG),Project Leader; Consultant,Feb 2010,Apr 2017,1.0,BCG,"Samsung C&T, Engineering & Construction","Samsung C&T, Engineering & Construction",Assistant Regional Manager (GCC); Assistant Manager (Corporate Strategy),Apr 2008,Jan 2010,0.0,,,,,,,,,,,,,,,,,,,,,,,,,,,,,,,,,,,,,,,,,,,,,,,,,,,,,,,,,,,,,,,,,,,,,,,,,,,,,,,,,,,,,,,,,,,,,,,,,,,,,,,,,,,,,,,,,,,,,,,,,,,,,,,,,,,,,,,,,,,,,,,,,,,,,,,,,,,,,,,,,,,,,,,,,,,,,,,,,,,,,,,,,,,,,,,,,,,,,
person-0545,Philadelphia,Delivery Leader @ Delivery Associates,Delivery Associates,,,,,,,,,,,,,Harvard University,,,1,BCG,Boston Consulting Group (BCG),BCG,Junior Associate,Oct 2020,Mar 2021,INSEAD,Pre-doctoral Research Associate,Delivery Associates,Delivery Associates,"Delivery Leader; Deputy Chief of Staff, North America; Associate; Analyst",Oct 2022,Aug 2025,0,,Harvard Business School,Behavioral Insights Group Research Assistant,Behavioral Insights Group Research Assistant,Jan 2019,Aug 2022,0.0,,INSEAD,Pre-doctoral Research Associate,Pre-doctoral Research Associate,Nov 2020,Mar 2021,0.0,,Boston Consulting Group (BCG),Junior Associate,Junior Associate,Oct 2020,Mar 2021,1.0,BCG,Apolitical,Community and Partnerships Summer Intern,Community and Partnerships Summer Intern,May 2019,Aug 2019,0.0,,UWC Thailand,Resident Intern,Resident Intern,Aug 2016,Dec 2016,0.0,,,,,,,,,,,,,,,,,,,,,,,,,,,,,,,,,,,,,,,,,,,,,,,,,,,,,,,,,,,,,,,,,,,,,,,,,,,,,,,,,,,,,,,,,,,,,,,,,,,,,,,,,,,,,,,,,,,,,,,,,,,,,,,,,,,,,,,,,,,,,,,,,,,,,,,,,,,,,,,,,,,,,,,,,,,,,,,,,,,,,,,
person-0546,,Co-founder / CEO at Origin,Origin Therapy,Emory University - Goizueta Business School,,,,,,,,,,,,,,,1,Bain,Bain & Company,Bain,Bain & Company,Oct 2020,Jul 2022,Homegrown,Founding Team | Head of Operations,Origin Therapy,Co-founder / CEO,Co-founder / CEO,Sep 2024,Present,0,,Neighborhood Studios,Founding Team | Head of Research,Founding Team | Head of Research,Jul 2022,Sep 2024,0.0,,Swiftstay,Founding Team | Strategy & Ops,Founding Team | Strategy & Ops,May 2024,Aug 2024,0.0,,Homegrown,Founding Team | Head of Operations,Founding Team | Head of Operations,Jun 2023,Aug 2024,0.0,,Bain & Company,Bain & Company,Senior Associate Consultant; Associate Consultant,Oct 2020,Jul 2022,1.0,Bain,,,,,,,,,,,,,,,,,,,,,,,,,,,,,,,,,,,,,,,,,,,,,,,,,,,,,,,,,,,,,,,,,,,,,,,,,,,,,,,,,,,,,,,,,,,,,,,,,,,,,,,,,,,,,,,,,,,,,,,,,,,,,,,,,,,,,,,,,,,,,,,,,,,,,,,,,,,,,,,,,,,,,,,,,,,,,,,,,,,,,,,,,,,,,
person-0547,,"Licensed Social Worker, Social Responsibility Advocate",The Oak Group,,,,,,,,,,,,,University of Illinois at Chicago,2014.0,2013.0,1,BCG,Boston Consulting Group (BCG),BCG,Talent Acquisition Specialist,Oct 2021,Jul 2023,America Needs You,Director of Corporate Partnerships and Volunteer Engagement,The Oak Group,Midwest Sales Director,Midwest Sales Director,Nov 2022,Present,0,,America Needs You,Director of Corporate Partnerships and Volunteer Engagement,Director of Corporate Partnerships and Volunteer Engagement,Oct 2023,Jul 2025,0.0,,Boston Consulting Group (BCG),Talent Acquisition Specialist,Talent Acquisition Specialist,Oct 2021,Jul 2023,1.0,BCG,Best Buddies International,Best Buddies International,"Deputy Director, Jobs Program; Jobs Program Supervisor; Employment Consultant",Sep 2016,Oct 2021,0.0,,Alexian Brothers Center for Mental Health,Clinical Case Manager,Clinical Case Manager,Apr 2016,Sep 2016,0.0,,Up2Us,Program Manager,Program Manager,Jun 2014,Dec 2014,0.0,,Chicago Metropolitan Battered Women's Network,Field Placement/ UIC Masters Program,Field Placement/ UIC Masters Program,Aug 2013,May 2014,0.0,,Curt's Cafe (Cultivating Unique Restaurant Training),Cafe Manager,Cafe Manager,Jan 2013,Aug 2013,0.0,,Iroquois Nursing Home,Social Work Intern,Social Work Intern,Aug 2012,May 2013,0.0,,Alexian Brothers Center for Mental Health,Resource Employee,Resource Employee,2008,2009,0.0,,,,,,,,,,,,,,,,,,,,,,,,,,,,,,,,,,,,,,,,,,,,,,,,,,,,,,,,,,,,,,,,,,,,,,,,,,,,,,,,,,,,,,,,,,,,,,,,,,,,,,,,,,,,,,,,,,,,,,,,,,,,,,,,,,,,,,,,,,,,,,,,,,,,,,,,,,,
person-0548,New Orleans,"Data Driven and Impact Oriented | Leader, Storyteller, and Team Builder | SQL, dbt, Snowflake, Tableau, Looker, Sigma, AI | Management Experience in Analytics, Strategy, and Business Intelligence | Ex-McKinsey | MIT","Agero, Inc.",,,,,,,,,,,,,Massachusetts Institute of Technology,,,1,McKinsey,McKinsey & Company,McKinsey,Business Analyst,Aug 2015,Feb 2017,ConnectWise,Data Analyst,"Agero, Inc.",Analytics Manager Ops,Analytics Manager Ops,Jan 2024,Oct 2025,0,,Forward Financing,"Manager, Business Intelligence & Analytics","Manager, Business Intelligence & Analytics",Jun 2021,Aug 2023,0.0,,ConnectWise,ConnectWise,"Manager, Analytics; Sr. Data Analyst; Data Analyst",May 2017,Jun 2021,0.0,,McKinsey & Company,Business Analyst,Business Analyst,Aug 2015,Feb 2017,1.0,McKinsey,Cogo Labs,Analyst Intern,Analyst Intern,Jun 2014,Aug 2014,0.0,,"Communications Media Advisors, LLC",Analyst Intern,Analyst Intern,Jan 2014,Jan 2014,0.0,,Northeastern Economic Developers Association,Research Assistant,Research Assistant,Jun 2013,Aug 2013,0.0,,Lifetopia Corp.,Business Development Associate,Business Development Associate,Jan 2013,Feb 2013,0.0,,Updata Partners,Intern,Intern,Sep 2010,Jun 2011,0.0,,,,,,,,,,,,,,,,,,,,,,,,,,,,,,,,,,,,,,,,,,,,,,,,,,,,,,,,,,,,,,,,,,,,,,,,,,,,,,,,,,,,,,,,,,,,,,,,,,,,,,,,,,,,,,,,,,,,,,,,,,,,,,,,,,,,,,,,,,,,,,,,,,,,,,,,,,,,,,,,,,
person-0549,Washington,Student at Spelman College,Goldman Sachs,,,,,,,,,,,,,Spelman College,2026.0,2022.0,1,McKinsey,McKinsey & Company,McKinsey,April 2024 Mckinsey & Company Consultant League Participant,Mar 2024,Apr 2024,Planned Parenthood Federation of America,Chapter Treasurer,Goldman Sachs,Goldman Sachs,Incoming 2026 Analyst; 2025 Summer Analyst,Jun 2025,Present,0,,Planned Parenthood Federation of America,Planned Parenthood Federation of America,Chapter President; Chapter Treasurer,Jun 2023,Present,0.0,,Spelman College,Spelman College,Student; Judiciary Board Member; Chief Justice Intern,Oct 2022,Present,0.0,,Inclusiv,Financial Empowerment Intern,Financial Empowerment Intern,Jan 2025,May 2025,0.0,,TIAA,TIAA,2024 Goverment Relations Summer Intern; 2023 Marketing Research Summer Intern,Jun 2023,Aug 2024,0.0,,Campus Vote Project,Spelman College Democracy Fellow,Spelman College Democracy Fellow,Sep 2023,May 2024,0.0,,McKinsey & Company,April 2024 Mckinsey & Company Consultant League Participant,April 2024 Mckinsey & Company Consultant League Participant,Mar 2024,Apr 2024,1.0,McKinsey,Stacey Abrams for Governor,Community Mobilizer,Community Mobilizer,Sep 2022,Oct 2022,0.0,,Washington Government Relations Group Foundation,Law Firm Intern,Law Firm Intern,Jun 2022,Aug 2022,0.0,,"Jack and Jill of America, Inc.",Eastern Regional Teen Foundation Chair,Eastern Regional Teen Foundation Chair,May 2021,May 2022,0.0,,Fairfax County Government,Fairfax County Youth Ambassador,Fairfax County Youth Ambassador,Feb 2021,Dec 2021,0.0,,World Learning,United States Youth Ambassador,United States Youth Ambassador,Feb 2021,Dec 2021,0.0,,,,,,,,,,,,,,,,,,,,,,,,,,,,,,,,,,,,,,,,,,,,,,,,,,,,,,,,,,,,,,,,,,,,,,,,,,,,,,,,,,,,,,,,,,,,,,,,,,,,,,,,,,,,,,,,,,,,,,,,,,,,,,,,,,,,,,,,,,,,,
person-0550,,Associate at WilmerHale | YLS '22,WilmerHale,,,,,,,,,,,,,Yale Law School,2022.0,2019.0,1,BCG,Boston Consulting Group (BCG),BCG,Boston Consulting Group (BCG),Jul 2017,Jul 2019,United States Court of Appeals for the Fourth Circuit,Judicial Law Clerk,WilmerHale,Associate,Associate,Nov 2024,Present,0,,"U.S. District Court, District of Columbia",Judicial Law Clerk,Judicial Law Clerk,Aug 2023,Aug 2024,0.0,,United States Court of Appeals for the Fourth Circuit,Judicial Law Clerk,Judicial Law Clerk,Aug 2022,Aug 2023,0.0,,U.S. Department of Justice,Legal Intern,Legal Intern,Jul 2021,Dec 2021,0.0,,WilmerHale,Summer Associate,Summer Associate,May 2021,Jul 2021,0.0,,Yale Veterans Legal Services Clinic,Law Student Intern,Law Student Intern,Jan 2020,Jul 2021,0.0,,Human Rights First,Summer Intern,Summer Intern,May 2020,Aug 2020,0.0,,Boston Consulting Group (BCG),Boston Consulting Group (BCG),Consultant; Associate,Jul 2017,Jul 2019,1.0,BCG,The Boston Consulting Group,Summer Associate,Summer Associate,Jun 2016,Aug 2016,1.0,BCG,"Varanasi Lab, MIT",Undergraduate Research Assistant,Undergraduate Research Assistant,Sep 2015,Feb 2016,0.0,,Varsity Tutors,Academic Tutor,Academic Tutor,Jun 2014,Sep 2015,0.0,,Vistage,Business Intelligence Intern,Business Intelligence Intern,Jun 2014,Aug 2014,0.0,,,,,,,,,,,,,,,,,,,,,,,,,,,,,,,,,,,,,,,,,,,,,,,,,,,,,,,,,,,,,,,,,,,,,,,,,,,,,,,,,,,,,,,,,,,,,,,,,,,,,,,,,,,,,,,,,,,,,,,,,,,,,,,,,,,,,,,,,,,,,
person-0551,,Bringing together world-class universities and international schools with high-impact holiday programs for high school students,Pharos Education,,,,,,,,,,,,,Harvard Kennedy School,2022.0,2020.0,1,McKinsey,McKinsey & Company,McKinsey,Business Analyst,Dec 2017,Aug 2019,Fedesarrollo,Research Assistant,Pharos Education,Co-Founder and CEO,Co-Founder and CEO,May 2024,Present,0,,Appian Education Ventures,Appian Education Ventures,Principal; Associate,Jul 2020,Present,0.0,,Harvard University,Teaching Fellow,Teaching Fellow,Sep 2021,May 2022,0.0,,Harvard Kennedy School,Harvard Kennedy School,Course Assistant; Research Assistant,Mar 2021,Dec 2021,0.0,,"Ministerio de Vivienda, Ciudad y Territorio","Ministerio de Vivienda, Ciudad y Territorio",Consultant - Regional Integration Project Coordinator with CAF; Advisor to the Deputy Minister of Housing,Aug 2019,Sep 2020,0.0,,Fedesarrollo,Research Assistant,Research Assistant,May 2020,Jul 2020,0.0,,McKinsey & Company,Business Analyst,Business Analyst,Dec 2017,Aug 2019,1.0,McKinsey,Universidad de los Andes,Universidad de los Andes,Teaching Assistant; Research Assistant,Jun 2016,Dec 2017,0.0,,EConcept AEI,EConcept AEI,Junior Economist; Intern,Jan 2015,Dec 2015,0.0,,,,,,,,,,,,,,,,,,,,,,,,,,,,,,,,,,,,,,,,,,,,,,,,,,,,,,,,,,,,,,,,,,,,,,,,,,,,,,,,,,,,,,,,,,,,,,,,,,,,,,,,,,,,,,,,,,,,,,,,,,,,,,,,,,,,,,,,,,,,,,,,,,,,,,,,,,,,,,,,,,
person-0552,Pittsburgh,GTM Strategy @ Atlassian | Ex-McKinsey | Ex-Duolingo,Atlassian,Columbia University - Columbia Business School,2017.0,2015.0,,,,,,,,,,,2024.0,2024.0,1,McKinsey,McKinsey & Company,McKinsey,McKinsey & Company,2017,2021,Duolingo,"Strategy, Business Operations & Corporate Development Lead Manager",Atlassian,GTM Strategy,GTM Strategy,2024,Present,0,,Duolingo,"Strategy, Business Operations & Corporate Development Lead Manager","Strategy, Business Operations & Corporate Development Lead Manager",2021,2024,0.0,,McKinsey & Company,McKinsey & Company,Engagement Manager; Associate,2017,2021,1.0,McKinsey,Mesoamerica Investments,Mesoamerica Investments,Senior Analyst (Private Equity); Junior Analyst (Private Equity),2010,2015,0.0,,,,,,,,,,,,,,,,,,,,,,,,,,,,,,,,,,,,,,,,,,,,,,,,,,,,,,,,,,,,,,,,,,,,,,,,,,,,,,,,,,,,,,,,,,,,,,,,,,,,,,,,,,,,,,,,,,,,,,,,,,,,,,,,,,,,,,,,,,,,,,,,,,,,,,,,,,,,,,,,,,,,,,,,,,,,,,,,,,,,,,,,,,,,,,,,,,,,,
person-0553,Champaign,Robert C. Evans Endowed Professor of Business Administration and Associate Dean of Entrepreneurship at Gies College of Business - University of Illinois Urbana-Champaign,Gies College of Business - University of Illinois Urbana-Champaign,Stanford University Graduate School of Business,,,Stanford University,,,Stanford University,,,,,,Stanford University,,,1,McKinsey,McKinsey & Company,McKinsey,Associate Consultant,2001,2003,University of Texas at Austin,Assistant Professor of Management,Gies College of Business - University of Illinois Urbana-Champaign,Gies College of Business - University of Illinois Urbana-Champaign,Associate Dean of Entrepreneurship; Robert C. Evans Endowed Professor of Business Administration,Jun 2019,Present,0,,Strategic Entrepreneurship Journal,Strategic Entrepreneurship Journal,Consulting Editor; Co-Editor,Jan 2018,Present,0.0,,INQUIRE Initiative for Qualitative Research in Innovation and Entrepreneurship,Director,Director,Sep 2019,Present,0.0,,"University of Texas at Austin, McCombs School of Business",Associate Professor,Associate Professor,2010,Jun 2019,0.0,,Herb Kelleher Center for Entrepreneurship,Associate Director,Associate Director,2010,Dec 2014,0.0,,University of Texas at Austin,Assistant Professor of Management,Assistant Professor of Management,2003,2009,0.0,,McKinsey & Company,Associate Consultant,Associate Consultant,2001,2003,1.0,McKinsey,,,,,,,,,,,,,,,,,,,,,,,,,,,,,,,,,,,,,,,,,,,,,,,,,,,,,,,,,,,,,,,,,,,,,,,,,,,,,,,,,,,,,,,,,,,,,,,,,,,,,,,,,,,,,,,,,,,,,,,,,,,,,,,,,,,,,,,,,,,,,,,,,,,,,,,,,,,,,,,,,,,,,,,,,,,,,,,
person-0554,Covington,Management Consulting / Venture Capital,Accenture,,,,,,,,,,,,,University of Oxford,,,1,Bain,Bain & Company,Bain,Bain & Company,May 2010,Jun 2014,PwC,Management Consultant,Accenture,Partners,Partners,Oct 2019,Present,0,,PwC,PwC,Senior Management Consultant; Management Consultant,Oct 2014,Sep 2019,0.0,,Bain & Company,Bain & Company,Business Analyst; Interns,May 2010,Jun 2014,1.0,Bain,,,,,,,,,,,,,,,,,,,,,,,,,,,,,,,,,,,,,,,,,,,,,,,,,,,,,,,,,,,,,,,,,,,,,,,,,,,,,,,,,,,,,,,,,,,,,,,,,,,,,,,,,,,,,,,,,,,,,,,,,,,,,,,,,,,,,,,,,,,,,,,,,,,,,,,,,,,,,,,,,,,,,,,,,,,,,,,,,,,,,,,,,,,,,,,,,,,,,,,,,,,
person-0555,,"Director of Strategy & Planning, Emerging Markets",Freelance (Self employed),Harvard Business School,2009.0,2007.0,,,,,,,,,,,2004.0,2004.0,1,BCG,The Boston Consulting Group,BCG,Consultant,Sep 2009,Oct 2010,Trinity Health Partners,Senior Consultant / Program Consultant,Freelance (Self employed),Strategy & Finance,Strategy & Finance,Nov 2018,Present,0,,Blue Cross Blue Shield of Michigan,"Director of Strategy & Planning, Emerging Markets","Director of Strategy & Planning, Emerging Markets",Jun 2017,Sep 2018,0.0,,Trinity Health Partners,Trinity Health Partners,"Director of Strategy & Operations; Director, Payer Strategy & Product Development; Senior Consultant / Program Consultant",Nov 2010,Jun 2017,0.0,,The Boston Consulting Group,Consultant,Consultant,Sep 2009,Oct 2010,1.0,BCG,General Motors,"Intern, Global Manufacturing Strategy and Planning","Intern, Global Manufacturing Strategy and Planning",Jun 2008,Aug 2008,0.0,,Robert Bosch,Business Analyst,Business Analyst,Jan 2006,Jun 2007,0.0,,General Motors,Industrial Engineering Co-op Student,Industrial Engineering Co-op Student,Jun 2002,Sep 2005,0.0,,,,,,,,,,,,,,,,,,,,,,,,,,,,,,,,,,,,,,,,,,,,,,,,,,,,,,,,,,,,,,,,,,,,,,,,,,,,,,,,,,,,,,,,,,,,,,,,,,,,,,,,,,,,,,,,,,,,,,,,,,,,,,,,,,,,,,,,,,,,,,,,,,,,,,,,,,,,,,,,,,,,,,,,,,,,,,,,
person-0556,Minneapolis,Director of Strategy at Mortenson Construction,Mortenson,Northwestern University - Kellogg School of Management,2017.0,2015.0,,,,,,,,,,,2005.0,2001.0,1,McKinsey,McKinsey & Company,McKinsey,McKinsey & Company,Sep 2018,Jul 2021,Orion Group,Facilities Services CEO,Mortenson,Director of Strategy,Director of Strategy,Mar 2024,Present,0,,Orion Group,Facilities Services CEO,Facilities Services CEO,Aug 2021,Mar 2024,0.0,,McKinsey & Company,McKinsey & Company,Engagement Manager; Associate,Sep 2018,Jul 2021,1.0,McKinsey,Algorithmia,Business Development and Finance,Business Development and Finance,Jan 2018,Sep 2018,0.0,,McKinsey & Company,Summer Associate,Summer Associate,Jun 2016,Aug 2016,1.0,McKinsey,US Army,US Army,Brigade Intelligence Officer; Counter-IED officer; Battalion Intelligence Officer; Platoon Leader,Jun 2010,Jun 2015,0.0,,,,,,,,,,,,,,,,,,,,,,,,,,,,,,,,,,,,,,,,,,,,,,,,,,,,,,,,,,,,,,,,,,,,,,,,,,,,,,,,,,,,,,,,,,,,,,,,,,,,,,,,,,,,,,,,,,,,,,,,,,,,,,,,,,,,,,,,,,,,,,,,,,,,,,,,,,,,,,,,,,,,,,,,,,,,,,,,,,,,,,,
person-0557,New York,"Design leadership. User experience, research, and content strategy.",Nava,,,,,,,,,,,,,Northwestern University,2008.0,2004.0,1,BCG,The Boston Consulting Group (BCG),BCG,Senior User Experience,Sep 2018,Oct 2019,GameClub,Director Of User Experience,Digital Transformation Solutions,Director of Product,Director of Product,Aug 2025,Present,0,,18F,18F,Design Director; Director of Operations; Design Supervisor and Project Lead,Jun 2021,Mar 2025,0.0,,GameClub,Director Of User Experience,Director Of User Experience,Oct 2019,Jun 2021,0.0,,The Boston Consulting Group (BCG),Senior User Experience,Senior User Experience,Sep 2018,Oct 2019,1.0,BCG,Self,Freelance UX Consultant,Freelance UX Consultant,Sep 2017,Sep 2018,0.0,,Slalom Consulting,Slalom Consulting,Experience Design (XD) Architect; User Experience Consultant,Aug 2015,Sep 2017,0.0,,Lipman Hearne,Lipman Hearne,Digital Strategist; Digital Project Manager,Jun 2012,Jul 2015,0.0,,Manning Productions,Interactive Project Manager,Interactive Project Manager,Sep 2011,May 2012,0.0,,Cricket Moon Media,Producer/Interactive Writer,Producer/Interactive Writer,Aug 2008,Aug 2011,0.0,,,,,,,,,,,,,,,,,,,,,,,,,,,,,,,,,,,,,,,,,,,,,,,,,,,,,,,,,,,,,,,,,,,,,,,,,,,,,,,,,,,,,,,,,,,,,,,,,,,,,,,,,,,,,,,,,,,,,,,,,,,,,,,,,,,,,,,,,,,,,,,,,,,,,,,,,,,,,,,,,,
person-0558,Ann Arbor,Director of Strategy & New Business | Ex-BCG | Harvard MBA,DTE Vantage,Harvard Business School,2021.0,2019.0,,,,,,,,,,,2015.0,2010.0,1,BCG,Boston Consulting Group (BCG),BCG,Boston Consulting Group (BCG),Jul 2021,Jun 2025,DTE Vantage,"Director, Strategy & New Business Development",DTE Vantage,"Director, Strategy & New Business Development","Director, Strategy & New Business Development",Jun 2025,Present,0,,Boston Consulting Group (BCG),Boston Consulting Group (BCG),Project Leader; Consultant,Jul 2021,Jun 2025,1.0,BCG,Boston Consulting Group (BCG),Summer Consultant,Summer Consultant,Jun 2020,Aug 2020,1.0,BCG,Ford Motor Company,Ford Motor Company,Ford Performance - Vehicle Dynamics Engineer; Manufacturing Launch Engineering - Ford College Graduate Program; Product Development Engineer - Ford College Graduate Program,Jul 2016,Jul 2019,0.0,,University of Michigan,Graduate Student Instructor,Graduate Student Instructor,Sep 2015,Apr 2016,0.0,,Tesla Motors,Interior Development Intern,Interior Development Intern,May 2015,Aug 2015,0.0,,BMW M,Vehicle Integration Intern,Vehicle Integration Intern,May 2014,Dec 2014,0.0,,BMW Manufacturing,Vehicle Validation Co-Op,Vehicle Validation Co-Op,Jan 2012,Aug 2013,0.0,,Ford Motor Company,Fuel Efficiency/Performance & Feel Intern,Fuel Efficiency/Performance & Feel Intern,May 2012,Aug 2012,0.0,,Sunventrix LLC,Product Development Intern,Product Development Intern,May 2011,Dec 2011,0.0,,,,,,,,,,,,,,,,,,,,,,,,,,,,,,,,,,,,,,,,,,,,,,,,,,,,,,,,,,,,,,,,,,,,,,,,,,,,,,,,,,,,,,,,,,,,,,,,,,,,,,,,,,,,,,,,,,,,,,,,,,,,,,,,,,,,,,,,,,,,,,,,,,,,,,,,,,,
person-0559,Chicago,Gates Foundation | McKinsey & Company,Gates Foundation,University of Michigan - Stephen M. Ross School of Business,,,,,,,,,,,,University of Minnesota,,,1,McKinsey,McKinsey & Company,McKinsey,McKinsey & Company,Aug 2023,Sep 2025,Gates Foundation,Exemplars in Global Health Analyst,Gates Foundation,Exemplars in Global Health Analyst,Exemplars in Global Health Analyst,Sep 2025,Present,0,,McKinsey & Company,McKinsey & Company,Senior Business Analyst; Business Analyst,Aug 2023,Sep 2025,1.0,McKinsey,Scholars of Finance,Chapter Co-Founder and VP of Symposium,Chapter Co-Founder and VP of Symposium,Jun 2021,Sep 2022,0.0,,McKinsey & Company,Summer Business Analyst,Summer Business Analyst,2022,2022,1.0,McKinsey,University of Michigan College of Engineering,Multidisciplinary Design Program Team Lead,Multidisciplinary Design Program Team Lead,Jan 2021,Dec 2021,0.0,,Merck,Global Supplier Quality Management Analyst,Global Supplier Quality Management Analyst,2021,2021,0.0,,University of Minnesota,Applied Economics Researcher,Applied Economics Researcher,Sep 2018,Dec 2020,0.0,,Optum,Product and Operations Associate,Product and Operations Associate,2020,2020,0.0,,,,,,,,,,,,,,,,,,,,,,,,,,,,,,,,,,,,,,,,,,,,,,,,,,,,,,,,,,,,,,,,,,,,,,,,,,,,,,,,,,,,,,,,,,,,,,,,,,,,,,,,,,,,,,,,,,,,,,,,,,,,,,,,,,,,,,,,,,,,,,,,,,,,,,,,,,,,,,,,,,,,,,,,,
person-0560,San Francisco,"Michigan Ross MBA'25 (STEM) | Ex-Amazon, Bain, BCG | Product, Strategy & Data | AI • UX • Ops | Building Scalable, Human-Centered Solutions",MuggleTech,University of Michigan - Stephen M. Ross School of Business,2025.0,2023.0,,,,,,,,,,,2021.0,2019.0,1,"BCG, Bain",Boston Consulting Group (BCG),BCG,Boston Consulting Group (BCG),Mar 2017,Oct 2022,Bain & Company,Senior Associate (Project Leader),MuggleTech,Product | Strategy,Product | Strategy,Jul 2025,Present,0,,Angel One,Product Management Intern,Product Management Intern,Jun 2024,Aug 2024,0.0,,Amazon,MBA Consultant,MBA Consultant,Mar 2024,Apr 2024,0.0,,Bain & Company,Senior Associate (Project Leader),Senior Associate (Project Leader),Jan 2023,Jun 2023,1.0,Bain,Boston Consulting Group (BCG),Boston Consulting Group (BCG),"Senior Data Analyst, BCG Gamma; Senior Analyst, BCG Omnia; Analyst - Product Business",Mar 2017,Oct 2022,1.0,BCG,"Indian Institute of Management, Lucknow",Data Analytics Intern,Data Analytics Intern,Jun 2017,Jul 2017,0.0,,ZS Associates,Technology Analyst,Technology Analyst,Jun 2015,Mar 2017,0.0,,"Indraprastha Institute of Information Technology, Delhi",Student Staff,Student Staff,Feb 2015,Apr 2015,0.0,,India Innovation Inc,Technical Intern,Technical Intern,May 2014,Aug 2014,0.0,,Bag your Books,Market Research Intern,Market Research Intern,May 2012,Jul 2012,0.0,,,,,,,,,,,,,,,,,,,,,,,,,,,,,,,,,,,,,,,,,,,,,,,,,,,,,,,,,,,,,,,,,,,,,,,,,,,,,,,,,,,,,,,,,,,,,,,,,,,,,,,,,,,,,,,,,,,,,,,,,,,,,,,,,,,,,,,,,,,,,,,,,,,,,,,,,,,
person-0561,Austin,Growth and Pricing Leader | Dell Technologies | ex-McKinsey | Chicago Booth MBA,Dell Technologies,The University of Chicago Booth School of Business,2017.0,2015.0,,,,,,,,,,,2011.0,2007.0,1,McKinsey,McKinsey & Company,McKinsey,McKinsey & Company,Mar 2012,Jul 2015,McKinsey & Company,Associate,Dell Technologies,Vice President Strategy,Vice President Strategy,Feb 2025,Present,0,,McKinsey & Company,McKinsey & Company,Associate Partner; Engagement Manager; Associate,Jul 2017,Nov 2024,1.0,McKinsey,Dell EMC,Corporate Strategy Summer Intern,Corporate Strategy Summer Intern,Jul 2016,Sep 2016,0.0,,McKinsey & Company,McKinsey & Company,Senior Business Analyst (3rd year Business Analyst); Business Analyst,Mar 2012,Jul 2015,1.0,McKinsey,,,,,,,,,,,,,,,,,,,,,,,,,,,,,,,,,,,,,,,,,,,,,,,,,,,,,,,,,,,,,,,,,,,,,,,,,,,,,,,,,,,,,,,,,,,,,,,,,,,,,,,,,,,,,,,,,,,,,,,,,,,,,,,,,,,,,,,,,,,,,,,,,,,,,,,,,,,,,,,,,,,,,,,,,,,,,,,,,,,,,,,,,,,,,,,,,,,,
person-0562,,Corporate Strategy at Thermo Fisher Scientific | Bain Alum | WashU Olin MBA,Thermo Fisher Scientific,Washington University in St. Louis - Olin Business School,2020.0,2018.0,,,,,,,,,,,2015.0,2014.0,1,Bain,Bain & Company,Bain,Bain & Company,Aug 2020,Jan 2022,Ygrene Energy Fund,"Manager, Strategy & Analytics",Thermo Fisher Scientific,Thermo Fisher Scientific,"Sr. Manager, Corporate Strategy; Manager, Corporate Strategy",Dec 2022,Present,0,,Ygrene Energy Fund,"Manager, Strategy & Analytics","Manager, Strategy & Analytics",Feb 2022,Dec 2022,0.0,,Bain & Company,Bain & Company,Senior Associate Consultant; Associate Consultant,Aug 2020,Jan 2022,1.0,Bain,Bain & Company,Summer Associate,Summer Associate,May 2019,Aug 2019,1.0,Bain,Ponta Iluminação,Marketing and Business Development Associate,Marketing and Business Development Associate,Jan 2015,Jun 2018,0.0,,Siemens,Sales and Proposals Intern,Sales and Proposals Intern,Aug 2016,Aug 2017,0.0,,,,,,,,,,,,,,,,,,,,,,,,,,,,,,,,,,,,,,,,,,,,,,,,,,,,,,,,,,,,,,,,,,,,,,,,,,,,,,,,,,,,,,,,,,,,,,,,,,,,,,,,,,,,,,,,,,,,,,,,,,,,,,,,,,,,,,,,,,,,,,,,,,,,,,,,,,,,,,,,,,,,,,,,,,,,,,,,,,,,,,,
person-0563,,Healthcare AI | Ex-McKinsey,Qualified Health,,,,,,,,,,,,,Duke University,2014.0,2012.0,1,McKinsey,McKinsey & Company,McKinsey,McKinsey & Company,Apr 2018,Jun 2025,Qualified Health,Engagement Manager,Qualified Health,Engagement Manager,Engagement Manager,Jun 2025,Present,0,,McKinsey & Company,McKinsey & Company,Engagement Manager; Associate; Analytics Consultant,Apr 2018,Jun 2025,1.0,McKinsey,Sun Life Financial,Senior Data Scientist,Senior Data Scientist,Jun 2014,Apr 2018,0.0,,,,,,,,,,,,,,,,,,,,,,,,,,,,,,,,,,,,,,,,,,,,,,,,,,,,,,,,,,,,,,,,,,,,,,,,,,,,,,,,,,,,,,,,,,,,,,,,,,,,,,,,,,,,,,,,,,,,,,,,,,,,,,,,,,,,,,,,,,,,,,,,,,,,,,,,,,,,,,,,,,,,,,,,,,,,,,,,,,,,,,,,,,,,,,,,,,,,,,,,,,,,
person-0564,,Consultant and Writer,Independent,MIT Sloan School of Management,1982.0,1980.0,,,,,,,,,,,1977.0,1973.0,1,McKinsey,McKinsey & Company,McKinsey,McKinsey & Company,Jun 1981,Sep 1987,Independent,Strategy Consultant and Writer,Independent,Strategy Consultant and Writer,Strategy Consultant and Writer,Jan 2015,Present,0,,McKinsey & Company,McKinsey & Company,Engagement Manager; Associate,Jun 1981,Sep 1987,1.0,McKinsey,"Data Resources, Inc.",Research Economist,Research Economist,Jan 1978,Sep 1980,0.0,,,,,,,,,,,,,,,,,,,,,,,,,,,,,,,,,,,,,,,,,,,,,,,,,,,,,,,,,,,,,,,,,,,,,,,,,,,,,,,,,,,,,,,,,,,,,,,,,,,,,,,,,,,,,,,,,,,,,,,,,,,,,,,,,,,,,,,,,,,,,,,,,,,,,,,,,,,,,,,,,,,,,,,,,,,,,,,,,,,,,,,,,,,,,,,,,,,,,,,,,,,,
person-0565,New York,Akumin | Ex-BCG,Akumin®,NYU Stern School of Business,2020.0,2018.0,,,,,,,,,,,2013.0,2009.0,1,BCG,Boston Consulting Group (BCG),BCG,Boston Consulting Group (BCG),Oct 2020,Jun 2024,Akumin®,Director of People Strategy & Analytics,Akumin®,Director of People Strategy & Analytics,Director of People Strategy & Analytics,Jun 2024,Present,0,,Boston Consulting Group (BCG),Boston Consulting Group (BCG),Project Leader; Consultant,Oct 2020,Jun 2024,1.0,BCG,The Catalytic Impact Foundation,Impact Reporting Contract Work,Impact Reporting Contract Work,Apr 2020,Oct 2020,0.0,,NYU Stern School of Business,MBA Candidate,MBA Candidate,Aug 2018,May 2020,0.0,,Boston Consulting Group (BCG),Summer Consultant,Summer Consultant,Jun 2019,Aug 2019,1.0,BCG,FreeGulliver LLC,FreeGulliver LLC,Director of Alternative Investments; Equity Research Analyst/Client Reporting Manager; Operations and Client Services,Sep 2014,Aug 2018,0.0,,Sticky Foot Brewing Company,Founder/Operations Manager,Founder/Operations Manager,Apr 2016,Aug 2018,0.0,,Reginelli's Pizzeria,Assistant Manager,Assistant Manager,May 2014,Sep 2014,0.0,,Sea Turtle Sports,Social Media and Marketing Intern,Social Media and Marketing Intern,May 2014,Sep 2014,0.0,,,,,,,,,,,,,,,,,,,,,,,,,,,,,,,,,,,,,,,,,,,,,,,,,,,,,,,,,,,,,,,,,,,,,,,,,,,,,,,,,,,,,,,,,,,,,,,,,,,,,,,,,,,,,,,,,,,,,,,,,,,,,,,,,,,,,,,,,,,,,,,,,,,,,,,,,,,,,,,,,,
person-0566,San Francisco,VP at Oiselle | Former Bain,Oiselle,The Tuck School of Business at Dartmouth,,,,,,,,,,,,Brown University,,,1,Bain,Bain & Company,Bain,Consultant,Aug 2021,Aug 2023,Coldcart,Contracted: Operations and Finance Pricing Strategy and Economic Optimization,Oiselle,VP Operations and Finance,VP Operations and Finance,Oct 2023,Present,0,,Janji,VP Finance,VP Finance,Oct 2023,Mar 2025,0.0,,Coldcart,Contracted: Operations and Finance Pricing Strategy and Economic Optimization,Contracted: Operations and Finance Pricing Strategy and Economic Optimization,Aug 2023,Oct 2023,0.0,,Bain & Company,Consultant,Consultant,Aug 2021,Aug 2023,1.0,Bain,Patagonia,Summer Sustainability Associate: Patagonia/Worn Wear,Summer Sustainability Associate: Patagonia/Worn Wear,May 2020,Aug 2020,0.0,,"Red Tomato, Inc.","Red Tomato, Inc.",Supply Chain and Trade Manager; Supply Chain and Trade Associate,Jun 2014,Nov 2019,0.0,,,,,,,,,,,,,,,,,,,,,,,,,,,,,,,,,,,,,,,,,,,,,,,,,,,,,,,,,,,,,,,,,,,,,,,,,,,,,,,,,,,,,,,,,,,,,,,,,,,,,,,,,,,,,,,,,,,,,,,,,,,,,,,,,,,,,,,,,,,,,,,,,,,,,,,,,,,,,,,,,,,,,,,,,,,,,,,,,,,,,,,
person-0567,Houston,Sales Planning Manager at Gulf States Toyota | Ex-McKinsey,Gulf States Toyota,,,,,,,,,,,,,Rice University,2019.0,2015.0,1,McKinsey,McKinsey & Company,McKinsey,McKinsey & Company,Jul 2021,Mar 2024,Gulf States Toyota,"Manager, Business Strategy",Gulf States Toyota,Gulf States Toyota,"Sales Planning Manager; Manager, Vehicle Projects & Strategy; Manager, Business Strategy",Mar 2024,Present,0,,McKinsey & Company,McKinsey & Company,Senior Business Analyst; Business Analyst,Jul 2021,Mar 2024,1.0,McKinsey,Deloitte Consulting,Deloitte Consulting,Consultant; Business Analyst,Aug 2019,Jul 2021,0.0,,Deloitte Consulting,Business Analyst Summer Scholar,Business Analyst Summer Scholar,Jun 2018,Aug 2018,0.0,,Houston BCycle,Bike Share Operations and Planning Intern,Bike Share Operations and Planning Intern,May 2017,Jul 2017,0.0,,,,,,,,,,,,,,,,,,,,,,,,,,,,,,,,,,,,,,,,,,,,,,,,,,,,,,,,,,,,,,,,,,,,,,,,,,,,,,,,,,,,,,,,,,,,,,,,,,,,,,,,,,,,,,,,,,,,,,,,,,,,,,,,,,,,,,,,,,,,,,,,,,,,,,,,,,,,,,,,,,,,,,,,,,,,,,,,,,,,,,,,,,,,,,
person-0568,,"Mobility & Energy | Stanford, McKinsey, Harvard",APM Terminals,,,,,,,,,,,,,Stanford University,2026.0,2024.0,1,McKinsey,McKinsey & Company,McKinsey,McKinsey & Company,Sep 2021,Aug 2024,Shipday,Finance & GTM Consultant,APM Terminals,Operations Consultant,Operations Consultant,Aug 2025,Sep 2025,0,,Ports America,Operations Intern,Operations Intern,Jun 2025,Aug 2025,0.0,,Shipday,Finance & GTM Consultant,Finance & GTM Consultant,Jan 2025,Aug 2025,0.0,,McKinsey & Company,McKinsey & Company,Engagement Manager; Senior Business Analyst,Sep 2021,Aug 2024,1.0,McKinsey,McKinsey & Company,Summer Business Analyst,Summer Business Analyst,Jun 2020,Aug 2020,1.0,McKinsey,The Performance Based Building Coalition,Membership Director,Membership Director,May 2019,May 2020,0.0,,Salem Partners LLC,Investment Banking Summer Analyst,Investment Banking Summer Analyst,Jun 2019,Aug 2019,0.0,,Harvard University,Tour Guide,Tour Guide,Feb 2019,Jun 2019,0.0,,Salt & Straw,Ice Cream Scooper,Ice Cream Scooper,Jun 2018,Aug 2018,0.0,,"Association of Behavior Consultants, Inc.",Intern,Intern,Jun 2017,Aug 2017,0.0,,Petersen Automotive Museum,Intern,Intern,Jun 2016,Sep 2016,0.0,,,,,,,,,,,,,,,,,,,,,,,,,,,,,,,,,,,,,,,,,,,,,,,,,,,,,,,,,,,,,,,,,,,,,,,,,,,,,,,,,,,,,,,,,,,,,,,,,,,,,,,,,,,,,,,,,,,,,,,,,,,,,,,,,,,,,,,,,,,,,,,,,,,,
person-0569,Bedford,"Signarama - providing for all your signage needs from design thru fabrication and installation. No job is too big or too small, too near or too far. We help you grow your business.",Signarama-Danvers-MA,,,,,,,,,,,,,The Johns Hopkins University,2024.0,2021.0,1,BCG,Boston Consulting Group (BCG),BCG,Boston Consulting Group (BCG),May 2019,Feb 2024,Signarama-Danvers-MA,Owner and General Manager,Signarama-Danvers-MA,Owner and General Manager,Owner and General Manager,Feb 2024,Present,0,,Boston Consulting Group (BCG),Boston Consulting Group (BCG),Solution Lead - GAMMA; Lead Knowledge Analyst - Medical Devices; Data Scientist Secondee,May 2019,Feb 2024,1.0,BCG,Oridion Capnography Inc.,Product Manager,Product Manager,Sep 2010,Dec 2012,0.0,,"NeuroMetrix, Inc.",Product Manager,Product Manager,Jul 2009,Aug 2010,0.0,,Allen Medical,Project Manager,Project Manager,Mar 2006,Jul 2009,0.0,,"Allen Medical Systems, a Hill-Rom Company",Lead Engineer,Lead Engineer,Jan 2005,Mar 2006,0.0,,,,,,,,,,,,,,,,,,,,,,,,,,,,,,,,,,,,,,,,,,,,,,,,,,,,,,,,,,,,,,,,,,,,,,,,,,,,,,,,,,,,,,,,,,,,,,,,,,,,,,,,,,,,,,,,,,,,,,,,,,,,,,,,,,,,,,,,,,,,,,,,,,,,,,,,,,,,,,,,,,,,,,,,,,,,,,,,,,,,,,,
person-0570,New York,"CEO and President | Member, Board of Directors, Recursion; Former Chief Data Science Officer & SVP/Global Head, Strategy & Portfolio, Pharma, J&J",Recursion,,,,,,,University of Pennsylvania,,,,,,Colgate University,,,1,BCG,Boston Consulting Group (BCG),BCG,Partner,Aug 2011,Feb 2018,Chief,Member,Recursion,Recursion,"Chief Executive Officer & President | Member, Board of Directors; Chief R&D Officer and Chief Commercial Officer | Member, Board of Directors",Jul 2024,Present,0,,University of Pennsylvania,"Advisory Board Member, Penn's Vagelos Life Sciences and Management Program","Advisory Board Member, Penn's Vagelos Life Sciences and Management Program",Apr 2022,Present,0.0,,Data Science in Industry Roundtable (DISRUPT),Founding Member and Co-chair,Founding Member and Co-chair,Jan 2023,Present,0.0,,CancerX Moonshot,Steering Committee Member,Steering Committee Member,Sep 2023,Nov 2024,0.0,,The Alliance for Artificial Intelligence in Healthcare (AAIH),Board Member,Board Member,Apr 2021,May 2024,0.0,,Johnson & Johnson,Johnson & Johnson,"Former Chief Data Science Officer & SVP/Global Head, Strategy & Portfolio Organization R&D, J&J; Co-chair, Johnson and Johnson Data Science Council; Chief Data Science Officer + SVP / Global Head, Strategy, & Operations, R&D, Janssen, J&J; Chief Operating Officer, Janssen R&D Data Sciences; Global Head, Janssen R&D Strategy and Operations; Global Head, Janssen R&D Strategy and Operations; Co-chair, J&J Enterprise Data Science Council; Head, R&D Strategic Initiatives",Mar 2018,May 2024,0.0,,Chief,Member,Member,Jan 2020,May 2024,0.0,,Boston Consulting Group (BCG),Partner,Partner,Aug 2011,Feb 2018,1.0,BCG,"University of Pennsylvania, Department of Chemistry, Philadelphia PA","University of Pennsylvania, Department of Chemistry, Philadelphia PA",Graduate Research Student; Project Manager; Teaching Fellow,Sep 2006,May 2011,0.0,,"University of Pennsylvania, School of Arts and Sciences (SASgov)",Chemistry Department Representative; Administrative and Policy Committee Member,Chemistry Department Representative; Administrative and Policy Committee Member,Mar 2008,Dec 2009,0.0,,"SAJIDA Foundation (non-profit organization), Dhaka, Bangladesh",Summer Associate Consultant,Summer Associate Consultant,Jun 2006,Aug 2009,0.0,,"Penn Biotech Group, University of Pennsylvania",Consultant,Consultant,Sep 2008,Jan 2009,0.0,,,,,,,,,,,,,,,,,,,,,,,,,,,,,,,,,,,,,,,,,,,,,,,,,,,,,,,,,,,,,,,,,,,,,,,,,,,,,,,,,,,,,,,,,,,,,,,,,,,,,,,,,,,,,,,,,,,,,,,,,,,,,,,,,,,,,,,,,,,,,
person-0571,,"Executive coach, organizational development professional",BIG IDEA coaching & consulting,,,,,,,,,,,,,Massachusetts School of Professional Psychology,2013.0,2012.0,1,BCG,The Boston Consulting Group,BCG,Web Content Manager,2000,2001,MIT,Instructional Designer and Performance Consultant,BIG IDEA coaching & consulting,Principal and founder,Principal and founder,Nov 1994,Mar 2021,0,,"Corentus, Inc.",Faculty,Faculty,May 2016,Dec 2020,0.0,,"The Institute for Executive Dharma, LLC",Principal and cofounder,Principal and cofounder,Jan 2016,Jan 2018,0.0,,Vistaprint,Learning Liaison (Senior Learning & Development Specialist),Learning Liaison (Senior Learning & Development Specialist),2012,2013,0.0,,MIT,MIT,"Training and Communications Manager, Office of Sponsored Programs; Instructional Designer and Performance Consultant",Jul 2008,Jun 2012,0.0,,The Boston Consulting Group,Web Content Manager,Web Content Manager,2000,2001,1.0,BCG,Training Media Review,Contributing Writer,Contributing Writer,Nov 1994,Jan 2000,0.0,,Performance Systems Group,Consultant,Consultant,1991,1994,0.0,,,,,,,,,,,,,,,,,,,,,,,,,,,,,,,,,,,,,,,,,,,,,,,,,,,,,,,,,,,,,,,,,,,,,,,,,,,,,,,,,,,,,,,,,,,,,,,,,,,,,,,,,,,,,,,,,,,,,,,,,,,,,,,,,,,,,,,,,,,,,,,,,,,,,,,,,,,,,,,,,,,,,,,,,
person-0572,,Director of Technology Strategy,Capital One,University of Virginia Darden School of Business,2020.0,2018.0,,,,,,,,,,,2013.0,2009.0,1,BCG,Boston Consulting Group (BCG),BCG,Boston Consulting Group (BCG),Jan 2021,Aug 2024,Capital One,Director,Capital One,Director,Director,Aug 2024,Present,0,,Boston Consulting Group (BCG),Boston Consulting Group (BCG),Project Leader; Consultant,Jan 2021,Aug 2024,1.0,BCG,CONSOLIDATED EDISON CO OF NEW YORK,Associate Engineer,Associate Engineer,Dec 2015,Jul 2018,0.0,,FirstEnergy,Nuclear Engineer,Nuclear Engineer,Aug 2013,Nov 2015,0.0,,FirstEnergy,Cooperative Education Student,Cooperative Education Student,Jan 2011,Aug 2012,0.0,,,,,,,,,,,,,,,,,,,,,,,,,,,,,,,,,,,,,,,,,,,,,,,,,,,,,,,,,,,,,,,,,,,,,,,,,,,,,,,,,,,,,,,,,,,,,,,,,,,,,,,,,,,,,,,,,,,,,,,,,,,,,,,,,,,,,,,,,,,,,,,,,,,,,,,,,,,,,,,,,,,,,,,,,,,,,,,,,,,,,,,,,,,,,,
person-0573,Chicago,Senior Data Scientist II @ Particle Health,Particle Health,,,,,,,,,,,,,University of Virginia,2016.0,2012.0,1,BCG,Boston Consulting Group (BCG),BCG,Lead Analyst (Promotion from Senior Analyst),Oct 2019,Jan 2022,CVS Health,Lead Decision Scientist,Particle Health,Senior Data Scientist II,Senior Data Scientist II,Mar 2025,Present,0,,CVS Health,Lead Decision Scientist,Lead Decision Scientist,Jan 2022,Mar 2025,0.0,,Boston Consulting Group (BCG),Lead Analyst (Promotion from Senior Analyst),Lead Analyst (Promotion from Senior Analyst),Oct 2019,Jan 2022,1.0,BCG,Deloitte,Deloitte,Strategy and Analytics Consultant; Business Technology Analyst,Jul 2016,Sep 2019,0.0,,,,,,,,,,,,,,,,,,,,,,,,,,,,,,,,,,,,,,,,,,,,,,,,,,,,,,,,,,,,,,,,,,,,,,,,,,,,,,,,,,,,,,,,,,,,,,,,,,,,,,,,,,,,,,,,,,,,,,,,,,,,,,,,,,,,,,,,,,,,,,,,,,,,,,,,,,,,,,,,,,,,,,,,,,,,,,,,,,,,,,,,,,,,,,,,,,,,,
person-0574,,Director of Growth - Tau Kappa Epsilon International Headquarters,Tau Kappa Epsilon Fraternity,,,,,,,,,,,,,University of Tampa,2016.0,2011.0,1,McKinsey,McKinsey & Company,McKinsey,McKinsey & Company,May 2021,May 2023,Tau Kappa Epsilon Fraternity,Associate Regional Director,Tau Kappa Epsilon Fraternity,Tau Kappa Epsilon Fraternity,Director of Growth; Recruitment & Retainment Consultant; Director of Growth; Sr. Associate Regional Director; Associate Regional Director,May 2016,Present,0,,McKinsey & Company,McKinsey & Company,Campus Sourcing Recruiter - Internal Roles; Recruiting Administrator,May 2021,May 2023,1.0,McKinsey,,,,,,,,,,,,,,,,,,,,,,,,,,,,,,,,,,,,,,,,,,,,,,,,,,,,,,,,,,,,,,,,,,,,,,,,,,,,,,,,,,,,,,,,,,,,,,,,,,,,,,,,,,,,,,,,,,,,,,,,,,,,,,,,,,,,,,,,,,,,,,,,,,,,,,,,,,,,,,,,,,,,,,,,,,,,,,,,,,,,,,,,,,,,,,,,,,,,,,,,,,,,,,,,,,
person-0575,New York,"Analytics & Insights Specialist - Corporate Finance | Data Product Owner | Data Strategy, Management & Governance",McKinsey New Ventures (part of McKinsey & Company),,,,,,,,,,,,,Virginia Tech,2004.0,2002.0,1,McKinsey,McKinsey & Company,McKinsey,McKinsey & Company,Sep 2005,Dec 2014,McKinsey New Ventures (part of McKinsey & Company),Solution Specialist,McKinsey New Ventures (part of McKinsey & Company),Solution Specialist,Solution Specialist,Jan 2015,Present,1,McKinsey,McKinsey & Company,McKinsey & Company,Knowledge Specialist; Senior Associate; Associate; Business Analyst,Sep 2005,Dec 2014,1.0,McKinsey,,,,,,,,,,,,,,,,,,,,,,,,,,,,,,,,,,,,,,,,,,,,,,,,,,,,,,,,,,,,,,,,,,,,,,,,,,,,,,,,,,,,,,,,,,,,,,,,,,,,,,,,,,,,,,,,,,,,,,,,,,,,,,,,,,,,,,,,,,,,,,,,,,,,,,,,,,,,,,,,,,,,,,,,,,,,,,,,,,,,,,,,,,,,,,,,,,,,,,,,,,,,,,,,,,
person-0576,Philadelphia,MBAn '23 at MIT Sloan School of Management | COMCAST | Advanced Analytics | Ex-BCG,Comcast,MIT Sloan School of Management,2023.0,2022.0,,,,,,,,,,,2018.0,2012.0,1,BCG,Boston Consulting Group (BCG),BCG,Boston Consulting Group (BCG),Jun 2018,Oct 2020,Liberty Latin America,Delivery Manager,Comcast,Senior Manager,Senior Manager,Oct 2023,Present,0,,Liberty Latin America,Delivery Manager,Delivery Manager,Oct 2020,Jul 2022,0.0,,Boston Consulting Group (BCG),Boston Consulting Group (BCG),Senior Associate; Associate,Jun 2018,Oct 2020,1.0,BCG,Centro de Estudios de Retail,Research Assistant,Research Assistant,Mar 2016,Dec 2017,0.0,,Universidad de Chile,Universidad de Chile,Research Assistant; Teaching Assistant,Aug 2014,Dec 2017,0.0,,"Feria Empresarial, Escuela de Ingeniería y Ciencias, UChile","Feria Empresarial, Escuela de Ingeniería y Ciencias, UChile",Marketing Director; Marketing Executive,Mar 2015,Nov 2017,0.0,,Far East Organization,Intern,Intern,Feb 2017,Mar 2017,0.0,,Banco de Chile,Intern,Intern,Jan 2016,Feb 2016,0.0,,"Oficina de Ingeniería para la Sustentabilidad, Universidad de Chile",Intern,Intern,Jul 2014,Dec 2014,0.0,,,,,,,,,,,,,,,,,,,,,,,,,,,,,,,,,,,,,,,,,,,,,,,,,,,,,,,,,,,,,,,,,,,,,,,,,,,,,,,,,,,,,,,,,,,,,,,,,,,,,,,,,,,,,,,,,,,,,,,,,,,,,,,,,,,,,,,,,,,,,,,,,,,,,,,,,,,,,,,,,,
person-0577,San Francisco,Senior M&A Advisor,Golden Capital Markets,,,,,,,,,,,,,"University of California, Los Angeles",,,1,McKinsey,McKinsey & Company,McKinsey,McKinsey & Company,Mar 2017,Mar 2020,Shopify,Merchant Success Manager,Golden Capital Markets,Senior M&A Advisor,Senior M&A Advisor,Dec 2023,Present,0,,Buzz,Market Expansion Strategist,Market Expansion Strategist,Jul 2023,Dec 2024,0.0,,Gorgias,Gorgias,Customer Success Senior Manager; Customer Success Manager,Mar 2022,Jun 2023,0.0,,Shopify,Shopify,Enterprise Customer Success Manager; Merchant Success Manager,Mar 2020,Mar 2022,0.0,,McKinsey & Company,McKinsey & Company,Operations Management Consultant; Consultant,Mar 2017,Mar 2020,1.0,McKinsey,,,,,,,,,,,,,,,,,,,,,,,,,,,,,,,,,,,,,,,,,,,,,,,,,,,,,,,,,,,,,,,,,,,,,,,,,,,,,,,,,,,,,,,,,,,,,,,,,,,,,,,,,,,,,,,,,,,,,,,,,,,,,,,,,,,,,,,,,,,,,,,,,,,,,,,,,,,,,,,,,,,,,,,,,,,,,,,,,,,,,,,,,,,,,
person-0578,Whitestown,Tuck MBA | Pathways Operations Manager | Ex-McKinsey | Sales&Marketing,Amazon,The Tuck School of Business at Dartmouth,2025.0,2023.0,,,,,,,,,,,2016.0,2012.0,1,McKinsey,McKinsey & Company,McKinsey,Jr. Associate,2023,2023,Amazon,Pathways Operations Manager,Amazon,Pathways Operations Manager,Pathways Operations Manager,Jul 2025,Present,0,,McKinsey & Company,Jr. Associate,Jr. Associate,2023,2023,1.0,McKinsey,PepsiCo,PepsiCo,Commercial Head & Brand Manager Quaker & Nutrition South Andean Region; Quaker & Nutrition Brand Manager South Andean Region; Customer Management Senior Account Representative; Customer Management Account Representative; Customer Management Associate Account Representative; Sales Associate Trainee,Sep 2017,Dec 2022,0.0,,Montage Deer Valley,Supervisor,Supervisor,Dec 2016,Mar 2017,0.0,,Interbank,Banking Intern,Banking Intern,Jul 2016,Oct 2016,0.0,,Montage Deer Valley,Office coordinator,Office coordinator,Dec 2015,Mar 2016,0.0,,Backus,Treasury Intern,Treasury Intern,Jul 2015,Nov 2015,0.0,,,,,,,,,,,,,,,,,,,,,,,,,,,,,,,,,,,,,,,,,,,,,,,,,,,,,,,,,,,,,,,,,,,,,,,,,,,,,,,,,,,,,,,,,,,,,,,,,,,,,,,,,,,,,,,,,,,,,,,,,,,,,,,,,,,,,,,,,,,,,,,,,,,,,,,,,,,,,,,,,,,,,,,,,,,,,,,,
person-0579,Brooklyn,"Growth Strategy @ Hershey Salty Snacks | ex-BCG, MIT MBA, Finance undergrad",The Hershey Company,Massachusetts Institute of Technology - Sloan School of Management,2020.0,2018.0,,,,,,,,,,,2010.0,1997.0,1,BCG,Boston Consulting Group (BCG),BCG,Boston Consulting Group (BCG),Sep 2020,Jul 2024,The Hershey Company,"Senior Manager, Salty Growth Strategy",The Hershey Company,"Senior Manager, Salty Growth Strategy","Senior Manager, Salty Growth Strategy",Jul 2024,Present,0,,Boston Consulting Group (BCG),Boston Consulting Group (BCG),Project Leader; Consultant,Sep 2020,Jul 2024,1.0,BCG,MIT Sloan School of Management,"MBA Candidate, Class of 2020","MBA Candidate, Class of 2020",Aug 2018,May 2020,0.0,,Boston Consulting Group (BCG),Summer Consultant,Summer Consultant,Jun 2019,Aug 2019,1.0,BCG,Cumberland Farms,Cumberland Farms,Senior Financial Analyst; Financial Analyst,Jun 2014,Aug 2018,0.0,,HaitiPay,Finance Intern,Finance Intern,Jun 2013,Aug 2013,0.0,,Micro Credit Capital Bank,Credit Analyst,Credit Analyst,Jun 2012,Aug 2012,0.0,,,,,,,,,,,,,,,,,,,,,,,,,,,,,,,,,,,,,,,,,,,,,,,,,,,,,,,,,,,,,,,,,,,,,,,,,,,,,,,,,,,,,,,,,,,,,,,,,,,,,,,,,,,,,,,,,,,,,,,,,,,,,,,,,,,,,,,,,,,,,,,,,,,,,,,,,,,,,,,,,,,,,,,,,,,,,,,,
person-0580,Cambridge,Ag Innovation | Economic Growth | Strategy | Ex-McKinsey,Baobab Impact Partners,,,,,,,,,,,,,"Harvard University, John F. Kennedy School of Government",2018.0,2016.0,1,McKinsey,McKinsey & Company,McKinsey,Engagement Manager,Oct 2018,Jun 2024,Self-employed,Freelance Consultant,Baobab Impact Partners,Partner,Partner,Jun 2025,Present,0,,Self-employed,Freelance Consultant,Freelance Consultant,Sep 2024,Present,0.0,,McKinsey & Company,Engagement Manager,Engagement Manager,Oct 2018,Jun 2024,1.0,McKinsey,Harvard Kennedy School,Faculty for Mid-Career MPA summer program and Graduate Teaching Fellow,Faculty for Mid-Career MPA summer program and Graduate Teaching Fellow,Aug 2017,Aug 2018,0.0,,Affiance Group Corp,Advisor to Board,Advisor to Board,Jan 2017,Dec 2017,0.0,,ECOM Trading,Graduate Intern - Sustainability Management Services & Innovation,Graduate Intern - Sustainability Management Services & Innovation,Jun 2017,Aug 2017,0.0,,IDinsight,IDinsight,Manager; Senior Associate & Associate,Mar 2013,Jun 2016,0.0,,ILC Africa,Regional Program Analyst,Regional Program Analyst,Jul 2012,Feb 2013,0.0,,,,,,,,,,,,,,,,,,,,,,,,,,,,,,,,,,,,,,,,,,,,,,,,,,,,,,,,,,,,,,,,,,,,,,,,,,,,,,,,,,,,,,,,,,,,,,,,,,,,,,,,,,,,,,,,,,,,,,,,,,,,,,,,,,,,,,,,,,,,,,,,,,,,,,,,,,,,,,,,,,,,,,,,,
person-0581,San Francisco,"Co-Founder at The Bridge Project, ex-McKinsey",Peregrine,Stanford University Graduate School of Business,,,,,,,,,,,,University of Pennsylvania - The Wharton School,,,1,McKinsey,McKinsey & Company,McKinsey,McKinsey & Company,Aug 2018,Sep 2020,The Monarch Foundation,Founding Executive Director,CK-12 Foundation,GTM & Strategy,GTM & Strategy,Sep 2024,Jun 2025,0,,Mountain Hazelnuts,GTM & Strategy,GTM & Strategy,Aug 2024,Sep 2024,0.0,,Harlem Capital,Venture Investor,Venture Investor,Jun 2024,Aug 2024,0.0,,Sesame Workshop,Strategy & Ventures,Strategy & Ventures,Jun 2024,Aug 2024,0.0,,The Bridge Project,The Bridge Project,Co-Founder & Advisor; Co-Founder & Executive Director,Nov 2020,Mar 2024,0.0,,The Monarch Foundation,Founding Executive Director,Founding Executive Director,Sep 2020,Dec 2023,0.0,,McKinsey & Company,McKinsey & Company,Senior Business Analyst; Business Analyst,Aug 2018,Sep 2020,1.0,McKinsey,The Daily Pennsylvanian,The Daily Pennsylvanian,Project Development Lead; Business Analytics Manager,Aug 2015,Dec 2017,0.0,,Deloitte,Human Capital Consulting Analyst,Human Capital Consulting Analyst,Jun 2017,Aug 2017,0.0,,Morgan Stanley,Sales & Trading Fixed Income Analyst,Sales & Trading Fixed Income Analyst,May 2016,Aug 2016,0.0,,The White House,Office of Management and Administration Intern,Office of Management and Administration Intern,May 2015,Aug 2015,0.0,,LendingTree,Social Media Marketing and Advertising Analyst,Social Media Marketing and Advertising Analyst,Jun 2013,Jul 2013,0.0,,Looxcie,Social Media Marketing and Branding Analyst,Social Media Marketing and Branding Analyst,Jun 2012,Jul 2012,0.0,,,,,,,,,,,,,,,,,,,,,,,,,,,,,,,,,,,,,,,,,,,,,,,,,,,,,,,,,,,,,,,,,,,,,,,,,,,,,,,,,,,,,,,,,,,,,,,,,,,,,,,,,,,,,,,,,,,,,,,,,,,,,,,,,,,,,,
person-0582,Boston,Louis Dreyfus Company | Harvard Business School | Google | Bain & Company,Louis Dreyfus Company,Harvard Business School,2024.0,2022.0,,,,,,,,,,,2014.0,2010.0,1,Bain,Bain & Company,Bain,Bain & Company,Oct 2018,Jul 2021,Google,Marketing Strategy Manager - Google Cloud,Louis Dreyfus Company,Grains and Oilseeds Platform,Grains and Oilseeds Platform,Jul 2024,Present,0,,Google,Marketing Strategy Manager - Google Cloud,Marketing Strategy Manager - Google Cloud,Dec 2021,Jun 2022,0.0,,Bain & Company,Bain & Company,Senior Associate Consultant; Associate Consultant,Oct 2018,Jul 2021,1.0,Bain,thredUP,New Ventures Extern,New Ventures Extern,Feb 2021,Jun 2021,0.0,,Camp Wabun,Head Staff & Water Front Director,Head Staff & Water Front Director,Jun 2015,Aug 2017,0.0,,,,,,,,,,,,,,,,,,,,,,,,,,,,,,,,,,,,,,,,,,,,,,,,,,,,,,,,,,,,,,,,,,,,,,,,,,,,,,,,,,,,,,,,,,,,,,,,,,,,,,,,,,,,,,,,,,,,,,,,,,,,,,,,,,,,,,,,,,,,,,,,,,,,,,,,,,,,,,,,,,,,,,,,,,,,,,,,,,,,,,,,,,,,,,
person-0583,Rochester,BBA student at The University of Michigan Ross School of Business,University of Michigan,University of Michigan - Stephen M. Ross School of Business,2027.0,2023.0,,,,,,,,,,,2023.0,2019.0,1,McKinsey,McKinsey & Company,McKinsey,El Futuro First Year Leadership Summit Participant,Apr 2024,May 2024,Alpha Kappa Psi - Phi Chapter | University of Michigan,Director of Marketing,University of Michigan,Campus Information Center Socials Content Creator,Campus Information Center Socials Content Creator,Aug 2025,Present,0,,EY-Parthenon,EY-Parthenon,Incoming 2026 Summer Associate; Strategy & Execution Intern,Jun 2025,Present,0.0,,180 Degrees Consulting University of Michigan,180 Degrees Consulting University of Michigan,Business Analyst; Director of Marketing,Dec 2024,Present,0.0,,Alpha Kappa Psi - Phi Chapter | University of Michigan,Director of Marketing,Director of Marketing,Apr 2024,Dec 2024,0.0,,SOUTH HAVEN VAN BUREN COUNTY CONVENTION & VISITORS BUREAU,Marketing And Public Relations Intern,Marketing And Public Relations Intern,Jun 2024,Aug 2024,0.0,,McKinsey & Company,El Futuro First Year Leadership Summit Participant,El Futuro First Year Leadership Summit Participant,Apr 2024,May 2024,1.0,McKinsey,EY,EY NextGen Women Program,EY NextGen Women Program,Mar 2024,Apr 2024,0.0,,,,,,,,,,,,,,,,,,,,,,,,,,,,,,,,,,,,,,,,,,,,,,,,,,,,,,,,,,,,,,,,,,,,,,,,,,,,,,,,,,,,,,,,,,,,,,,,,,,,,,,,,,,,,,,,,,,,,,,,,,,,,,,,,,,,,,,,,,,,,,,,,,,,,,,,,,,,,,,,,,,,,,,,,,,,,,,,
person-0584,New York,"Senior Manager, Marketing Analytics @ Bausch Health Companies Inc. | MBA",Bausch Health Companies Inc.,NYU Stern School of Business,2022.0,2020.0,,,,,,,,,,,2015.0,2014.0,1,BCG,Boston Consulting Group (BCG),BCG,Consultant,Oct 2022,Oct 2023,Bausch Health Companies Inc.,"Senior Manager, Marketing Analytics",Bausch Health Companies Inc.,"Senior Manager, Marketing Analytics","Senior Manager, Marketing Analytics",Aug 2024,Present,0,,Boston Consulting Group (BCG),Consultant,Consultant,Oct 2022,Oct 2023,1.0,BCG,MediaCom,MediaCom,"Associate Director, Business Science; Sr. Manager, Business Science; Business Science Manager",Sep 2019,Sep 2022,0.0,,(m)PHASIZE,(m)PHASIZE,Senior Analyst; Analyst,Apr 2017,Aug 2019,0.0,,Turnout.ai,Marketing Analyst Intern,Marketing Analyst Intern,Sep 2016,Nov 2016,0.0,,Sailo,Business Development & Patnership Intern,Business Development & Patnership Intern,Jun 2016,Aug 2016,0.0,,Citi,Trainee,Trainee,Jan 2013,Feb 2013,0.0,,China Merchants Bank,Summer Intern,Summer Intern,Jul 2012,Aug 2012,0.0,,,,,,,,,,,,,,,,,,,,,,,,,,,,,,,,,,,,,,,,,,,,,,,,,,,,,,,,,,,,,,,,,,,,,,,,,,,,,,,,,,,,,,,,,,,,,,,,,,,,,,,,,,,,,,,,,,,,,,,,,,,,,,,,,,,,,,,,,,,,,,,,,,,,,,,,,,,,,,,,,,,,,,,,,
person-0585,,Senior Communications Consultant,SAP,,,,,,,,,,,,,The George Washington University,,,1,BCG,Boston Consulting Group,BCG,Executive Assistant; Digitial Banking Initiative Coordinator,Jan 2004,Mar 2018,SAP,Executive Assistant to the Chief Strategy & Transformation Officer,SAP,SAP,"Senior Communications Consultant; PMO, SAP Business Women's Network North America Leadership Team; Executive Assistant, Corporate Strategy and Corporate Portfolio & Strategy-to-Execution; Executive Assistant to the Chief Strategy & Transformation Officer",Mar 2018,Present,0,,Boston Consulting Group,Executive Assistant; Digitial Banking Initiative Coordinator,Executive Assistant; Digitial Banking Initiative Coordinator,Jan 2004,Mar 2018,1.0,BCG,Musicrama,Media & Label Relations Manager,Media & Label Relations Manager,2003,2003,0.0,,Musicland Group,Regional Marketing Coordinator,Regional Marketing Coordinator,2001,2002,0.0,,Universal Global e,Product Development,Product Development,Sep 2000,Jun 2001,0.0,,,,,,,,,,,,,,,,,,,,,,,,,,,,,,,,,,,,,,,,,,,,,,,,,,,,,,,,,,,,,,,,,,,,,,,,,,,,,,,,,,,,,,,,,,,,,,,,,,,,,,,,,,,,,,,,,,,,,,,,,,,,,,,,,,,,,,,,,,,,,,,,,,,,,,,,,,,,,,,,,,,,,,,,,,,,,,,,,,,,,,,,,,,,,,
person-0586,San Francisco,Executive Director - Head of Business at Kohler Ventures,Kohler Ventures,,,,,,,,,,,,,Columbia University - School of International and Public Affairs,2016.0,2014.0,1,BCG,The Boston Consulting Group,BCG,The Boston Consulting Group,Jun 2011,Jul 2014,Partners In Health,Consultant,Kohler Ventures,Kohler Ventures,Executive Director - Head of Business; Head of Strategy & Operations,Oct 2022,Present,0,,Data4Life,Vice President Strategy & Business Development,Vice President Strategy & Business Development,Oct 2019,Oct 2022,0.0,,The Boston Consulting Group (BCG),The Boston Consulting Group (BCG),Project Leader; Consultant,Sep 2016,Jan 2019,1.0,BCG,Columbia University in the City of New York,Columbia University in the City of New York,MPA Graduate Student; Graduate Teaching Assistant,Sep 2015,Jun 2016,0.0,,Partners In Health,Consultant,Consultant,Jun 2015,Aug 2015,0.0,,The Boston Consulting Group,The Boston Consulting Group,Consultant; Associate; Junior Associate,Jun 2011,Jul 2014,1.0,BCG,JPMorgan Chase,Analyst,Analyst,Sep 2009,May 2011,0.0,,,,,,,,,,,,,,,,,,,,,,,,,,,,,,,,,,,,,,,,,,,,,,,,,,,,,,,,,,,,,,,,,,,,,,,,,,,,,,,,,,,,,,,,,,,,,,,,,,,,,,,,,,,,,,,,,,,,,,,,,,,,,,,,,,,,,,,,,,,,,,,,,,,,,,,,,,,,,,,,,,,,,,,,,,,,,,,,
person-0587,Cambridge,Associate Professor of Operations Research and Statistics at MIT Sloan School of Management,MIT Sloan School of Management,,,,,,,,,,,,,Massachusetts Institute of Technology,2015.0,2012.0,1,McKinsey,McKinsey & Company,McKinsey,Associate,Jul 2015,Jul 2016,Carnegie Mellon University - H. John Heinz III College,Assistant Professor of Operations Research and Public Policy,MIT Sloan School of Management,MIT Sloan School of Management,Associate Professor of Operations Research and Statistics; Assistant Professor of Operations Research and Statistics,Jul 2019,Present,0,,Carnegie Mellon University - H. John Heinz III College,Assistant Professor of Operations Research and Public Policy,Assistant Professor of Operations Research and Public Policy,Aug 2016,Jun 2018,0.0,,McKinsey & Company,Associate,Associate,Jul 2015,Jul 2016,1.0,McKinsey,MIT,Research Assistant,Research Assistant,Sep 2012,Jun 2015,0.0,,Booz Allen Hamilton,Consultant Intern,Consultant Intern,Jun 2012,Aug 2012,0.0,,MIT,Research Assistant,Research Assistant,Aug 2010,Jun 2012,0.0,,Université de Montréal,Research Position in Stochastic Modeling,Research Position in Stochastic Modeling,Apr 2010,Jul 2010,0.0,,Air France,External Consultant in Operations Research,External Consultant in Operations Research,Sep 2009,Dec 2009,0.0,,Aurecongroup,Intern in Civil Engineering,Intern in Civil Engineering,Jul 2009,Aug 2009,0.0,,,,,,,,,,,,,,,,,,,,,,,,,,,,,,,,,,,,,,,,,,,,,,,,,,,,,,,,,,,,,,,,,,,,,,,,,,,,,,,,,,,,,,,,,,,,,,,,,,,,,,,,,,,,,,,,,,,,,,,,,,,,,,,,,,,,,,,,,,,,,,,,,,,,,,,,,,,,,,,,,,
person-0588,Chicago,"Risk Advisory Senior Associate at PwC, Financial Services",PwC,,,,,,,,,,,,,Indiana University Bloomington,2022.0,2018.0,1,BCG,Boston Consulting Group (BCG),BCG,BCG Advance Participant,Apr 2020,May 2020,Covenant Harbor,Parent Liaison,PwC,PwC,Risk & Regulatory Advisory Senior Associate; Risk & Regulatory Advisory Associate,Oct 2022,Present,0,,Cedarstone,Accounting Associate,Accounting Associate,May 2022,Oct 2022,0.0,,PwC,Risk & Regulatory Advisory Intern,Risk & Regulatory Advisory Intern,Jun 2021,Aug 2021,0.0,,BKD CPAs & Advisors,Tax Intern,Tax Intern,Jan 2021,Apr 2021,0.0,,Phi Mu Fraternity,Chapter President,Chapter President,Nov 2019,Nov 2020,0.0,,Covenant Harbor,Parent Liaison,Parent Liaison,Jun 2020,Aug 2020,0.0,,Boston Consulting Group (BCG),BCG Advance Participant,BCG Advance Participant,Apr 2020,May 2020,1.0,BCG,Covenant Harbor,Overnight Camp Counselor,Overnight Camp Counselor,May 2019,Aug 2019,0.0,,,,,,,,,,,,,,,,,,,,,,,,,,,,,,,,,,,,,,,,,,,,,,,,,,,,,,,,,,,,,,,,,,,,,,,,,,,,,,,,,,,,,,,,,,,,,,,,,,,,,,,,,,,,,,,,,,,,,,,,,,,,,,,,,,,,,,,,,,,,,,,,,,,,,,,,,,,,,,,,,,,,,,,,,
person-0589,,Technology Specialist at Omnicom,Omnicom,,,,,,,,,,,,,University of Illinois at Chicago,2018.0,2018.0,1,McKinsey,McKinsey & Company,McKinsey,Temporary IT Technician,Aug 2018,Aug 2019,ADP,Connection Support Specialist,Omnicom,"Specialist, Technology","Specialist, Technology",Jun 2022,Present,0,,Start Early,Start Early,IT Operations Associate; Integration Specialist,May 2020,Jun 2022,0.0,,ADP,Connection Support Specialist,Connection Support Specialist,Sep 2019,Feb 2020,0.0,,McKinsey & Company,Temporary IT Technician,Temporary IT Technician,Aug 2018,Aug 2019,1.0,McKinsey,BotScale,IT Project Intern,IT Project Intern,Jan 2018,May 2018,0.0,,Abt Electronics,Electronic Service Rep.,Electronic Service Rep.,Jan 2015,Sep 2017,0.0,,,,,,,,,,,,,,,,,,,,,,,,,,,,,,,,,,,,,,,,,,,,,,,,,,,,,,,,,,,,,,,,,,,,,,,,,,,,,,,,,,,,,,,,,,,,,,,,,,,,,,,,,,,,,,,,,,,,,,,,,,,,,,,,,,,,,,,,,,,,,,,,,,,,,,,,,,,,,,,,,,,,,,,,,,,,,,,,,,,,,,,
person-0590,,Union Development Sdn Bhd,Union Development Sdn Bhd,Stanford University Graduate School of Business,,,,,,,,,,,,"University of California, Berkeley",,,1,BCG,Boston Consulting Group (BCG),BCG,Boston Consulting Group (BCG),2009,2013,The Bridgespan Group,Consultant,Union Development Sdn Bhd,"Manager, HR, Accounts","Manager, HR, Accounts",Oct 2015,Present,0,,EY-Parthenon,Senior Consultant,Senior Consultant,Aug 2015,Present,0.0,,The Bridgespan Group,Consultant,Consultant,2013,2015,0.0,,Boston Consulting Group (BCG),Boston Consulting Group (BCG),Project Analyst; Consulting Assistant,2009,2013,1.0,BCG,,,,,,,,,,,,,,,,,,,,,,,,,,,,,,,,,,,,,,,,,,,,,,,,,,,,,,,,,,,,,,,,,,,,,,,,,,,,,,,,,,,,,,,,,,,,,,,,,,,,,,,,,,,,,,,,,,,,,,,,,,,,,,,,,,,,,,,,,,,,,,,,,,,,,,,,,,,,,,,,,,,,,,,,,,,,,,,,,,,,,,,,,,,,,,,,,,,,
person-0591,San Francisco,Enterprise Development @ Atlassian | Berkeley Haas,Atlassian,"University of California, Berkeley, Haas School of Business",2025.0,2025.0,,,,,,,,,,,2025.0,2025.0,1,McKinsey,McKinsey & Company,McKinsey,Strategy Consultant,Jan 2024,May 2024,"University of California, Berkeley",Undergraduate Researcher,Atlassian,Enterprise Development,Enterprise Development,Jul 2025,Present,0,,"University of California, Berkeley",Undergraduate Researcher,Undergraduate Researcher,Jan 2024,Sep 2024,0.0,,Paramount,Technical Project Management Intern,Technical Project Management Intern,Jun 2024,Aug 2024,0.0,,McKinsey & Company,Strategy Consultant,Strategy Consultant,Jan 2024,May 2024,1.0,McKinsey,Stealth Startup,Founding GTM Lead,Founding GTM Lead,Aug 2023,May 2024,0.0,,Haas Business School Association (HBSA),VP of Student Affairs,VP of Student Affairs,May 2023,May 2024,0.0,,Berkeley Core Consulting Group,Berkeley Core Consulting Group,Co-Founder; Consultant & Project Manager,Jun 2023,May 2024,0.0,,,,,,,,,,,,,,,,,,,,,,,,,,,,,,,,,,,,,,,,,,,,,,,,,,,,,,,,,,,,,,,,,,,,,,,,,,,,,,,,,,,,,,,,,,,,,,,,,,,,,,,,,,,,,,,,,,,,,,,,,,,,,,,,,,,,,,,,,,,,,,,,,,,,,,,,,,,,,,,,,,,,,,,,,,,,,,,,
person-0592,Dallas,Economics Graduate | Strategy & Analytics,Fidelity Investments,,,,,,,,,,,,,New York University,2025.0,2021.0,1,BCG,Boston Consulting Group (BCG),BCG,BCG Introduction to Strategy Consulting Job Simulation on Forage,Sep 2024,Sep 2024,Fidelity Investments,CRA,Fidelity Investments,CRA,CRA,Oct 2025,Present,0,,IDEA Public Schools,IDEA Public Schools,Strategy & Business Analyst; Alumni Affairs Associate; College Completion Intern,Nov 2023,Jul 2025,0.0,,Braven,BravenX Fellow,BravenX Fellow,Sep 2024,Dec 2024,0.0,,Boston Consulting Group (BCG),BCG Introduction to Strategy Consulting Job Simulation on Forage,BCG Introduction to Strategy Consulting Job Simulation on Forage,Sep 2024,Sep 2024,1.0,BCG,La Blanca Recycling Center,Operations & Strategy,Operations & Strategy,Jun 2022,Aug 2022,0.0,,New York Life Insurance Company,Sales Associate,Sales Associate,May 2022,Jul 2022,0.0,,,,,,,,,,,,,,,,,,,,,,,,,,,,,,,,,,,,,,,,,,,,,,,,,,,,,,,,,,,,,,,,,,,,,,,,,,,,,,,,,,,,,,,,,,,,,,,,,,,,,,,,,,,,,,,,,,,,,,,,,,,,,,,,,,,,,,,,,,,,,,,,,,,,,,,,,,,,,,,,,,,,,,,,,,,,,,,,,,,,,,,
person-0593,San Francisco,Product & Strategy | Tech & FS | Kellogg MBA ’25,Commure,Northwestern University - Kellogg School of Management,2025.0,2023.0,,,,,,,,,,,,,1,BCG,Boston Consulting Group (BCG),BCG,Consultant,2023,2023,Angeles Investors,Venture Capital,Commure,Product Operations Manager,Product Operations Manager,2025,Present,0,,Xepelin,Product Strategy,Product Strategy,2024,2024,0.0,,Angeles Investors,Venture Capital,Venture Capital,2024,2024,0.0,,Boston Consulting Group (BCG),Consultant,Consultant,2023,2023,1.0,BCG,Credicorp Capital,Credicorp Capital,Product Manager; Senior Investment Analyst; Investment Analyst; Asset Management Intern,2015,2023,0.0,,Citi,Wealth Management,Wealth Management,2014,2015,0.0,,KPMG,Transfer Pricing,Transfer Pricing,2014,2014,0.0,,,,,,,,,,,,,,,,,,,,,,,,,,,,,,,,,,,,,,,,,,,,,,,,,,,,,,,,,,,,,,,,,,,,,,,,,,,,,,,,,,,,,,,,,,,,,,,,,,,,,,,,,,,,,,,,,,,,,,,,,,,,,,,,,,,,,,,,,,,,,,,,,,,,,,,,,,,,,,,,,,,,,,,,,,,,,,,,
person-0594,,"Investing in MedTech/AI for Maternal, Newborn, and Child Health",Bill & Melinda Gates Foundation,University of Washington - Michael G. Foster School of Business,2021.0,2018.0,,,,,,,,,,,2013.0,2010.0,1,McKinsey,McKinsey & Company,McKinsey,Associate,Sep 2021,Jan 2024,Bill & Melinda Gates Foundation,Associate Strategy Officer - Pandemic Preparedness,Bill & Melinda Gates Foundation,Bill & Melinda Gates Foundation,Program Officer - Medical Device & AI Development; Associate Strategy Officer - Pandemic Preparedness,Feb 2023,Present,0,,McKinsey & Company,Associate,Associate,Sep 2021,Jan 2024,1.0,McKinsey,University of Washington - Michael G. Foster School of Business,Evening MBA Association President,Evening MBA Association President,Apr 2020,Mar 2021,0.0,,Philips,Philips,Product Manager - Ultrasound; Technical Project Manager - Acoustics; Acoustic and System Design Engineer,Jun 2017,Feb 2021,0.0,,University of Washington Bioengineering,BioEngage Undergraduate Student Lead,BioEngage Undergraduate Student Lead,Jun 2015,Jun 2017,0.0,,UWAMIT,Researcher at the Averkiou Lab,Researcher at the Averkiou Lab,Mar 2015,Jun 2017,0.0,,Blue C Sushi,"Dishwasher, Busser, and Kitchen Staff","Dishwasher, Busser, and Kitchen Staff",Aug 2014,Feb 2015,0.0,,Plateau Music,Front Desk,Front Desk,2010,2013,0.0,,Seattle Biomedical Research Institute,Research Assistant,Research Assistant,Jun 2012,Jun 2012,0.0,,,,,,,,,,,,,,,,,,,,,,,,,,,,,,,,,,,,,,,,,,,,,,,,,,,,,,,,,,,,,,,,,,,,,,,,,,,,,,,,,,,,,,,,,,,,,,,,,,,,,,,,,,,,,,,,,,,,,,,,,,,,,,,,,,,,,,,,,,,,,,,,,,,,,,,,,,,,,,,,,,
person-0595,Washington,"Private Client / Tax, Trusts & Estates Attorney",Caplin & Drysdale,,,,,,,,,,,,,Yale Law School,2006.0,2003.0,1,McKinsey,McKinsey & Company,McKinsey,Business Analyst,2001,2003,NYC Department of Education,Children First Team Member,Caplin & Drysdale,Member,Member,Aug 2023,Present,0,,1906 Group LLC,"Vice President, Legal","Vice President, Legal",2020,2023,0.0,,Caplin & Drysdale,Caplin & Drysdale,Of Counsel; Associate,2016,2020,0.0,,Teach For America,Teach For America,"Vice President, Performance Management, Teacher Preparation, Support & Development; Senior Managing Director, Student Achievement Measurement",2011,2016,0.0,,Arnold & Porter,Associate,Associate,2006,2011,0.0,,NYC Department of Education,Children First Team Member,Children First Team Member,2003,2003,0.0,,McKinsey & Company,Business Analyst,Business Analyst,2001,2003,1.0,McKinsey,,,,,,,,,,,,,,,,,,,,,,,,,,,,,,,,,,,,,,,,,,,,,,,,,,,,,,,,,,,,,,,,,,,,,,,,,,,,,,,,,,,,,,,,,,,,,,,,,,,,,,,,,,,,,,,,,,,,,,,,,,,,,,,,,,,,,,,,,,,,,,,,,,,,,,,,,,,,,,,,,,,,,,,,,,,,,,,
person-0596,Leander,McCombs School of Business @ UT Austin,ERPLY Retail Software,,,,,,,,,,,,,,2024.0,2020.0,1,McKinsey,McKinsey & Company,McKinsey,Forward Learning Program,Apr 2025,Jul 2025,KPMG,Inspire to Hire Mentee,ERPLY Retail Software,Marketing Intern,Marketing Intern,Aug 2025,Present,0,,Quantum Interface,Design/Marketing Intern,Design/Marketing Intern,Feb 2025,Aug 2025,0.0,,KPMG,KPMG,Ace the Case Participant; Inspire to Hire Mentee,Apr 2025,Jul 2025,0.0,,McKinsey & Company,Forward Learning Program,Forward Learning Program,Apr 2025,Jul 2025,1.0,McKinsey,Goldman Sachs,Virtual Insight Series Participant,Virtual Insight Series Participant,May 2025,Jun 2025,0.0,,Leander Chamber of Commerce & Visitors Center,Marketing Intern,Marketing Intern,Aug 2022,Mar 2023,0.0,,Bollywood Dance Central,Assistant Dance Instructor,Assistant Dance Instructor,Feb 2022,May 2022,0.0,,,,,,,,,,,,,,,,,,,,,,,,,,,,,,,,,,,,,,,,,,,,,,,,,,,,,,,,,,,,,,,,,,,,,,,,,,,,,,,,,,,,,,,,,,,,,,,,,,,,,,,,,,,,,,,,,,,,,,,,,,,,,,,,,,,,,,,,,,,,,,,,,,,,,,,,,,,,,,,,,,,,,,,,,,,,,,,,
person-0597,,Strategy and Operations Lead at Google,Google,University of Michigan - Stephen M. Ross School of Business,2023.0,2021.0,,,,,,,,,,,2016.0,2012.0,1,Bain,Bain & Company,Bain,Bain & Company,Aug 2023,Oct 2025,Google,Strategy and Operations Lead,Google,Strategy and Operations Lead,Strategy and Operations Lead,Oct 2025,Present,0,,Bain & Company,Bain & Company,Manager; Consultant,Aug 2023,Oct 2025,1.0,Bain,Zell Lurie Commercialization Fund,Venture Capital Associate,Venture Capital Associate,Oct 2021,May 2023,0.0,,University of Michigan - Stephen M. Ross School of Business,MBA Candidate,MBA Candidate,Aug 2021,May 2023,0.0,,Bain & Company,Summer Associate,Summer Associate,Jun 2022,Aug 2022,1.0,Bain,"Tempus, Inc.","Tempus, Inc.",Senior Analyst; Reimbursement Analyst,Jan 2018,Jun 2021,0.0,,PwC,Management Consulting Associate,Management Consulting Associate,Sep 2016,Jan 2018,0.0,,PwC,Management Consulting Associate Intern,Management Consulting Associate Intern,Jun 2015,Aug 2015,0.0,,Sigma Phi Epsilon,Vice President,Vice President,Oct 2013,Dec 2014,0.0,,Charlotte Hornets,Finance Intern,Finance Intern,Jun 2014,Aug 2014,0.0,,U-M LS&A Student Government,Student Representative,Student Representative,Nov 2012,Oct 2013,0.0,,BBYO,Counselor - International Leadership Training Conference,Counselor - International Leadership Training Conference,May 2013,Aug 2013,0.0,,,,,,,,,,,,,,,,,,,,,,,,,,,,,,,,,,,,,,,,,,,,,,,,,,,,,,,,,,,,,,,,,,,,,,,,,,,,,,,,,,,,,,,,,,,,,,,,,,,,,,,,,,,,,,,,,,,,,,,,,,,,,,,,,,,,,,,,,,,,,
person-0598,Norwalk,Private Investor at V Hough RE LLC,Self-employed,New York University - Leonard N. Stern School of Business,1982.0,1980.0,,,,,,,,,,,,,1,McKinsey,McKinsey & Company,McKinsey,Management Consultant,1982,1985,Chase Manhattan Bank,"Vice President, Strategy",Self-employed,Private Investor,Private Investor,2014,Present,0,,IBM,IBM,Client Solutions Executive - Retired; Senior Managing Consultant; Business Development Executive; Account Manager; Senior Consultant,1996,2013,0.0,,Chase Manhattan Bank,"Vice President, Strategy","Vice President, Strategy",1986,1995,0.0,,McKinsey & Company,Management Consultant,Management Consultant,1982,1985,1.0,McKinsey,,,,,,,,,,,,,,,,,,,,,,,,,,,,,,,,,,,,,,,,,,,,,,,,,,,,,,,,,,,,,,,,,,,,,,,,,,,,,,,,,,,,,,,,,,,,,,,,,,,,,,,,,,,,,,,,,,,,,,,,,,,,,,,,,,,,,,,,,,,,,,,,,,,,,,,,,,,,,,,,,,,,,,,,,,,,,,,,,,,,,,,,,,,,,,,,,,,,
person-0599,,Founder and Principal WLC Consulting,WLC Consulting,University of Michigan - Stephen M. Ross School of Business,2015.0,2013.0,,,,,,,,,,,2007.0,2003.0,1,BCG,The Boston Consulting Group (BCG),BCG,The Boston Consulting Group (BCG),Aug 2015,Feb 2018,17a,Director - Delivery and Insights,WLC Consulting,Founder and Principal,Founder and Principal,Mar 2018,Present,0,,17a,Director - Delivery and Insights,Director - Delivery and Insights,Mar 2021,Nov 2021,0.0,,The Boston Consulting Group (BCG),The Boston Consulting Group (BCG),Project Leader; Consultant,Aug 2015,Feb 2018,1.0,BCG,Dell,Intern Graduate Senior Advisor,Intern Graduate Senior Advisor,May 2014,Aug 2014,0.0,,Central Casting,Casting Director,Casting Director,2009,2012,0.0,,,,,,,,,,,,,,,,,,,,,,,,,,,,,,,,,,,,,,,,,,,,,,,,,,,,,,,,,,,,,,,,,,,,,,,,,,,,,,,,,,,,,,,,,,,,,,,,,,,,,,,,,,,,,,,,,,,,,,,,,,,,,,,,,,,,,,,,,,,,,,,,,,,,,,,,,,,,,,,,,,,,,,,,,,,,,,,,,,,,,,,,,,,,,,
person-0600,San Francisco,Engagement Manager at Persona,Persona,,,,,,,,,,,,,Yale University,2016.0,2012.0,1,Bain,Bain & Company,Bain,Bain & Company,2016,2019,United Nations,Executive Office of the Secretary General,Persona,Engagement Manager,Engagement Manager,Apr 2025,Present,0,,Bain & Company,Manager,Manager,Sep 2024,Mar 2025,1.0,Bain,Bain & Company,Consultant,Consultant,2022,2024,1.0,Bain,IFC - International Finance Corporation,Consultant,Consultant,2020,2022,0.0,,United Nations,Executive Office of the Secretary General,Executive Office of the Secretary General,2020,2020,0.0,,Bain & Company,Bain & Company,Senior Associate Consultant; Associate Consultant,2016,2019,1.0,Bain,,,,,,,,,,,,,,,,,,,,,,,,,,,,,,,,,,,,,,,,,,,,,,,,,,,,,,,,,,,,,,,,,,,,,,,,,,,,,,,,,,,,,,,,,,,,,,,,,,,,,,,,,,,,,,,,,,,,,,,,,,,,,,,,,,,,,,,,,,,,,,,,,,,,,,,,,,,,,,,,,,,,,,,,,,,,,,,,,,,,,,
person-0601,Chicago,Chicago Booth MBA 2026 | Amazon | ex-BCG,MBA Chile EE.UU.,The University of Chicago Booth School of Business,2026.0,2024.0,,,,,,,,,,,2020.0,2020.0,1,BCG,Boston Consulting Group (BCG),BCG,Boston Consulting Group (BCG),Sep 2021,Aug 2024,Amazon,Sr Product Manager – Technical,MBA Chile EE.UU.,Co President,Co President,Jul 2025,Present,0,,Amazon,Sr Product Manager – Technical,Sr Product Manager – Technical,Jun 2025,Aug 2025,0.0,,Boston Consulting Group (BCG),Boston Consulting Group (BCG),Senior Associate; Associate,Sep 2021,Aug 2024,1.0,BCG,ORANGE DISTRIBUTOR CHILE,Founder,Founder,Jul 2020,Dec 2023,0.0,,Banco Santander,Investment strategy Intern,Investment strategy Intern,Jul 2020,Dec 2020,0.0,,Universidad del Desarrollo,University Teacher,University Teacher,Jul 2019,Dec 2019,0.0,,Pontificia Universidad Católica de Chile,Teacher Assistant,Teacher Assistant,Aug 2018,Dec 2019,0.0,,Equifax,Marketing Internship,Marketing Internship,Dec 2018,Jan 2019,0.0,,,,,,,,,,,,,,,,,,,,,,,,,,,,,,,,,,,,,,,,,,,,,,,,,,,,,,,,,,,,,,,,,,,,,,,,,,,,,,,,,,,,,,,,,,,,,,,,,,,,,,,,,,,,,,,,,,,,,,,,,,,,,,,,,,,,,,,,,,,,,,,,,,,,,,,,,,,,,,,,,,,,,,,,,
person-0602,,Psychotherapist @Fermata Psychotherapy | Fellow @Chicago Center for Psychoanalysis,Chicago Center for Psychoanalysis,,,,,,,,,,,,,"University of Chicago Crown Family School of Social Work, Policy, and Practice",2024.0,2022.0,1,McKinsey,McKinsey & Company,McKinsey,McKinsey & Company,Sep 2017,Mar 2021,Fermata Psychotherapy,Psychotherapist,Chicago Center for Psychoanalysis,Fellow & Co-Representative to the Board,Fellow & Co-Representative to the Board,Sep 2024,Present,0,,Fermata Psychotherapy,Psychotherapist,Psychotherapist,Aug 2024,Present,0.0,,Depth Counseling,Psychotherapy Intern,Psychotherapy Intern,Jul 2023,Jun 2024,0.0,,National Runaway Safeline,Crisis Services Intern,Crisis Services Intern,Sep 2022,May 2023,0.0,,McKinsey & Company,McKinsey & Company,Senior Business Analyst; Senior Business Analyst; Business Analyst,Sep 2017,Mar 2021,1.0,McKinsey,McKinsey & Company,Summer Analyst,Summer Analyst,Jul 2016,Nov 2016,1.0,McKinsey,Nova Women In Business,External Relations Manager,External Relations Manager,Mar 2016,Jun 2016,0.0,,Nova SBE Students' Union,Head of Educational Department,Head of Educational Department,May 2015,Jun 2016,0.0,,Nova Investment Club,Senior Member,Senior Member,Oct 2013,Jun 2016,0.0,,BNP Paribas,Spring Intern,Spring Intern,Apr 2016,Apr 2016,0.0,,Royal Bank of Scotland Business,Summer Intern,Summer Intern,Jun 2015,Sep 2015,0.0,,Banco Espírito Santo,Intern,Intern,Sep 2014,Sep 2014,0.0,,Royal Bank of Scotland Business,Spring Intern,Spring Intern,Apr 2014,Apr 2014,0.0,,Barclays,Spring Intern,Spring Intern,Apr 2014,Apr 2014,0.0,,Starbucks,Barista,Barista,Feb 2013,Sep 2013,0.0,,,,,,,,,,,,,,,,,,,,,,,,,,,,,,,,,,,,,,,,,,,,,,,,,,,,,,,,,,,,,,,,,,,,,,,,,,,,,,,,,,,,,,,,,,,,,,,,,,,,,,,,,,,,,,,,,,,,,,,,
person-0603,Washington,"Professor, Graduate School of Management, Globis University",GLOBIS University - Graduate School of Management,Harvard Business School,2023.0,2022.0,,,,,,,,,,,1997.0,1997.0,1,McKinsey,McKinsey & Company,McKinsey,McKinsey & Company,2007,2010,Russell Reynolds Associates,Executive Search and Assessment Consultant,GLOBIS University - Graduate School of Management,GLOBIS University - Graduate School of Management,Professor; Associate Professor,Aug 2019,Present,0,,The George Washington University,Visiting Scholar,Visiting Scholar,Aug 2022,Jul 2025,0.0,,Willis Towers Watson,Willis Towers Watson,"Regional Practice Leader, Asia, Saville Assessment; APAC Lead, TMOA Lead Pillar; Senior Consultant, Corporate Governance Advisory Group; Senior Consultant, Rewards, Talent & Communication",2016,Jul 2019,0.0,,Russell Reynolds Associates,Executive Search and Assessment Consultant,Executive Search and Assessment Consultant,2011,2016,0.0,,McKinsey & Company,McKinsey & Company,Junior Engagement Manager; Associate,2007,2010,1.0,McKinsey,"Fuji Xerox Co., Ltd",Senior International Marketing Officer,Senior International Marketing Officer,1998,2005,0.0,,,,,,,,,,,,,,,,,,,,,,,,,,,,,,,,,,,,,,,,,,,,,,,,,,,,,,,,,,,,,,,,,,,,,,,,,,,,,,,,,,,,,,,,,,,,,,,,,,,,,,,,,,,,,,,,,,,,,,,,,,,,,,,,,,,,,,,,,,,,,,,,,,,,,,,,,,,,,,,,,,,,,,,,,,,,,,,,,,,,,,,
person-0604,San Francisco,"Strategy and Operations, Professional Problem Solver",Circleback,,,,,,,,,,,,,The University of Chicago,,,1,BCG,The Boston Consulting Group (BCG),BCG,Associate,Jan 2017,Nov 2018,"Statement Arts, Inc.",Volunteer,Self Employed,Independent S&O Consultant,Independent S&O Consultant,Dec 2024,Present,0,,Funding Circle US,"Senior Manager Strategy & Operations, US","Senior Manager Strategy & Operations, US",Jul 2022,Dec 2024,0.0,,Google,Google,Cloud & Workspace Customer Insights and Strategy; YouTube Marketing Research & Insights; Marketing Strategy & Operations Associate,Nov 2018,Apr 2022,0.0,,"Statement Arts, Inc.","Statement Arts, Inc.",Junior Board Member; Volunteer,Sep 2016,Nov 2018,0.0,,The Boston Consulting Group (BCG),Associate,Associate,Jan 2017,Nov 2018,1.0,BCG,New York City Mission Society,Research Intern,Research Intern,Aug 2015,Sep 2015,0.0,,Destra Capital,Legal Intern,Legal Intern,Aug 2014,Sep 2014,0.0,,BNY Mellon,Intern,Intern,Jun 2013,Aug 2013,0.0,,,,,,,,,,,,,,,,,,,,,,,,,,,,,,,,,,,,,,,,,,,,,,,,,,,,,,,,,,,,,,,,,,,,,,,,,,,,,,,,,,,,,,,,,,,,,,,,,,,,,,,,,,,,,,,,,,,,,,,,,,,,,,,,,,,,,,,,,,,,,,,,,,,,,,,,,,,,,,,,,,,,,,,,,
person-0605,Cambridge,Sophomore at Harvard University,Harvard University,,,,,,,,,,,,,Harvard University,2028.0,2024.0,1,BCG,Boston Consulting Group (BCG),BCG,BCG Launch,Jan 2025,Feb 2025,RBC,RBC Capital Markets Culture Day,Harvard University,Course Assistant,Course Assistant,Sep 2025,Present,0,,Harvard Consulting on Business and the Environment,Harvard Consulting on Business and the Environment,Associate; Analyst,Feb 2025,Present,0.0,,Harvard Smart Woman Securities,Investment Team,Investment Team,Sep 2025,Present,0.0,,Harvard College China Forum,Harvard College China Forum,Chief Financial Officer; Finance/Outreach Associate,Sep 2024,Present,0.0,,Goldman Sachs,Goldman Sachs,Virtual Insight Series; Possibilities Summits,Jan 2025,Present,0.0,,Boston Consulting Group (BCG),Bridge to Consulting,Bridge to Consulting,Jun 2025,Jul 2025,1.0,BCG,Nickel Capital Partners,Private Equity Analyst,Private Equity Analyst,Apr 2025,Jun 2025,0.0,,"M+A Squared, LLC",Investment Banking Analyst,Investment Banking Analyst,Mar 2025,May 2025,0.0,,RBC,RBC Capital Markets Culture Day,RBC Capital Markets Culture Day,Apr 2025,Apr 2025,0.0,,Boston Consulting Group (BCG),BCG Launch,BCG Launch,Jan 2025,Feb 2025,1.0,BCG,,,,,,,,,,,,,,,,,,,,,,,,,,,,,,,,,,,,,,,,,,,,,,,,,,,,,,,,,,,,,,,,,,,,,,,,,,,,,,,,,,,,,,,,,,,,,,,,,,,,,,,,,,,,,,,,,,,,,,,,,,,,,,,,,,,,,,,,,,,,,,,,,,,,,,,,,,
person-0606,Pittsburgh,GenAI | Analytics Manager at PPG | Ex-McKinsey,PPG Industries,,,,,,,,,,,,,Bowling Green State University,2016.0,2015.0,1,McKinsey,McKinsey & Company,McKinsey,McKinsey & Company,Nov 2017,Mar 2020,PPG Industries,Analytics Manager,PPG Industries,Analytics Manager,Analytics Manager,Mar 2020,Present,0,,McKinsey & Company,McKinsey & Company,Senior Digital Analyst; Digital Analyst,Nov 2017,Mar 2020,1.0,McKinsey,EY,Analyst,Analyst,Aug 2016,Nov 2017,0.0,,Mu Sigma Inc.,Decision Scientist,Decision Scientist,Jun 2014,Jun 2015,0.0,,Believe IT,Business Development Intern,Business Development Intern,Apr 2013,Jul 2013,0.0,,,,,,,,,,,,,,,,,,,,,,,,,,,,,,,,,,,,,,,,,,,,,,,,,,,,,,,,,,,,,,,,,,,,,,,,,,,,,,,,,,,,,,,,,,,,,,,,,,,,,,,,,,,,,,,,,,,,,,,,,,,,,,,,,,,,,,,,,,,,,,,,,,,,,,,,,,,,,,,,,,,,,,,,,,,,,,,,,,,,,,,,,,,,,,
person-0607,Los Angeles,"Capital Pojects, Urban Planning, Economic Development",Los Angeles County Department of Economic Opportunity,,,,,,,,,,,,,Pratt Institute,2013.0,2011.0,1,McKinsey,McKinsey & Company,McKinsey,Capital Excellence,Oct 2022,Mar 2025,Los Angeles County Department of Economic Opportunity,"Assistant Director, Capital Development",Los Angeles County Department of Economic Opportunity,"Assistant Director, Capital Development","Assistant Director, Capital Development",Mar 2025,Present,0,,McKinsey & Company,Capital Excellence,Capital Excellence,Oct 2022,Mar 2025,1.0,McKinsey,Rivian,Rivian,"Preconstruction Manager; Design Program Manager, Production",Oct 2020,Sep 2022,0.0,,Hunter Roberts Construction Group,Estimator,Estimator,Sep 2019,Oct 2020,0.0,,New York City Economic Development Corporation,Vice President - Asset Management Design and Construction,Vice President - Asset Management Design and Construction,Mar 2015,Sep 2019,0.0,,Citymart,Strategic Partnerships Project Manager,Strategic Partnerships Project Manager,Jun 2016,Jun 2017,0.0,,New York City Department of Transportation,Project Coordinator,Project Coordinator,Jan 2014,Mar 2015,0.0,,Friends of the High Line,Public Programs and Community Engagement,Public Programs and Community Engagement,Jun 2012,Sep 2013,0.0,,,,,,,,,,,,,,,,,,,,,,,,,,,,,,,,,,,,,,,,,,,,,,,,,,,,,,,,,,,,,,,,,,,,,,,,,,,,,,,,,,,,,,,,,,,,,,,,,,,,,,,,,,,,,,,,,,,,,,,,,,,,,,,,,,,,,,,,,,,,,,,,,,,,,,,,,,,,,,,,,,,,,,,,,
person-0608,New York,Strategy & Operations,Pebl,Columbia Business School,2022.0,2020.0,,,,,,,,,,,2015.0,2011.0,1,McKinsey,McKinsey & Company,McKinsey,Associate,Aug 2022,May 2024,Pebl,Strategy & Operations Manager,Pebl,Strategy & Operations Manager,Strategy & Operations Manager,Jul 2025,Present,0,,McKinsey & Company,Associate,Associate,Aug 2022,May 2024,1.0,McKinsey,McKinsey & Company,Summer Associate,Summer Associate,Jun 2021,Sep 2021,1.0,McKinsey,Balsam Brands,Balsam Brands,Growth Strategist; Strategy Analyst,Nov 2017,Jul 2020,0.0,,Kirkland & Ellis LLP,Project Assistant- Litigation,Project Assistant- Litigation,2015,Oct 2017,0.0,,University of Chicago- Ratner Athletic Center,Athletic Facility Staff,Athletic Facility Staff,Sep 2011,Jun 2015,0.0,,Priority Sports & Entertainment,Summer Intern,Summer Intern,Aug 2012,Oct 2012,0.0,,Paddle or Pedal Boat Rental,Manager,Manager,Aug 2010,Sep 2011,0.0,,,,,,,,,,,,,,,,,,,,,,,,,,,,,,,,,,,,,,,,,,,,,,,,,,,,,,,,,,,,,,,,,,,,,,,,,,,,,,,,,,,,,,,,,,,,,,,,,,,,,,,,,,,,,,,,,,,,,,,,,,,,,,,,,,,,,,,,,,,,,,,,,,,,,,,,,,,,,,,,,,,,,,,,,
person-0609,Barrington,Practice Vice President at Gartner,Gartner,DePaul University - Charles H. Kellstadt Graduate School of Business,2011.0,2009.0,,,,,,,,,,,2005.0,2001.0,1,McKinsey,McKinsey & Company,McKinsey,Digital Expert - Retail and Consumer Goods,Aug 2013,Mar 2017,Gartner,Managing Vice President - Retail and CPG,Gartner,Gartner,Practice Vice President - Gartner for Marketers; Managing Vice President - Gartner for Marketers; Managing Vice President - Retail and CPG,Mar 2017,Present,0,,McKinsey & Company,Digital Expert - Retail and Consumer Goods,Digital Expert - Retail and Consumer Goods,Aug 2013,Mar 2017,1.0,McKinsey,Sears Holdings Corporation,Sears Holdings Corporation,"Divisional Merchandise Manager - eCommerce, Softlines; Senior Merchandise Manager - eCommerce, Softlines",Nov 2010,Aug 2013,0.0,,Walgreens,Walgreens,Manager - Merchandising Strategy and Development; Sr. Analyst -Merchandise Strategy & Development,Jan 2007,Nov 2010,0.0,,Target,Analyst - Merchandise Planning and Sourcing,Analyst - Merchandise Planning and Sourcing,Sep 2005,Jan 2007,0.0,,,,,,,,,,,,,,,,,,,,,,,,,,,,,,,,,,,,,,,,,,,,,,,,,,,,,,,,,,,,,,,,,,,,,,,,,,,,,,,,,,,,,,,,,,,,,,,,,,,,,,,,,,,,,,,,,,,,,,,,,,,,,,,,,,,,,,,,,,,,,,,,,,,,,,,,,,,,,,,,,,,,,,,,,,,,,,,,,,,,,,,,,,,,,,
person-0610,St Paul,Information Technology Specialist at Barnes &Thornburg,OSFNA,,,,,,,,,,,,,"Minnesota State University, Mankato",2018.0,2014.0,1,BCG,Boston Consulting Group (BCG),BCG,Information Technology Specialist,Jun 2022,Oct 2022,Scoular,System Administrator,OSFNA,President,President,Aug 2025,Present,0,,Barnes & Thornburg LLP,IT Specialist,IT Specialist,May 2024,Present,0.0,,Scoular,Scoular,IT System Administrator; System Administrator,Oct 2022,May 2024,0.0,,Boston Consulting Group (BCG),Information Technology Specialist,Information Technology Specialist,Jun 2022,Oct 2022,1.0,BCG,Oromia 11,IT Support/Show host,IT Support/Show host,Jan 2021,May 2022,0.0,,Zinpro Corporation,Support Specialist,Support Specialist,Mar 2019,Dec 2020,0.0,,"Minnesota State University, Mankato","Minnesota State University, Mankato",IT Consultant; IT Consultant,Sep 2015,Dec 2018,0.0,,Boston Scientific,Deskside Support Technician,Deskside Support Technician,Jun 2018,Aug 2018,0.0,,Deluxe Corporation,IT Support Specialist,IT Support Specialist,Aug 2013,Aug 2014,0.0,,SPNN (Saint Paul Neighborhood Network),Youth Intern,Youth Intern,Jun 2013,Aug 2013,0.0,,,,,,,,,,,,,,,,,,,,,,,,,,,,,,,,,,,,,,,,,,,,,,,,,,,,,,,,,,,,,,,,,,,,,,,,,,,,,,,,,,,,,,,,,,,,,,,,,,,,,,,,,,,,,,,,,,,,,,,,,,,,,,,,,,,,,,,,,,,,,,,,,,,,,,,,,,,
person-0611,Ann Arbor,Project Manager at Deepfield,Deepfield,University of Michigan - Stephen M. Ross School of Business,2017.0,2015.0,,,,,,,,,,,2015.0,2011.0,1,BCG,The Boston Consulting Group (BCG),BCG,Associate,Jul 2017,Mar 2018,MI-GSO | PCUBED,Auto OEM Program Management Analyst,Deepfield,Project Manager,Project Manager,Apr 2020,Present,0,,MI-GSO | PCUBED,MI-GSO | PCUBED,Auto OEM Business Manager; Auto OEM Program Management Analyst,Mar 2018,Mar 2020,0.0,,The Boston Consulting Group (BCG),Associate,Associate,Jul 2017,Mar 2018,1.0,BCG,University of Michigan,University of Michigan,Graduate Student Instructor; Office Assistant; Engineering Learning Center Tutor,Sep 2014,Apr 2017,0.0,,The Boston Consulting Group (BCG),Summer Associate,Summer Associate,Jun 2016,Aug 2016,1.0,BCG,Pantanal Partnership,Pantanal Partnership,Project Manager; Lead Engineer,Oct 2012,Sep 2015,0.0,,Regional Energy Agency Kvarner Ltd.,Energy Intern,Energy Intern,Jul 2014,Aug 2014,0.0,,Michigan League Catering,Catering Manager,Catering Manager,Sep 2011,Feb 2014,0.0,,Naval Research Laboratory,Engineering Intern,Engineering Intern,Jun 2012,Aug 2012,0.0,,,,,,,,,,,,,,,,,,,,,,,,,,,,,,,,,,,,,,,,,,,,,,,,,,,,,,,,,,,,,,,,,,,,,,,,,,,,,,,,,,,,,,,,,,,,,,,,,,,,,,,,,,,,,,,,,,,,,,,,,,,,,,,,,,,,,,,,,,,,,,,,,,,,,,,,,,,,,,,,,,
person-0612,,Associate,Perfect Offer Corp,,,,,,,,,,,,,University of Sydney,2022.0,2020.0,1,McKinsey,McKinsey & Company,McKinsey,Assistant Consultant,Jun 2018,Aug 2019,Goldman Sachs,Assistant Analyst,Perfect Offer Corp,Partner,Partner,Dec 2024,Present,0,,Goldman Sachs,Goldman Sachs,Associate; Assistant Analyst,Jan 2023,Nov 2024,0.0,,University,Juris Doctor - Student,Juris Doctor - Student,Feb 2020,Oct 2022,0.0,,McKinsey & Company,Assistant Consultant,Assistant Consultant,Jun 2018,Aug 2019,1.0,McKinsey,Iowa State University,Iowa State University,Dean list; Academic Tutor; IFYE leader,Aug 2015,Feb 2018,0.0,,Deloitte Consulting,Operations Intern,Operations Intern,Jun 2017,Jul 2017,0.0,,Iowa State University,Vice President – Chinese Student and Scholars Association,Vice President – Chinese Student and Scholars Association,Aug 2015,Jan 2017,0.0,,,,,,,,,,,,,,,,,,,,,,,,,,,,,,,,,,,,,,,,,,,,,,,,,,,,,,,,,,,,,,,,,,,,,,,,,,,,,,,,,,,,,,,,,,,,,,,,,,,,,,,,,,,,,,,,,,,,,,,,,,,,,,,,,,,,,,,,,,,,,,,,,,,,,,,,,,,,,,,,,,,,,,,,,,,,,,,,
person-0613,San Francisco,"Strategy, Operations, & Chief of Staff at Merus",Merus N.V.,INSEAD,,,,,,,,,,,,Dartmouth College,,,1,Bain,Bain & Company,Bain,Consultant,2017,2019,Quadrant Healthcare Consulting,Senior Consultant,Merus N.V.,Merus N.V.,Executive Director Strategic Operations & Chief of Staff; Executive Director Portfolio Strategy & Chief of Staff; Senior Director Portfolio Strategy & Chief of Staff; Senior Director Portfolio Strategy,Sep 2021,Present,0,,Quadrant Healthcare Consulting,Quadrant Healthcare Consulting,Engagement Manager; Senior Consultant,2019,Sep 2021,0.0,,Bain & Company,Consultant,Consultant,2017,2019,1.0,Bain,L.E.K. Consulting,L.E.K. Consulting,Senior Associate Consultant; Associate Consultant; Associate,2012,2016,0.0,,"Edgeworth Economics, L.L.C.",Summer Consulting Intern,Summer Consulting Intern,Jun 2011,Sep 2011,0.0,,Alliance Consulting Group,Research Associate Intern,Research Associate Intern,Mar 2011,Jun 2011,0.0,,Dartmouth Hitchcock Medical Center,Research Assistant,Research Assistant,Apr 2009,Mar 2011,0.0,,,,,,,,,,,,,,,,,,,,,,,,,,,,,,,,,,,,,,,,,,,,,,,,,,,,,,,,,,,,,,,,,,,,,,,,,,,,,,,,,,,,,,,,,,,,,,,,,,,,,,,,,,,,,,,,,,,,,,,,,,,,,,,,,,,,,,,,,,,,,,,,,,,,,,,,,,,,,,,,,,,,,,,,,,,,,,,,
person-0614,,CRM/CDP/DMP MarTech Solutions,ChiefClouds驰骛科技,,,,,,,,,,,,,University of Arizona,2000.0,1998.0,1,BCG,The Boston Consulting Group,BCG,IT Manager,Apr 1996,Aug 1998,SCIENT CORPORATION,Senior Associate Developer,ChiefClouds驰骛科技,VP of Customer Solutions,VP of Customer Solutions,Jul 2019,Oct 2021,0,,LiveRamp,Director of Product Management,Director of Product Management,Sep 2018,Mar 2019,0.0,,Acxiom,Acxiom,"Director of Product & Engineering; Director of Delivery, Global Client Solutions; Sr.Manager, Technology Solution; Sr.Project Manager",Sep 2006,Aug 2018,0.0,,ERUDITE INTERNET SYSTEMS,Chief Technology Officer,Chief Technology Officer,Feb 2001,Jun 2006,0.0,,SCIENT CORPORATION,Senior Associate Developer,Senior Associate Developer,May 2000,Dec 2001,0.0,,The Boston Consulting Group,IT Manager,IT Manager,Apr 1996,Aug 1998,1.0,BCG,Lenovo,Assistant Manager,Assistant Manager,Jul 1991,Mar 1996,0.0,,,,,,,,,,,,,,,,,,,,,,,,,,,,,,,,,,,,,,,,,,,,,,,,,,,,,,,,,,,,,,,,,,,,,,,,,,,,,,,,,,,,,,,,,,,,,,,,,,,,,,,,,,,,,,,,,,,,,,,,,,,,,,,,,,,,,,,,,,,,,,,,,,,,,,,,,,,,,,,,,,,,,,,,,,,,,,,,
person-0615,New York,Trading Systems Analyst at 677 Financial Group,677 Financial Group,,,,,,,,,,,,,Northeastern University,2023.0,2019.0,1,Bain,Bain & Company,Bain,Automation Developer,Jan 2023,May 2023,677 Financial Group,Trading Systems Analyst,677 Financial Group,Trading Systems Analyst,Trading Systems Analyst,Nov 2023,Present,0,,Bain & Company,Automation Developer,Automation Developer,Jan 2023,May 2023,1.0,Bain,Bain & Company,Automation Developer Intern,Automation Developer Intern,Jan 2022,Aug 2022,1.0,Bain,CASE at Northeastern University,CASE at Northeastern University,Engagement Lead; Senior Analyst,Sep 2020,Dec 2021,0.0,,"Converge Consulting, LLC",Business Analyst,Business Analyst,Jan 2021,Jul 2021,0.0,,Cushman & Wakefield,Appraisal Intern,Appraisal Intern,May 2019,Aug 2019,0.0,,trap't Escape Room Adventures,Game Master,Game Master,Feb 2017,Aug 2019,0.0,,,,,,,,,,,,,,,,,,,,,,,,,,,,,,,,,,,,,,,,,,,,,,,,,,,,,,,,,,,,,,,,,,,,,,,,,,,,,,,,,,,,,,,,,,,,,,,,,,,,,,,,,,,,,,,,,,,,,,,,,,,,,,,,,,,,,,,,,,,,,,,,,,,,,,,,,,,,,,,,,,,,,,,,,,,,,,,,
person-0616,Jacksonville,Hospitality & Amenities Lead,Fidelity Investments,,,,,,,,,,,,,Georgia Southern University,,,1,BCG,Boston Consulting Group (BCG),BCG,Boston Consulting Group (BCG),Mar 2000,Jun 2022,CBRE Global Workplace Solutions (GWS),Experience Coordinator,Fidelity Investments,Fidelity Investments,Hospitality & Amenities Lead; Corporate Hospitality Analyst,Jul 2023,Present,0,,CBRE Global Workplace Solutions (GWS),Experience Coordinator,Experience Coordinator,Jun 2022,Jul 2023,0.0,,Boston Consulting Group (BCG),Boston Consulting Group (BCG),Senior Specialist; Front Office Manager; Front Office Specialist,Mar 2000,Jun 2022,1.0,BCG,,,,,,,,,,,,,,,,,,,,,,,,,,,,,,,,,,,,,,,,,,,,,,,,,,,,,,,,,,,,,,,,,,,,,,,,,,,,,,,,,,,,,,,,,,,,,,,,,,,,,,,,,,,,,,,,,,,,,,,,,,,,,,,,,,,,,,,,,,,,,,,,,,,,,,,,,,,,,,,,,,,,,,,,,,,,,,,,,,,,,,,,,,,,,,,,,,,,,,,,,,,
person-0617,Seattle,Product Manager Tech - EV Charging | ex-Bain | MBA & MS Nuclear Engineering @ MIT,Amazon,,,,,,,,,,,,,MIT School of Engineering,2023.0,2021.0,1,Bain,Bain & Company,Bain,Bain & Company,Mar 2018,Mar 2021,Massachusetts Institute of Technology,Graduate Research Assistant,Amazon,Sr. Product Manager Tech - Last Mile EV Charging,Sr. Product Manager Tech - Last Mile EV Charging,Sep 2025,Present,0,,Caterpillar Inc.,Caterpillar Inc.,Product Manager - Energy Management System and Microgrid Site Controls; Energy Transition Strategy Manager,Jul 2023,Aug 2025,0.0,,Massachusetts Institute of Technology,Graduate Research Assistant,Graduate Research Assistant,Feb 2022,Jun 2023,0.0,,Caterpillar Inc.,New Product Introduction | Graduate Fellow,New Product Introduction | Graduate Fellow,Jun 2022,Dec 2022,0.0,,Bain & Company,Bain & Company,Senior Associate Consultant; Associate Consultant,Mar 2018,Mar 2021,1.0,Bain,Sistema Biobolsa / Sistema.bio,"Externship, Field Operations & Finance Consultant","Externship, Field Operations & Finance Consultant",Aug 2020,Dec 2020,0.0,,"Baker Hughes, a GE company",Commercial Operations Intern,Commercial Operations Intern,Oct 2016,Dec 2017,0.0,,,,,,,,,,,,,,,,,,,,,,,,,,,,,,,,,,,,,,,,,,,,,,,,,,,,,,,,,,,,,,,,,,,,,,,,,,,,,,,,,,,,,,,,,,,,,,,,,,,,,,,,,,,,,,,,,,,,,,,,,,,,,,,,,,,,,,,,,,,,,,,,,,,,,,,,,,,,,,,,,,,,,,,,,,,,,,,,
person-0618,New York,Growth & Partnerships @ Pagaya | Ex-BCG,Pagaya,,,,,,,,,,,,,University of Michigan,2021.0,2017.0,1,BCG,Boston Consulting Group (BCG),BCG,Boston Consulting Group (BCG),Mar 2022,Jun 2025,Pagaya,Lead - Growth & Partner Operations,Pagaya,Lead - Growth & Partner Operations,Lead - Growth & Partner Operations,Jun 2025,Present,0,,Boston Consulting Group (BCG),Boston Consulting Group (BCG),Consultant; Associate,Mar 2022,Jun 2025,1.0,BCG,Kearney,Summer Associate,Summer Associate,May 2020,Aug 2020,0.0,,Anzu Partners,Summer Investment Analyst,Summer Investment Analyst,Jun 2019,Aug 2019,0.0,,ENACT Systems Inc.,Summer Analyst,Summer Analyst,May 2019,May 2019,0.0,,,,,,,,,,,,,,,,,,,,,,,,,,,,,,,,,,,,,,,,,,,,,,,,,,,,,,,,,,,,,,,,,,,,,,,,,,,,,,,,,,,,,,,,,,,,,,,,,,,,,,,,,,,,,,,,,,,,,,,,,,,,,,,,,,,,,,,,,,,,,,,,,,,,,,,,,,,,,,,,,,,,,,,,,,,,,,,,,,,,,,,,,,,,,,
person-0619,Houston,Industrial Process Automation | Digital Transformation Strategist | Ex-McKinsey,Honeywell,,,,,,,,,,,,,The University of Texas at Austin,2021.0,2019.0,1,McKinsey,McKinsey & Company,McKinsey,McKinsey & Company,Jul 2021,Mar 2024,Honeywell,Business Consulting Lead - Americas,Honeywell,Business Consulting Lead - Americas,Business Consulting Lead - Americas,Jul 2024,Present,0,,McKinsey & Company,McKinsey & Company,Junior Engagement Manager - Service Operations & Product Development; Associate - Service Operations & Product Development,Jul 2021,Mar 2024,1.0,McKinsey,Bristol Myers Squibb,Product Quality Control Analyst,Product Quality Control Analyst,Jun 2020,Dec 2020,0.0,,Flowtex Energy,Production Engineer,Production Engineer,Jun 2019,Aug 2019,0.0,,Jon Brumley Texas Venture Labs,Associate Product Manager,Associate Product Manager,Jan 2019,May 2019,0.0,,Nigerian Breweries Plc,Production Process Manager,Production Process Manager,Jun 2011,Jul 2014,0.0,,Chevron,Process Safety Engineer,Process Safety Engineer,Apr 2009,Sep 2009,0.0,,,,,,,,,,,,,,,,,,,,,,,,,,,,,,,,,,,,,,,,,,,,,,,,,,,,,,,,,,,,,,,,,,,,,,,,,,,,,,,,,,,,,,,,,,,,,,,,,,,,,,,,,,,,,,,,,,,,,,,,,,,,,,,,,,,,,,,,,,,,,,,,,,,,,,,,,,,,,,,,,,,,,,,,,,,,,,,,
person-0620,,"Information Security Officer (ISO) & Manager, Project Management Office at Mount Auburn Hospital",Mount Auburn Hospital,,,,,,,,,,,,,University of Wisconsin-Milwaukee,,,1,McKinsey,McKinsey & Company,McKinsey,Independent IT Consultant,Oct 2015,Nov 2015,Mount Auburn Hospital,"Manager, Project Management Office",Mount Auburn Hospital,"Manager, Project Management Office","Manager, Project Management Office",Aug 2016,Present,0,,McKinsey & Company,Independent IT Consultant,Independent IT Consultant,Oct 2015,Nov 2015,1.0,McKinsey,Commonwealth of Massachusetts,Commonwealth of Massachusetts,"Director of Operations, Associate CIO, Executive Office of Education (EOE); Director, Project Management Office, EOLWD Information Technology; Project Director, EOLWD Information Technology",Dec 2009,Jun 2015,0.0,,Putnam Investments,"Application Manager, AVP","Application Manager, AVP",Jan 2000,Feb 2009,0.0,,Lotus Development,Lotus Development,Senior IT Manager; Program Manager,1993,1998,0.0,,Digital Equipment Corporation,Sr. Software Engineer to Project Manager,Sr. Software Engineer to Project Manager,1983,1993,0.0,,,,,,,,,,,,,,,,,,,,,,,,,,,,,,,,,,,,,,,,,,,,,,,,,,,,,,,,,,,,,,,,,,,,,,,,,,,,,,,,,,,,,,,,,,,,,,,,,,,,,,,,,,,,,,,,,,,,,,,,,,,,,,,,,,,,,,,,,,,,,,,,,,,,,,,,,,,,,,,,,,,,,,,,,,,,,,,,,,,,,,,
person-0621,,"Professor focusing on tech, law, and business, currently visiting at the Wharton School of Business, University of Pennsylvania, on leave at BU, an affiliated fellow at Yale, and a faculty associate at Harvard",The Wharton School,,,,,,,,,,,,,Yale Law School,2016.0,2013.0,1,McKinsey,McKinsey & Company,McKinsey,Engagement Manager,2007,2010,Consumer Financial Protection Bureau,Senior Advisor for Bank Supervision,The Wharton School,Visiting Professor,Visiting Professor,Jul 2025,Present,0,,Boston University School of Law,Boston University School of Law,Professor; Associate Professor,Jul 2016,Present,0.0,,Yale Law School,Resident Fellow,Resident Fellow,Dec 2013,May 2016,0.0,,Harvard Law School,Lecturer,Lecturer,2011,2013,0.0,,Harvard Negotiation and Mediation Clinical Program,Assistant Director,Assistant Director,2011,2013,0.0,,Consumer Financial Protection Bureau,Senior Advisor for Bank Supervision,Senior Advisor for Bank Supervision,2011,2011,0.0,,McKinsey & Company,Engagement Manager,Engagement Manager,2007,2010,1.0,McKinsey,,,,,,,,,,,,,,,,,,,,,,,,,,,,,,,,,,,,,,,,,,,,,,,,,,,,,,,,,,,,,,,,,,,,,,,,,,,,,,,,,,,,,,,,,,,,,,,,,,,,,,,,,,,,,,,,,,,,,,,,,,,,,,,,,,,,,,,,,,,,,,,,,,,,,,,,,,,,,,,,,,,,,,,,,,,,,,,
